Number of sequences in alignment file:	5230
Neff:	62.3350977696187
Alignment sequence length:	770
|Train : Update 0. Negative ELBO : 4618549.500, BCE: 2798.435, KLD_latent: 224.982, KLD_decoder_params_norm: 4615526.000, Time: 1.84 |
|Train : Update 1000. Negative ELBO : 4564933.000, BCE: 725.124, KLD_latent: 42.817, KLD_decoder_params_norm: 4564165.000, Time: 101.37 |
|Train : Update 2000. Negative ELBO : 4513509.500, BCE: 649.325, KLD_latent: 41.459, KLD_decoder_params_norm: 4512818.500, Time: 194.35 |
|Train : Update 3000. Negative ELBO : 4462136.500, BCE: 628.042, KLD_latent: 39.259, KLD_decoder_params_norm: 4461469.000, Time: 284.83 |
|Train : Update 4000. Negative ELBO : 4410776.500, BCE: 615.139, KLD_latent: 40.351, KLD_decoder_params_norm: 4410121.000, Time: 380.46 |
|Train : Update 5000. Negative ELBO : 4359413.500, BCE: 601.186, KLD_latent: 40.064, KLD_decoder_params_norm: 4358772.500, Time: 475.09 |
|Train : Update 6000. Negative ELBO : 4308055.500, BCE: 590.055, KLD_latent: 39.484, KLD_decoder_params_norm: 4307426.000, Time: 565.85 |
|Train : Update 7000. Negative ELBO : 4256692.500, BCE: 576.839, KLD_latent: 36.695, KLD_decoder_params_norm: 4256079.000, Time: 658.29 |
|Train : Update 8000. Negative ELBO : 4205361.000, BCE: 589.627, KLD_latent: 38.516, KLD_decoder_params_norm: 4204733.000, Time: 753.91 |
|Train : Update 9000. Negative ELBO : 4154009.750, BCE: 584.188, KLD_latent: 37.349, KLD_decoder_params_norm: 4153388.250, Time: 846.69 |
|Train : Update 10000. Negative ELBO : 4102658.500, BCE: 573.992, KLD_latent: 37.151, KLD_decoder_params_norm: 4102047.250, Time: 937.16 |
|Train : Update 11000. Negative ELBO : 4051312.500, BCE: 574.480, KLD_latent: 34.865, KLD_decoder_params_norm: 4050703.250, Time: 1031.57 |
|Train : Update 12000. Negative ELBO : 3999961.250, BCE: 565.309, KLD_latent: 36.143, KLD_decoder_params_norm: 3999359.750, Time: 1126.46 |
|Train : Update 13000. Negative ELBO : 3948626.250, BCE: 573.030, KLD_latent: 36.072, KLD_decoder_params_norm: 3948017.250, Time: 1216.63 |
|Train : Update 14000. Negative ELBO : 3897286.500, BCE: 568.294, KLD_latent: 37.904, KLD_decoder_params_norm: 3896680.250, Time: 1308.73 |
|Train : Update 15000. Negative ELBO : 3845940.250, BCE: 564.886, KLD_latent: 35.870, KLD_decoder_params_norm: 3845339.500, Time: 1404.64 |
|Train : Update 16000. Negative ELBO : 3794608.500, BCE: 571.643, KLD_latent: 36.742, KLD_decoder_params_norm: 3794000.000, Time: 1495.18 |
|Train : Update 17000. Negative ELBO : 3743265.000, BCE: 565.000, KLD_latent: 35.111, KLD_decoder_params_norm: 3742665.000, Time: 1585.34 |
|Train : Update 18000. Negative ELBO : 3691932.750, BCE: 566.211, KLD_latent: 34.203, KLD_decoder_params_norm: 3691332.250, Time: 1680.04 |
|Train : Update 19000. Negative ELBO : 3640597.250, BCE: 565.968, KLD_latent: 35.300, KLD_decoder_params_norm: 3639996.000, Time: 1772.90 |
|Train : Update 20000. Negative ELBO : 3589265.250, BCE: 566.037, KLD_latent: 33.205, KLD_decoder_params_norm: 3588666.000, Time: 1863.03 |
|Train : Update 21000. Negative ELBO : 3537948.000, BCE: 566.481, KLD_latent: 37.101, KLD_decoder_params_norm: 3537344.500, Time: 1956.87 |
|Train : Update 22000. Negative ELBO : 3486623.750, BCE: 565.143, KLD_latent: 34.183, KLD_decoder_params_norm: 3486024.250, Time: 2052.60 |
|Train : Update 23000. Negative ELBO : 3435304.250, BCE: 565.934, KLD_latent: 31.967, KLD_decoder_params_norm: 3434706.250, Time: 2141.25 |
|Train : Update 24000. Negative ELBO : 3383993.250, BCE: 567.355, KLD_latent: 33.432, KLD_decoder_params_norm: 3383392.500, Time: 2232.07 |
|Train : Update 25000. Negative ELBO : 3332686.250, BCE: 569.112, KLD_latent: 34.756, KLD_decoder_params_norm: 3332082.500, Time: 2326.95 |
|Train : Update 26000. Negative ELBO : 3281381.250, BCE: 571.882, KLD_latent: 33.662, KLD_decoder_params_norm: 3280775.500, Time: 2418.77 |
|Train : Update 27000. Negative ELBO : 3230069.000, BCE: 563.830, KLD_latent: 34.150, KLD_decoder_params_norm: 3229471.000, Time: 2508.60 |
|Train : Update 28000. Negative ELBO : 3178773.250, BCE: 568.961, KLD_latent: 31.840, KLD_decoder_params_norm: 3178172.500, Time: 2603.21 |
|Train : Update 29000. Negative ELBO : 3127477.500, BCE: 568.669, KLD_latent: 31.408, KLD_decoder_params_norm: 3126877.250, Time: 2698.18 |
|Train : Update 30000. Negative ELBO : 3076189.250, BCE: 568.575, KLD_latent: 31.956, KLD_decoder_params_norm: 3075588.750, Time: 2787.48 |
|Train : Update 31000. Negative ELBO : 3024907.750, BCE: 568.275, KLD_latent: 36.365, KLD_decoder_params_norm: 3024303.250, Time: 2879.74 |
|Train : Update 32000. Negative ELBO : 2973628.750, BCE: 570.053, KLD_latent: 31.967, KLD_decoder_params_norm: 2973026.750, Time: 2975.22 |
|Train : Update 33000. Negative ELBO : 2922364.500, BCE: 577.278, KLD_latent: 31.765, KLD_decoder_params_norm: 2921755.500, Time: 3067.76 |
|Train : Update 34000. Negative ELBO : 2871107.000, BCE: 583.023, KLD_latent: 31.735, KLD_decoder_params_norm: 2870492.250, Time: 3157.30 |
|Train : Update 35000. Negative ELBO : 2819846.000, BCE: 574.780, KLD_latent: 33.172, KLD_decoder_params_norm: 2819238.000, Time: 3251.38 |
|Train : Update 36000. Negative ELBO : 2768608.500, BCE: 583.733, KLD_latent: 31.991, KLD_decoder_params_norm: 2767992.750, Time: 3345.69 |
|Train : Update 37000. Negative ELBO : 2717376.250, BCE: 587.114, KLD_latent: 32.879, KLD_decoder_params_norm: 2716756.250, Time: 3434.53 |
|Train : Update 38000. Negative ELBO : 2666150.250, BCE: 585.787, KLD_latent: 32.604, KLD_decoder_params_norm: 2665532.000, Time: 3526.38 |
|Train : Update 39000. Negative ELBO : 2614932.750, BCE: 579.915, KLD_latent: 33.067, KLD_decoder_params_norm: 2614319.750, Time: 3620.79 |
|Train : Update 40000. Negative ELBO : 2563737.250, BCE: 583.089, KLD_latent: 33.006, KLD_decoder_params_norm: 2563121.250, Time: 3711.92 |
|Train : Update 41000. Negative ELBO : 2512559.500, BCE: 588.966, KLD_latent: 33.381, KLD_decoder_params_norm: 2511937.000, Time: 3804.01 |
|Train : Update 42000. Negative ELBO : 2461400.250, BCE: 596.750, KLD_latent: 33.597, KLD_decoder_params_norm: 2460770.000, Time: 3899.87 |
|Train : Update 43000. Negative ELBO : 2410262.750, BCE: 608.385, KLD_latent: 33.217, KLD_decoder_params_norm: 2409621.000, Time: 3992.58 |
|Train : Update 44000. Negative ELBO : 2359131.500, BCE: 605.209, KLD_latent: 34.363, KLD_decoder_params_norm: 2358492.000, Time: 4083.06 |
|Train : Update 45000. Negative ELBO : 2308023.750, BCE: 605.082, KLD_latent: 33.968, KLD_decoder_params_norm: 2307384.750, Time: 4177.02 |
|Train : Update 46000. Negative ELBO : 2256946.500, BCE: 610.615, KLD_latent: 33.796, KLD_decoder_params_norm: 2256302.250, Time: 4272.27 |
|Train : Update 47000. Negative ELBO : 2205890.500, BCE: 610.297, KLD_latent: 34.373, KLD_decoder_params_norm: 2205246.000, Time: 4361.29 |
|Train : Update 48000. Negative ELBO : 2154868.000, BCE: 612.654, KLD_latent: 35.533, KLD_decoder_params_norm: 2154219.750, Time: 4452.34 |
|Train : Update 49000. Negative ELBO : 2103869.750, BCE: 609.649, KLD_latent: 33.947, KLD_decoder_params_norm: 2103226.000, Time: 4548.39 |
|Train : Update 50000. Negative ELBO : 2052928.875, BCE: 622.397, KLD_latent: 37.472, KLD_decoder_params_norm: 2052269.000, Time: 4640.76 |
|Train : Update 51000. Negative ELBO : 2002022.875, BCE: 634.096, KLD_latent: 36.083, KLD_decoder_params_norm: 2001352.625, Time: 4730.96 |
|Train : Update 52000. Negative ELBO : 1951149.000, BCE: 629.048, KLD_latent: 38.224, KLD_decoder_params_norm: 1950481.750, Time: 4825.42 |
|Train : Update 53000. Negative ELBO : 1900327.500, BCE: 624.862, KLD_latent: 40.172, KLD_decoder_params_norm: 1899662.500, Time: 4925.37 |
|Train : Update 54000. Negative ELBO : 1849579.000, BCE: 635.067, KLD_latent: 39.955, KLD_decoder_params_norm: 1848903.875, Time: 5016.99 |
|Train : Update 55000. Negative ELBO : 1798912.750, BCE: 648.409, KLD_latent: 40.878, KLD_decoder_params_norm: 1798223.500, Time: 5109.23 |
|Train : Update 56000. Negative ELBO : 1748341.500, BCE: 650.912, KLD_latent: 40.169, KLD_decoder_params_norm: 1747650.500, Time: 5204.08 |
|Train : Update 57000. Negative ELBO : 1697900.750, BCE: 684.802, KLD_latent: 41.616, KLD_decoder_params_norm: 1697174.375, Time: 5296.55 |
|Train : Update 58000. Negative ELBO : 1647477.500, BCE: 651.041, KLD_latent: 40.714, KLD_decoder_params_norm: 1646785.750, Time: 5386.65 |
|Train : Update 59000. Negative ELBO : 1597194.250, BCE: 666.388, KLD_latent: 42.190, KLD_decoder_params_norm: 1596485.625, Time: 5480.69 |
|Train : Update 60000. Negative ELBO : 1547003.625, BCE: 680.980, KLD_latent: 46.678, KLD_decoder_params_norm: 1546276.000, Time: 5575.49 |
|Train : Update 61000. Negative ELBO : 1496851.125, BCE: 697.178, KLD_latent: 45.947, KLD_decoder_params_norm: 1496108.000, Time: 5664.70 |
|Train : Update 62000. Negative ELBO : 1446804.000, BCE: 699.169, KLD_latent: 48.356, KLD_decoder_params_norm: 1446056.500, Time: 5756.51 |
|Train : Update 63000. Negative ELBO : 1396898.500, BCE: 705.317, KLD_latent: 49.670, KLD_decoder_params_norm: 1396143.500, Time: 5851.67 |
|Train : Update 64000. Negative ELBO : 1347160.625, BCE: 721.057, KLD_latent: 48.830, KLD_decoder_params_norm: 1346390.750, Time: 5944.84 |
|Train : Update 65000. Negative ELBO : 1297563.125, BCE: 715.337, KLD_latent: 51.443, KLD_decoder_params_norm: 1296796.250, Time: 6034.36 |
|Train : Update 66000. Negative ELBO : 1248144.875, BCE: 723.685, KLD_latent: 53.137, KLD_decoder_params_norm: 1247368.125, Time: 6128.33 |
|Train : Update 67000. Negative ELBO : 1198950.125, BCE: 771.984, KLD_latent: 55.523, KLD_decoder_params_norm: 1198122.625, Time: 6222.49 |
|Train : Update 68000. Negative ELBO : 1149876.750, BCE: 743.466, KLD_latent: 55.479, KLD_decoder_params_norm: 1149077.750, Time: 6311.95 |
|Train : Update 69000. Negative ELBO : 1101070.125, BCE: 753.624, KLD_latent: 60.078, KLD_decoder_params_norm: 1100256.375, Time: 6404.44 |
|Train : Update 70000. Negative ELBO : 1052512.000, BCE: 758.521, KLD_latent: 61.628, KLD_decoder_params_norm: 1051691.875, Time: 6499.54 |
|Train : Update 71000. Negative ELBO : 1004274.438, BCE: 786.310, KLD_latent: 63.059, KLD_decoder_params_norm: 1003425.062, Time: 6591.73 |
|Train : Update 72000. Negative ELBO : 956327.500, BCE: 801.815, KLD_latent: 63.640, KLD_decoder_params_norm: 955462.062, Time: 6682.01 |
|Train : Update 73000. Negative ELBO : 908687.750, BCE: 791.699, KLD_latent: 67.994, KLD_decoder_params_norm: 907828.062, Time: 6775.51 |
|Train : Update 74000. Negative ELBO : 861472.938, BCE: 836.192, KLD_latent: 69.176, KLD_decoder_params_norm: 860567.562, Time: 6870.71 |
|Train : Update 75000. Negative ELBO : 814680.938, BCE: 875.543, KLD_latent: 71.125, KLD_decoder_params_norm: 813734.250, Time: 6960.26 |
|Train : Update 76000. Negative ELBO : 768287.375, BCE: 869.151, KLD_latent: 72.554, KLD_decoder_params_norm: 767345.688, Time: 7051.08 |
|Train : Update 77000. Negative ELBO : 722394.062, BCE: 858.512, KLD_latent: 75.210, KLD_decoder_params_norm: 721460.375, Time: 7146.34 |
|Train : Update 78000. Negative ELBO : 677120.125, BCE: 908.822, KLD_latent: 79.549, KLD_decoder_params_norm: 676131.750, Time: 7239.26 |
|Train : Update 79000. Negative ELBO : 632411.500, BCE: 924.458, KLD_latent: 78.867, KLD_decoder_params_norm: 631408.188, Time: 7328.38 |
|Train : Update 80000. Negative ELBO : 588377.062, BCE: 936.475, KLD_latent: 81.779, KLD_decoder_params_norm: 587358.812, Time: 7420.41 |
|Train : Update 81000. Negative ELBO : 545104.250, BCE: 970.332, KLD_latent: 84.832, KLD_decoder_params_norm: 544049.125, Time: 7515.21 |
|Train : Update 82000. Negative ELBO : 502617.719, BCE: 976.840, KLD_latent: 87.940, KLD_decoder_params_norm: 501552.938, Time: 7605.28 |
|Train : Update 83000. Negative ELBO : 461049.406, BCE: 1009.339, KLD_latent: 87.294, KLD_decoder_params_norm: 459952.781, Time: 7696.55 |
|Train : Update 84000. Negative ELBO : 420450.188, BCE: 1022.532, KLD_latent: 90.630, KLD_decoder_params_norm: 419337.031, Time: 7793.00 |
|Train : Update 85000. Negative ELBO : 380943.344, BCE: 1049.008, KLD_latent: 91.436, KLD_decoder_params_norm: 379802.906, Time: 7886.20 |
|Train : Update 86000. Negative ELBO : 342620.781, BCE: 1071.196, KLD_latent: 93.115, KLD_decoder_params_norm: 341456.469, Time: 7977.34 |
|Train : Update 87000. Negative ELBO : 305596.219, BCE: 1089.104, KLD_latent: 93.862, KLD_decoder_params_norm: 304413.250, Time: 8072.13 |
|Train : Update 88000. Negative ELBO : 270019.719, BCE: 1127.320, KLD_latent: 96.031, KLD_decoder_params_norm: 268796.375, Time: 8168.34 |
|Train : Update 89000. Negative ELBO : 235989.156, BCE: 1148.836, KLD_latent: 99.061, KLD_decoder_params_norm: 234741.250, Time: 8259.30 |
|Train : Update 90000. Negative ELBO : 203670.797, BCE: 1181.857, KLD_latent: 99.280, KLD_decoder_params_norm: 202389.656, Time: 8351.28 |
|Train : Update 91000. Negative ELBO : 173223.953, BCE: 1228.359, KLD_latent: 100.780, KLD_decoder_params_norm: 171894.812, Time: 8446.59 |
|Train : Update 92000. Negative ELBO : 144793.016, BCE: 1276.212, KLD_latent: 98.520, KLD_decoder_params_norm: 143418.281, Time: 8539.92 |
|Train : Update 93000. Negative ELBO : 118560.508, BCE: 1330.811, KLD_latent: 98.943, KLD_decoder_params_norm: 117130.750, Time: 8629.65 |
|Train : Update 94000. Negative ELBO : 94663.211, BCE: 1354.407, KLD_latent: 96.775, KLD_decoder_params_norm: 93212.031, Time: 8722.95 |
|Train : Update 95000. Negative ELBO : 73301.398, BCE: 1361.667, KLD_latent: 97.133, KLD_decoder_params_norm: 71842.602, Time: 8818.45 |
|Train : Update 96000. Negative ELBO : 54683.828, BCE: 1393.641, KLD_latent: 97.207, KLD_decoder_params_norm: 53192.980, Time: 8908.63 |
|Train : Update 97000. Negative ELBO : 38919.410, BCE: 1409.062, KLD_latent: 94.954, KLD_decoder_params_norm: 37415.395, Time: 8999.22 |
|Train : Update 98000. Negative ELBO : 26175.854, BCE: 1454.170, KLD_latent: 93.263, KLD_decoder_params_norm: 24628.422, Time: 9093.60 |
|Train : Update 99000. Negative ELBO : 16464.770, BCE: 1489.812, KLD_latent: 92.050, KLD_decoder_params_norm: 14882.908, Time: 9188.24 |
|Train : Update 100000. Negative ELBO : 9665.287, BCE: 1470.503, KLD_latent: 90.744, KLD_decoder_params_norm: 8104.040, Time: 9278.65 |
|Train : Update 101000. Negative ELBO : 5603.087, BCE: 1498.901, KLD_latent: 85.855, KLD_decoder_params_norm: 4018.331, Time: 9371.33 |
|Train : Update 102000. Negative ELBO : 3674.780, BCE: 1528.675, KLD_latent: 85.788, KLD_decoder_params_norm: 2060.317, Time: 9466.37 |
|Train : Update 103000. Negative ELBO : 2988.206, BCE: 1523.998, KLD_latent: 84.207, KLD_decoder_params_norm: 1380.001, Time: 9559.38 |
|Train : Update 104000. Negative ELBO : 2781.898, BCE: 1530.734, KLD_latent: 80.918, KLD_decoder_params_norm: 1170.247, Time: 9649.27 |
|Train : Update 105000. Negative ELBO : 2660.934, BCE: 1521.724, KLD_latent: 79.245, KLD_decoder_params_norm: 1059.965, Time: 9742.40 |
|Train : Update 106000. Negative ELBO : 2576.532, BCE: 1516.839, KLD_latent: 78.833, KLD_decoder_params_norm: 980.861, Time: 9838.08 |
|Train : Update 107000. Negative ELBO : 2553.879, BCE: 1555.169, KLD_latent: 78.918, KLD_decoder_params_norm: 919.792, Time: 9929.65 |
|Train : Update 108000. Negative ELBO : 2473.165, BCE: 1523.646, KLD_latent: 77.696, KLD_decoder_params_norm: 871.822, Time: 10020.41 |
|Train : Update 109000. Negative ELBO : 2452.138, BCE: 1544.393, KLD_latent: 74.785, KLD_decoder_params_norm: 832.960, Time: 10114.93 |
|Train : Update 110000. Negative ELBO : 2392.221, BCE: 1519.660, KLD_latent: 71.299, KLD_decoder_params_norm: 801.262, Time: 10208.55 |
|Train : Update 111000. Negative ELBO : 2431.105, BCE: 1584.657, KLD_latent: 70.894, KLD_decoder_params_norm: 775.554, Time: 10298.16 |
|Train : Update 112000. Negative ELBO : 2348.328, BCE: 1522.906, KLD_latent: 71.240, KLD_decoder_params_norm: 754.181, Time: 10390.87 |
|Train : Update 113000. Negative ELBO : 2322.625, BCE: 1518.028, KLD_latent: 68.394, KLD_decoder_params_norm: 736.204, Time: 10487.34 |
|Train : Update 114000. Negative ELBO : 2329.067, BCE: 1538.790, KLD_latent: 68.657, KLD_decoder_params_norm: 721.619, Time: 10579.90 |
|Train : Update 115000. Negative ELBO : 2317.823, BCE: 1542.380, KLD_latent: 66.595, KLD_decoder_params_norm: 708.848, Time: 10670.45 |
|Train : Update 116000. Negative ELBO : 2306.259, BCE: 1541.727, KLD_latent: 66.893, KLD_decoder_params_norm: 697.639, Time: 10763.56 |
|Train : Update 117000. Negative ELBO : 2286.015, BCE: 1532.495, KLD_latent: 65.879, KLD_decoder_params_norm: 687.641, Time: 10859.08 |
|Train : Update 118000. Negative ELBO : 2277.744, BCE: 1535.296, KLD_latent: 63.246, KLD_decoder_params_norm: 679.201, Time: 10950.11 |
|Train : Update 119000. Negative ELBO : 2268.456, BCE: 1535.950, KLD_latent: 61.094, KLD_decoder_params_norm: 671.411, Time: 11041.17 |
|Train : Update 120000. Negative ELBO : 2238.554, BCE: 1511.549, KLD_latent: 62.509, KLD_decoder_params_norm: 664.496, Time: 11135.74 |
|Train : Update 121000. Negative ELBO : 2261.662, BCE: 1542.384, KLD_latent: 61.424, KLD_decoder_params_norm: 657.854, Time: 11230.73 |
|Train : Update 122000. Negative ELBO : 2210.131, BCE: 1498.307, KLD_latent: 60.304, KLD_decoder_params_norm: 651.519, Time: 11323.39 |
|Train : Update 123000. Negative ELBO : 2227.580, BCE: 1520.391, KLD_latent: 61.170, KLD_decoder_params_norm: 646.019, Time: 11416.87 |
|Train : Update 124000. Negative ELBO : 2243.126, BCE: 1543.081, KLD_latent: 59.357, KLD_decoder_params_norm: 640.689, Time: 11513.11 |
|Train : Update 125000. Negative ELBO : 2245.526, BCE: 1549.608, KLD_latent: 60.560, KLD_decoder_params_norm: 635.358, Time: 11604.14 |
|Train : Update 126000. Negative ELBO : 2230.017, BCE: 1540.507, KLD_latent: 58.830, KLD_decoder_params_norm: 630.680, Time: 11694.29 |
|Train : Update 127000. Negative ELBO : 2224.165, BCE: 1540.464, KLD_latent: 58.027, KLD_decoder_params_norm: 625.674, Time: 11789.60 |
|Train : Update 128000. Negative ELBO : 2214.449, BCE: 1535.295, KLD_latent: 57.934, KLD_decoder_params_norm: 621.221, Time: 11885.92 |
|Train : Update 129000. Negative ELBO : 2220.390, BCE: 1543.664, KLD_latent: 59.591, KLD_decoder_params_norm: 617.136, Time: 11977.17 |
|Train : Update 130000. Negative ELBO : 2182.474, BCE: 1512.017, KLD_latent: 57.565, KLD_decoder_params_norm: 612.892, Time: 12068.81 |
|Train : Update 131000. Negative ELBO : 2196.002, BCE: 1532.324, KLD_latent: 54.670, KLD_decoder_params_norm: 609.008, Time: 12163.48 |
|Train : Update 132000. Negative ELBO : 2172.871, BCE: 1513.224, KLD_latent: 54.460, KLD_decoder_params_norm: 605.187, Time: 12257.54 |
|Train : Update 133000. Negative ELBO : 2184.073, BCE: 1528.089, KLD_latent: 54.888, KLD_decoder_params_norm: 601.098, Time: 12347.61 |
|Train : Update 134000. Negative ELBO : 2182.571, BCE: 1528.280, KLD_latent: 56.731, KLD_decoder_params_norm: 597.560, Time: 12440.24 |
|Train : Update 135000. Negative ELBO : 2183.956, BCE: 1537.625, KLD_latent: 52.371, KLD_decoder_params_norm: 593.959, Time: 12535.81 |
|Train : Update 136000. Negative ELBO : 2164.923, BCE: 1520.856, KLD_latent: 53.667, KLD_decoder_params_norm: 590.400, Time: 12629.46 |
|Train : Update 137000. Negative ELBO : 2160.499, BCE: 1519.568, KLD_latent: 53.762, KLD_decoder_params_norm: 587.170, Time: 12722.31 |
|Train : Update 138000. Negative ELBO : 2171.512, BCE: 1533.328, KLD_latent: 54.379, KLD_decoder_params_norm: 583.805, Time: 12819.06 |
|Train : Update 139000. Negative ELBO : 2143.495, BCE: 1510.405, KLD_latent: 52.580, KLD_decoder_params_norm: 580.509, Time: 12916.43 |
|Train : Update 140000. Negative ELBO : 2156.341, BCE: 1526.813, KLD_latent: 52.551, KLD_decoder_params_norm: 576.977, Time: 13007.70 |
|Train : Update 141000. Negative ELBO : 2147.924, BCE: 1522.812, KLD_latent: 51.095, KLD_decoder_params_norm: 574.017, Time: 13102.57 |
|Train : Update 142000. Negative ELBO : 2150.141, BCE: 1526.239, KLD_latent: 53.157, KLD_decoder_params_norm: 570.746, Time: 13200.63 |
|Train : Update 143000. Negative ELBO : 2169.911, BCE: 1548.064, KLD_latent: 53.641, KLD_decoder_params_norm: 568.206, Time: 13296.10 |
|Train : Update 144000. Negative ELBO : 2177.258, BCE: 1558.476, KLD_latent: 53.570, KLD_decoder_params_norm: 565.212, Time: 13389.16 |
|Train : Update 145000. Negative ELBO : 2144.236, BCE: 1531.186, KLD_latent: 51.104, KLD_decoder_params_norm: 561.946, Time: 13485.38 |
|Train : Update 146000. Negative ELBO : 2164.651, BCE: 1553.518, KLD_latent: 51.734, KLD_decoder_params_norm: 559.399, Time: 13584.73 |
|Train : Update 147000. Negative ELBO : 2143.943, BCE: 1535.902, KLD_latent: 51.620, KLD_decoder_params_norm: 556.421, Time: 13677.83 |
|Train : Update 148000. Negative ELBO : 2123.497, BCE: 1520.323, KLD_latent: 49.416, KLD_decoder_params_norm: 553.758, Time: 13771.26 |
|Train : Update 149000. Negative ELBO : 2127.336, BCE: 1523.956, KLD_latent: 52.420, KLD_decoder_params_norm: 550.960, Time: 13867.86 |
|Train : Update 150000. Negative ELBO : 2123.379, BCE: 1524.993, KLD_latent: 49.635, KLD_decoder_params_norm: 548.752, Time: 13964.74 |
|Train : Update 151000. Negative ELBO : 2123.039, BCE: 1527.258, KLD_latent: 49.776, KLD_decoder_params_norm: 546.006, Time: 14057.94 |
|Train : Update 152000. Negative ELBO : 2129.395, BCE: 1535.716, KLD_latent: 49.988, KLD_decoder_params_norm: 543.690, Time: 14154.17 |
|Train : Update 153000. Negative ELBO : 2106.086, BCE: 1515.959, KLD_latent: 49.041, KLD_decoder_params_norm: 541.085, Time: 14251.32 |
|Train : Update 154000. Negative ELBO : 2130.723, BCE: 1541.600, KLD_latent: 50.555, KLD_decoder_params_norm: 538.569, Time: 14345.05 |
|Train : Update 155000. Negative ELBO : 2112.210, BCE: 1526.248, KLD_latent: 49.504, KLD_decoder_params_norm: 536.458, Time: 14438.20 |
|Train : Update 156000. Negative ELBO : 2106.146, BCE: 1522.084, KLD_latent: 50.033, KLD_decoder_params_norm: 534.029, Time: 14535.21 |
|Train : Update 157000. Negative ELBO : 2122.183, BCE: 1540.748, KLD_latent: 49.537, KLD_decoder_params_norm: 531.897, Time: 14632.39 |
|Train : Update 158000. Negative ELBO : 2098.610, BCE: 1522.227, KLD_latent: 46.603, KLD_decoder_params_norm: 529.780, Time: 14725.10 |
|Train : Update 159000. Negative ELBO : 2113.280, BCE: 1533.576, KLD_latent: 52.233, KLD_decoder_params_norm: 527.470, Time: 14820.34 |
|Train : Update 160000. Negative ELBO : 2113.036, BCE: 1537.968, KLD_latent: 50.168, KLD_decoder_params_norm: 524.899, Time: 14919.56 |
|Train : Update 161000. Negative ELBO : 2084.243, BCE: 1513.875, KLD_latent: 47.318, KLD_decoder_params_norm: 523.050, Time: 15014.28 |
|Train : Update 162000. Negative ELBO : 2084.122, BCE: 1513.370, KLD_latent: 49.884, KLD_decoder_params_norm: 520.869, Time: 15106.78 |
|Train : Update 163000. Negative ELBO : 2093.607, BCE: 1524.787, KLD_latent: 49.940, KLD_decoder_params_norm: 518.880, Time: 15200.85 |
|Train : Update 164000. Negative ELBO : 2061.330, BCE: 1494.944, KLD_latent: 49.376, KLD_decoder_params_norm: 517.009, Time: 15295.61 |
|Train : Update 165000. Negative ELBO : 2109.705, BCE: 1545.032, KLD_latent: 49.741, KLD_decoder_params_norm: 514.932, Time: 15387.30 |
|Train : Update 166000. Negative ELBO : 2078.031, BCE: 1516.572, KLD_latent: 47.985, KLD_decoder_params_norm: 513.473, Time: 15478.38 |
|Train : Update 167000. Negative ELBO : 2098.054, BCE: 1534.634, KLD_latent: 51.843, KLD_decoder_params_norm: 511.577, Time: 15572.85 |
|Train : Update 168000. Negative ELBO : 2096.091, BCE: 1535.988, KLD_latent: 50.314, KLD_decoder_params_norm: 509.789, Time: 15668.34 |
|Train : Update 169000. Negative ELBO : 2097.769, BCE: 1539.601, KLD_latent: 50.124, KLD_decoder_params_norm: 508.043, Time: 15758.38 |
|Train : Update 170000. Negative ELBO : 2094.194, BCE: 1538.650, KLD_latent: 48.929, KLD_decoder_params_norm: 506.615, Time: 15849.57 |
|Train : Update 171000. Negative ELBO : 2083.713, BCE: 1529.902, KLD_latent: 49.264, KLD_decoder_params_norm: 504.548, Time: 15945.14 |
|Train : Update 172000. Negative ELBO : 2070.253, BCE: 1517.693, KLD_latent: 49.468, KLD_decoder_params_norm: 503.091, Time: 16037.43 |
|Train : Update 173000. Negative ELBO : 2091.173, BCE: 1543.727, KLD_latent: 46.125, KLD_decoder_params_norm: 501.321, Time: 16127.06 |
|Train : Update 174000. Negative ELBO : 2056.246, BCE: 1509.934, KLD_latent: 46.326, KLD_decoder_params_norm: 499.986, Time: 16219.86 |
|Train : Update 175000. Negative ELBO : 2062.399, BCE: 1516.831, KLD_latent: 47.307, KLD_decoder_params_norm: 498.261, Time: 16314.77 |
|Train : Update 176000. Negative ELBO : 2066.464, BCE: 1521.635, KLD_latent: 48.125, KLD_decoder_params_norm: 496.704, Time: 16407.00 |
|Train : Update 177000. Negative ELBO : 2090.516, BCE: 1548.231, KLD_latent: 46.721, KLD_decoder_params_norm: 495.564, Time: 16497.43 |
|Train : Update 178000. Negative ELBO : 2078.546, BCE: 1536.427, KLD_latent: 48.328, KLD_decoder_params_norm: 493.791, Time: 16590.19 |
|Train : Update 179000. Negative ELBO : 2054.038, BCE: 1513.221, KLD_latent: 48.361, KLD_decoder_params_norm: 492.455, Time: 16685.01 |
|Train : Update 180000. Negative ELBO : 2065.643, BCE: 1527.831, KLD_latent: 46.677, KLD_decoder_params_norm: 491.136, Time: 16779.16 |
|Train : Update 181000. Negative ELBO : 2061.432, BCE: 1523.760, KLD_latent: 48.184, KLD_decoder_params_norm: 489.487, Time: 16869.39 |
|Train : Update 182000. Negative ELBO : 2050.724, BCE: 1513.912, KLD_latent: 48.379, KLD_decoder_params_norm: 488.434, Time: 16962.69 |
|Train : Update 183000. Negative ELBO : 2069.232, BCE: 1536.525, KLD_latent: 45.316, KLD_decoder_params_norm: 487.392, Time: 17057.28 |
|Train : Update 184000. Negative ELBO : 2058.260, BCE: 1525.307, KLD_latent: 47.067, KLD_decoder_params_norm: 485.886, Time: 17147.67 |
|Train : Update 185000. Negative ELBO : 2064.156, BCE: 1530.772, KLD_latent: 48.535, KLD_decoder_params_norm: 484.849, Time: 17237.28 |
|Train : Update 186000. Negative ELBO : 2061.064, BCE: 1530.860, KLD_latent: 46.730, KLD_decoder_params_norm: 483.474, Time: 17331.17 |
|Train : Update 187000. Negative ELBO : 2070.949, BCE: 1541.804, KLD_latent: 47.247, KLD_decoder_params_norm: 481.898, Time: 17426.70 |
|Train : Update 188000. Negative ELBO : 2036.734, BCE: 1508.718, KLD_latent: 46.768, KLD_decoder_params_norm: 481.247, Time: 17518.12 |
|Train : Update 189000. Negative ELBO : 2052.073, BCE: 1524.800, KLD_latent: 47.198, KLD_decoder_params_norm: 480.075, Time: 17609.25 |
|Train : Update 190000. Negative ELBO : 2044.033, BCE: 1517.845, KLD_latent: 47.253, KLD_decoder_params_norm: 478.935, Time: 17705.39 |
|Train : Update 191000. Negative ELBO : 2035.424, BCE: 1511.117, KLD_latent: 46.288, KLD_decoder_params_norm: 478.019, Time: 17802.67 |
|Train : Update 192000. Negative ELBO : 2072.521, BCE: 1548.830, KLD_latent: 46.760, KLD_decoder_params_norm: 476.931, Time: 17894.57 |
|Train : Update 193000. Negative ELBO : 2029.347, BCE: 1506.431, KLD_latent: 46.916, KLD_decoder_params_norm: 476.001, Time: 17987.41 |
|Train : Update 194000. Negative ELBO : 2043.750, BCE: 1521.223, KLD_latent: 47.790, KLD_decoder_params_norm: 474.737, Time: 18084.00 |
|Train : Update 195000. Negative ELBO : 2053.393, BCE: 1531.475, KLD_latent: 47.892, KLD_decoder_params_norm: 474.025, Time: 18178.55 |
|Train : Update 196000. Negative ELBO : 2055.371, BCE: 1535.037, KLD_latent: 47.358, KLD_decoder_params_norm: 472.975, Time: 18269.21 |
|Train : Update 197000. Negative ELBO : 2040.693, BCE: 1520.802, KLD_latent: 47.632, KLD_decoder_params_norm: 472.258, Time: 18362.52 |
|Train : Update 198000. Negative ELBO : 2041.143, BCE: 1524.548, KLD_latent: 45.399, KLD_decoder_params_norm: 471.196, Time: 18459.85 |
|Train : Update 199000. Negative ELBO : 2058.875, BCE: 1541.618, KLD_latent: 46.893, KLD_decoder_params_norm: 470.364, Time: 18554.27 |
|Train : Update 200000. Negative ELBO : 2027.801, BCE: 1511.257, KLD_latent: 47.237, KLD_decoder_params_norm: 469.307, Time: 18643.81 |
|Train : Update 201000. Negative ELBO : 2056.171, BCE: 1540.529, KLD_latent: 46.988, KLD_decoder_params_norm: 468.654, Time: 18736.40 |
|Train : Update 202000. Negative ELBO : 2038.273, BCE: 1525.690, KLD_latent: 45.043, KLD_decoder_params_norm: 467.540, Time: 18831.92 |
|Train : Update 203000. Negative ELBO : 2051.813, BCE: 1536.232, KLD_latent: 49.015, KLD_decoder_params_norm: 466.567, Time: 18924.02 |
|Train : Update 204000. Negative ELBO : 2061.448, BCE: 1548.666, KLD_latent: 46.558, KLD_decoder_params_norm: 466.224, Time: 19013.90 |
|Train : Update 205000. Negative ELBO : 2031.359, BCE: 1519.475, KLD_latent: 46.552, KLD_decoder_params_norm: 465.332, Time: 19107.51 |
|Train : Update 206000. Negative ELBO : 2029.267, BCE: 1518.395, KLD_latent: 46.302, KLD_decoder_params_norm: 464.571, Time: 19202.62 |
|Train : Update 207000. Negative ELBO : 2030.907, BCE: 1519.879, KLD_latent: 47.216, KLD_decoder_params_norm: 463.813, Time: 19294.22 |
|Train : Update 208000. Negative ELBO : 2038.451, BCE: 1528.572, KLD_latent: 46.962, KLD_decoder_params_norm: 462.918, Time: 19384.66 |
|Train : Update 209000. Negative ELBO : 2053.620, BCE: 1543.727, KLD_latent: 47.522, KLD_decoder_params_norm: 462.371, Time: 19478.67 |
|Train : Update 210000. Negative ELBO : 2040.083, BCE: 1532.318, KLD_latent: 46.084, KLD_decoder_params_norm: 461.682, Time: 19572.73 |
|Train : Update 211000. Negative ELBO : 2011.958, BCE: 1503.520, KLD_latent: 47.555, KLD_decoder_params_norm: 460.883, Time: 19662.56 |
|Train : Update 212000. Negative ELBO : 2038.891, BCE: 1532.291, KLD_latent: 46.251, KLD_decoder_params_norm: 460.349, Time: 19753.22 |
|Train : Update 213000. Negative ELBO : 2023.150, BCE: 1518.255, KLD_latent: 45.398, KLD_decoder_params_norm: 459.496, Time: 19846.97 |
|Train : Update 214000. Negative ELBO : 2024.629, BCE: 1519.634, KLD_latent: 46.378, KLD_decoder_params_norm: 458.617, Time: 19941.31 |
|Train : Update 215000. Negative ELBO : 1999.966, BCE: 1496.194, KLD_latent: 45.565, KLD_decoder_params_norm: 458.207, Time: 20032.06 |
|Train : Update 216000. Negative ELBO : 2059.400, BCE: 1554.544, KLD_latent: 47.107, KLD_decoder_params_norm: 457.748, Time: 20122.60 |
|Train : Update 217000. Negative ELBO : 2011.809, BCE: 1508.076, KLD_latent: 46.439, KLD_decoder_params_norm: 457.293, Time: 20215.95 |
|Train : Update 218000. Negative ELBO : 2015.952, BCE: 1515.371, KLD_latent: 44.132, KLD_decoder_params_norm: 456.449, Time: 20310.21 |
|Train : Update 219000. Negative ELBO : 2026.001, BCE: 1524.406, KLD_latent: 45.835, KLD_decoder_params_norm: 455.760, Time: 20400.19 |
|Train : Update 220000. Negative ELBO : 2033.549, BCE: 1533.105, KLD_latent: 45.413, KLD_decoder_params_norm: 455.031, Time: 20490.55 |
|Train : Update 221000. Negative ELBO : 2027.736, BCE: 1527.987, KLD_latent: 44.860, KLD_decoder_params_norm: 454.889, Time: 20584.63 |
|Train : Update 222000. Negative ELBO : 2032.896, BCE: 1532.346, KLD_latent: 46.456, KLD_decoder_params_norm: 454.094, Time: 20679.81 |
|Train : Update 223000. Negative ELBO : 2012.601, BCE: 1513.913, KLD_latent: 44.873, KLD_decoder_params_norm: 453.815, Time: 20770.01 |
|Train : Update 224000. Negative ELBO : 2010.093, BCE: 1511.499, KLD_latent: 45.283, KLD_decoder_params_norm: 453.311, Time: 20860.84 |
|Train : Update 225000. Negative ELBO : 2007.745, BCE: 1511.217, KLD_latent: 44.349, KLD_decoder_params_norm: 452.180, Time: 20955.98 |
|Train : Update 226000. Negative ELBO : 2011.467, BCE: 1515.156, KLD_latent: 44.411, KLD_decoder_params_norm: 451.899, Time: 21050.89 |
|Train : Update 227000. Negative ELBO : 2027.147, BCE: 1530.346, KLD_latent: 45.375, KLD_decoder_params_norm: 451.426, Time: 21142.00 |
|Train : Update 228000. Negative ELBO : 2018.905, BCE: 1522.954, KLD_latent: 45.090, KLD_decoder_params_norm: 450.862, Time: 21233.05 |
|Train : Update 229000. Negative ELBO : 2012.843, BCE: 1518.468, KLD_latent: 44.041, KLD_decoder_params_norm: 450.334, Time: 21326.76 |
|Train : Update 230000. Negative ELBO : 2041.188, BCE: 1546.226, KLD_latent: 44.865, KLD_decoder_params_norm: 450.098, Time: 21421.73 |
|Train : Update 231000. Negative ELBO : 2021.075, BCE: 1525.936, KLD_latent: 45.520, KLD_decoder_params_norm: 449.619, Time: 21512.42 |
|Train : Update 232000. Negative ELBO : 2022.481, BCE: 1528.061, KLD_latent: 45.694, KLD_decoder_params_norm: 448.725, Time: 21603.35 |
|Train : Update 233000. Negative ELBO : 1996.633, BCE: 1503.861, KLD_latent: 44.449, KLD_decoder_params_norm: 448.323, Time: 21696.45 |
|Train : Update 234000. Negative ELBO : 2004.142, BCE: 1510.051, KLD_latent: 45.987, KLD_decoder_params_norm: 448.103, Time: 21791.73 |
|Train : Update 235000. Negative ELBO : 2007.354, BCE: 1515.225, KLD_latent: 44.592, KLD_decoder_params_norm: 447.537, Time: 21883.25 |
|Train : Update 236000. Negative ELBO : 2004.096, BCE: 1511.814, KLD_latent: 45.010, KLD_decoder_params_norm: 447.272, Time: 21974.61 |
|Train : Update 237000. Negative ELBO : 2010.975, BCE: 1519.198, KLD_latent: 45.114, KLD_decoder_params_norm: 446.662, Time: 22068.35 |
|Train : Update 238000. Negative ELBO : 2052.411, BCE: 1561.201, KLD_latent: 44.906, KLD_decoder_params_norm: 446.303, Time: 22164.65 |
|Train : Update 239000. Negative ELBO : 1993.107, BCE: 1502.571, KLD_latent: 44.589, KLD_decoder_params_norm: 445.946, Time: 22257.08 |
|Train : Update 240000. Negative ELBO : 1996.001, BCE: 1506.312, KLD_latent: 44.323, KLD_decoder_params_norm: 445.366, Time: 22348.82 |
|Train : Update 241000. Negative ELBO : 2021.655, BCE: 1532.248, KLD_latent: 44.284, KLD_decoder_params_norm: 445.124, Time: 22442.69 |
|Train : Update 242000. Negative ELBO : 2021.867, BCE: 1532.496, KLD_latent: 45.068, KLD_decoder_params_norm: 444.303, Time: 22538.02 |
|Train : Update 243000. Negative ELBO : 2003.536, BCE: 1514.975, KLD_latent: 44.410, KLD_decoder_params_norm: 444.151, Time: 22628.99 |
|Train : Update 244000. Negative ELBO : 2024.882, BCE: 1536.026, KLD_latent: 45.074, KLD_decoder_params_norm: 443.783, Time: 22719.48 |
|Train : Update 245000. Negative ELBO : 2013.292, BCE: 1525.400, KLD_latent: 44.503, KLD_decoder_params_norm: 443.389, Time: 22812.50 |
|Train : Update 246000. Negative ELBO : 1984.206, BCE: 1496.766, KLD_latent: 44.197, KLD_decoder_params_norm: 443.243, Time: 22907.68 |
|Train : Update 247000. Negative ELBO : 2020.968, BCE: 1533.925, KLD_latent: 44.484, KLD_decoder_params_norm: 442.559, Time: 22999.46 |
|Train : Update 248000. Negative ELBO : 2007.449, BCE: 1519.809, KLD_latent: 45.352, KLD_decoder_params_norm: 442.288, Time: 23089.19 |
|Train : Update 249000. Negative ELBO : 1995.027, BCE: 1507.255, KLD_latent: 45.631, KLD_decoder_params_norm: 442.141, Time: 23183.32 |
|Train : Update 250000. Negative ELBO : 1991.766, BCE: 1506.748, KLD_latent: 43.531, KLD_decoder_params_norm: 441.488, Time: 23278.67 |
|Train : Update 251000. Negative ELBO : 2004.120, BCE: 1519.208, KLD_latent: 43.635, KLD_decoder_params_norm: 441.276, Time: 23371.00 |
|Train : Update 252000. Negative ELBO : 2009.773, BCE: 1525.167, KLD_latent: 43.814, KLD_decoder_params_norm: 440.793, Time: 23461.41 |
|Train : Update 253000. Negative ELBO : 2044.977, BCE: 1557.370, KLD_latent: 46.731, KLD_decoder_params_norm: 440.876, Time: 23553.86 |
|Train : Update 254000. Negative ELBO : 2024.642, BCE: 1539.419, KLD_latent: 45.162, KLD_decoder_params_norm: 440.061, Time: 23648.88 |
|Train : Update 255000. Negative ELBO : 2004.105, BCE: 1520.849, KLD_latent: 43.446, KLD_decoder_params_norm: 439.811, Time: 23741.55 |
|Train : Update 256000. Negative ELBO : 1985.927, BCE: 1501.601, KLD_latent: 44.640, KLD_decoder_params_norm: 439.685, Time: 23831.63 |
|Train : Update 257000. Negative ELBO : 2030.775, BCE: 1545.178, KLD_latent: 46.469, KLD_decoder_params_norm: 439.128, Time: 23923.92 |
|Train : Update 258000. Negative ELBO : 2026.490, BCE: 1543.664, KLD_latent: 44.009, KLD_decoder_params_norm: 438.817, Time: 24018.89 |
|Train : Update 259000. Negative ELBO : 2002.291, BCE: 1521.122, KLD_latent: 43.028, KLD_decoder_params_norm: 438.140, Time: 24111.41 |
|Train : Update 260000. Negative ELBO : 2026.330, BCE: 1543.150, KLD_latent: 44.937, KLD_decoder_params_norm: 438.243, Time: 24201.64 |
|Train : Update 261000. Negative ELBO : 2015.496, BCE: 1533.959, KLD_latent: 43.563, KLD_decoder_params_norm: 437.974, Time: 24293.87 |
|Train : Update 262000. Negative ELBO : 1999.595, BCE: 1517.796, KLD_latent: 44.297, KLD_decoder_params_norm: 437.503, Time: 24389.33 |
|Train : Update 263000. Negative ELBO : 2019.169, BCE: 1537.677, KLD_latent: 44.157, KLD_decoder_params_norm: 437.335, Time: 24483.23 |
|Train : Update 264000. Negative ELBO : 2024.281, BCE: 1542.780, KLD_latent: 44.609, KLD_decoder_params_norm: 436.892, Time: 24573.33 |
|Train : Update 265000. Negative ELBO : 1982.344, BCE: 1502.648, KLD_latent: 43.094, KLD_decoder_params_norm: 436.601, Time: 24665.12 |
|Train : Update 266000. Negative ELBO : 1993.448, BCE: 1512.878, KLD_latent: 43.963, KLD_decoder_params_norm: 436.607, Time: 24760.29 |
|Train : Update 267000. Negative ELBO : 1986.027, BCE: 1506.590, KLD_latent: 43.419, KLD_decoder_params_norm: 436.018, Time: 24854.85 |
|Train : Update 268000. Negative ELBO : 1998.515, BCE: 1519.789, KLD_latent: 42.894, KLD_decoder_params_norm: 435.832, Time: 24945.43 |
|Train : Update 269000. Negative ELBO : 1995.352, BCE: 1516.127, KLD_latent: 43.717, KLD_decoder_params_norm: 435.509, Time: 25036.86 |
|Train : Update 270000. Negative ELBO : 2000.254, BCE: 1520.750, KLD_latent: 44.225, KLD_decoder_params_norm: 435.279, Time: 25131.73 |
|Train : Update 271000. Negative ELBO : 1994.579, BCE: 1515.351, KLD_latent: 44.151, KLD_decoder_params_norm: 435.076, Time: 25227.17 |
|Train : Update 272000. Negative ELBO : 1997.734, BCE: 1519.497, KLD_latent: 43.551, KLD_decoder_params_norm: 434.686, Time: 25318.13 |
|Train : Update 273000. Negative ELBO : 1994.845, BCE: 1516.318, KLD_latent: 44.066, KLD_decoder_params_norm: 434.461, Time: 25409.21 |
|Train : Update 274000. Negative ELBO : 1989.933, BCE: 1513.255, KLD_latent: 42.500, KLD_decoder_params_norm: 434.178, Time: 25502.87 |
|Train : Update 275000. Negative ELBO : 1999.079, BCE: 1521.953, KLD_latent: 43.095, KLD_decoder_params_norm: 434.031, Time: 25598.19 |
|Train : Update 276000. Negative ELBO : 2030.008, BCE: 1552.389, KLD_latent: 43.821, KLD_decoder_params_norm: 433.798, Time: 25689.14 |
|Train : Update 277000. Negative ELBO : 1985.598, BCE: 1508.939, KLD_latent: 42.922, KLD_decoder_params_norm: 433.736, Time: 25779.59 |
|Train : Update 278000. Negative ELBO : 1982.855, BCE: 1505.582, KLD_latent: 44.188, KLD_decoder_params_norm: 433.086, Time: 25874.34 |
|Train : Update 279000. Negative ELBO : 2000.182, BCE: 1523.150, KLD_latent: 44.180, KLD_decoder_params_norm: 432.852, Time: 25970.44 |
|Train : Update 280000. Negative ELBO : 2011.805, BCE: 1535.014, KLD_latent: 44.223, KLD_decoder_params_norm: 432.568, Time: 26061.49 |
|Train : Update 281000. Negative ELBO : 1992.752, BCE: 1518.448, KLD_latent: 42.140, KLD_decoder_params_norm: 432.164, Time: 26152.53 |
|Train : Update 282000. Negative ELBO : 2011.789, BCE: 1536.972, KLD_latent: 42.812, KLD_decoder_params_norm: 432.005, Time: 26246.99 |
|Train : Update 283000. Negative ELBO : 1988.079, BCE: 1514.731, KLD_latent: 41.684, KLD_decoder_params_norm: 431.664, Time: 26342.08 |
|Train : Update 284000. Negative ELBO : 2011.377, BCE: 1535.599, KLD_latent: 44.133, KLD_decoder_params_norm: 431.645, Time: 26434.56 |
|Train : Update 285000. Negative ELBO : 2014.927, BCE: 1539.673, KLD_latent: 43.744, KLD_decoder_params_norm: 431.510, Time: 26524.06 |
|Train : Update 286000. Negative ELBO : 2007.277, BCE: 1533.283, KLD_latent: 42.837, KLD_decoder_params_norm: 431.157, Time: 26617.98 |
|Train : Update 287000. Negative ELBO : 2012.310, BCE: 1537.760, KLD_latent: 43.601, KLD_decoder_params_norm: 430.948, Time: 26713.22 |
|Train : Update 288000. Negative ELBO : 1956.240, BCE: 1483.052, KLD_latent: 42.485, KLD_decoder_params_norm: 430.703, Time: 26805.50 |
|Train : Update 289000. Negative ELBO : 1983.482, BCE: 1509.628, KLD_latent: 43.350, KLD_decoder_params_norm: 430.505, Time: 26896.73 |
|Train : Update 290000. Negative ELBO : 2013.688, BCE: 1539.496, KLD_latent: 43.850, KLD_decoder_params_norm: 430.342, Time: 26989.49 |
|Train : Update 291000. Negative ELBO : 1989.526, BCE: 1515.718, KLD_latent: 43.676, KLD_decoder_params_norm: 430.132, Time: 27085.60 |
|Train : Update 292000. Negative ELBO : 1980.620, BCE: 1507.905, KLD_latent: 42.846, KLD_decoder_params_norm: 429.869, Time: 27179.56 |
|Train : Update 293000. Negative ELBO : 1999.713, BCE: 1527.132, KLD_latent: 42.907, KLD_decoder_params_norm: 429.673, Time: 27270.69 |
|Train : Update 294000. Negative ELBO : 1989.346, BCE: 1516.914, KLD_latent: 42.981, KLD_decoder_params_norm: 429.451, Time: 27365.72 |
|Train : Update 295000. Negative ELBO : 2018.272, BCE: 1546.591, KLD_latent: 42.388, KLD_decoder_params_norm: 429.293, Time: 27462.80 |
|Train : Update 296000. Negative ELBO : 1993.453, BCE: 1521.888, KLD_latent: 42.471, KLD_decoder_params_norm: 429.095, Time: 27560.17 |
|Train : Update 297000. Negative ELBO : 2006.250, BCE: 1534.310, KLD_latent: 43.076, KLD_decoder_params_norm: 428.863, Time: 27654.02 |
|Train : Update 298000. Negative ELBO : 1983.049, BCE: 1512.134, KLD_latent: 42.108, KLD_decoder_params_norm: 428.806, Time: 27748.68 |
|Train : Update 299000. Negative ELBO : 1999.130, BCE: 1527.254, KLD_latent: 43.392, KLD_decoder_params_norm: 428.483, Time: 27843.64 |
|Train : Update 300000. Negative ELBO : 1996.195, BCE: 1525.798, KLD_latent: 42.337, KLD_decoder_params_norm: 428.060, Time: 27937.52 |
|Train : Update 301000. Negative ELBO : 1988.288, BCE: 1518.208, KLD_latent: 42.114, KLD_decoder_params_norm: 427.965, Time: 28028.83 |
|Train : Update 302000. Negative ELBO : 1995.341, BCE: 1525.047, KLD_latent: 42.631, KLD_decoder_params_norm: 427.662, Time: 28120.95 |
|Train : Update 303000. Negative ELBO : 2006.485, BCE: 1535.956, KLD_latent: 42.633, KLD_decoder_params_norm: 427.896, Time: 28216.43 |
|Train : Update 304000. Negative ELBO : 2008.126, BCE: 1538.411, KLD_latent: 42.174, KLD_decoder_params_norm: 427.541, Time: 28310.34 |
|Train : Update 305000. Negative ELBO : 2001.454, BCE: 1531.789, KLD_latent: 42.303, KLD_decoder_params_norm: 427.362, Time: 28400.16 |
|Train : Update 306000. Negative ELBO : 2008.847, BCE: 1538.098, KLD_latent: 43.692, KLD_decoder_params_norm: 427.057, Time: 28492.06 |
|Train : Update 307000. Negative ELBO : 1962.980, BCE: 1494.490, KLD_latent: 41.712, KLD_decoder_params_norm: 426.778, Time: 28587.94 |
|Train : Update 308000. Negative ELBO : 2004.877, BCE: 1535.396, KLD_latent: 42.657, KLD_decoder_params_norm: 426.825, Time: 28683.72 |
|Train : Update 309000. Negative ELBO : 2005.611, BCE: 1537.655, KLD_latent: 41.437, KLD_decoder_params_norm: 426.520, Time: 28775.31 |
|Train : Update 310000. Negative ELBO : 2004.759, BCE: 1535.425, KLD_latent: 43.058, KLD_decoder_params_norm: 426.277, Time: 28866.27 |
|Train : Update 311000. Negative ELBO : 1982.512, BCE: 1514.077, KLD_latent: 42.368, KLD_decoder_params_norm: 426.067, Time: 28960.64 |
|Train : Update 312000. Negative ELBO : 1957.841, BCE: 1490.432, KLD_latent: 41.491, KLD_decoder_params_norm: 425.918, Time: 29055.95 |
|Train : Update 313000. Negative ELBO : 2008.753, BCE: 1539.957, KLD_latent: 42.820, KLD_decoder_params_norm: 425.976, Time: 29147.64 |
|Train : Update 314000. Negative ELBO : 2016.489, BCE: 1547.820, KLD_latent: 42.855, KLD_decoder_params_norm: 425.814, Time: 29239.01 |
|Train : Update 315000. Negative ELBO : 1997.863, BCE: 1529.256, KLD_latent: 43.391, KLD_decoder_params_norm: 425.217, Time: 29333.20 |
|Train : Update 316000. Negative ELBO : 1991.298, BCE: 1523.633, KLD_latent: 42.549, KLD_decoder_params_norm: 425.116, Time: 29428.52 |
|Train : Update 317000. Negative ELBO : 2025.127, BCE: 1558.512, KLD_latent: 41.685, KLD_decoder_params_norm: 424.930, Time: 29523.41 |
|Train : Update 318000. Negative ELBO : 2016.923, BCE: 1550.865, KLD_latent: 41.305, KLD_decoder_params_norm: 424.753, Time: 29614.72 |
|Train : Update 319000. Negative ELBO : 1993.917, BCE: 1528.212, KLD_latent: 41.070, KLD_decoder_params_norm: 424.635, Time: 29707.26 |
|Train : Update 320000. Negative ELBO : 1998.064, BCE: 1530.396, KLD_latent: 43.295, KLD_decoder_params_norm: 424.374, Time: 29802.75 |
|Train : Update 321000. Negative ELBO : 1979.307, BCE: 1513.437, KLD_latent: 41.474, KLD_decoder_params_norm: 424.395, Time: 29896.45 |
|Train : Update 322000. Negative ELBO : 1992.536, BCE: 1526.014, KLD_latent: 42.373, KLD_decoder_params_norm: 424.149, Time: 29986.67 |
|Train : Update 323000. Negative ELBO : 1987.071, BCE: 1520.963, KLD_latent: 42.145, KLD_decoder_params_norm: 423.963, Time: 30079.10 |
|Train : Update 324000. Negative ELBO : 1995.686, BCE: 1529.260, KLD_latent: 42.552, KLD_decoder_params_norm: 423.874, Time: 30175.23 |
|Train : Update 325000. Negative ELBO : 1977.495, BCE: 1512.501, KLD_latent: 41.077, KLD_decoder_params_norm: 423.917, Time: 30268.51 |
|Train : Update 326000. Negative ELBO : 1963.448, BCE: 1497.477, KLD_latent: 42.560, KLD_decoder_params_norm: 423.412, Time: 30360.22 |
|Train : Update 327000. Negative ELBO : 1983.474, BCE: 1518.233, KLD_latent: 42.366, KLD_decoder_params_norm: 422.875, Time: 30451.54 |
|Train : Update 328000. Negative ELBO : 1977.003, BCE: 1511.599, KLD_latent: 42.073, KLD_decoder_params_norm: 423.331, Time: 30547.51 |
|Train : Update 329000. Negative ELBO : 1961.382, BCE: 1496.729, KLD_latent: 41.520, KLD_decoder_params_norm: 423.133, Time: 30643.19 |
|Train : Update 330000. Negative ELBO : 1995.073, BCE: 1529.298, KLD_latent: 42.917, KLD_decoder_params_norm: 422.858, Time: 30733.63 |
|Train : Update 331000. Negative ELBO : 2005.324, BCE: 1542.111, KLD_latent: 40.698, KLD_decoder_params_norm: 422.515, Time: 30823.56 |
|Train : Update 332000. Negative ELBO : 1977.133, BCE: 1512.371, KLD_latent: 42.005, KLD_decoder_params_norm: 422.757, Time: 30919.25 |
|Train : Update 333000. Negative ELBO : 1986.296, BCE: 1522.494, KLD_latent: 41.562, KLD_decoder_params_norm: 422.240, Time: 31015.87 |
|Train : Update 334000. Negative ELBO : 1988.398, BCE: 1525.253, KLD_latent: 41.189, KLD_decoder_params_norm: 421.956, Time: 31105.97 |
|Train : Update 335000. Negative ELBO : 1994.053, BCE: 1530.837, KLD_latent: 41.490, KLD_decoder_params_norm: 421.725, Time: 31196.74 |
|Train : Update 336000. Negative ELBO : 1992.060, BCE: 1529.398, KLD_latent: 40.867, KLD_decoder_params_norm: 421.795, Time: 31291.33 |
|Train : Update 337000. Negative ELBO : 1981.725, BCE: 1520.015, KLD_latent: 40.152, KLD_decoder_params_norm: 421.557, Time: 31387.11 |
|Train : Update 338000. Negative ELBO : 1989.268, BCE: 1526.660, KLD_latent: 41.091, KLD_decoder_params_norm: 421.516, Time: 31479.66 |
|Train : Update 339000. Negative ELBO : 1979.177, BCE: 1516.888, KLD_latent: 41.068, KLD_decoder_params_norm: 421.221, Time: 31570.73 |
|Train : Update 340000. Negative ELBO : 1987.255, BCE: 1525.803, KLD_latent: 40.429, KLD_decoder_params_norm: 421.022, Time: 31664.17 |
|Train : Update 341000. Negative ELBO : 1978.567, BCE: 1517.088, KLD_latent: 40.819, KLD_decoder_params_norm: 420.660, Time: 31759.42 |
|Train : Update 342000. Negative ELBO : 2014.109, BCE: 1552.848, KLD_latent: 40.679, KLD_decoder_params_norm: 420.582, Time: 31852.80 |
|Train : Update 343000. Negative ELBO : 1986.277, BCE: 1524.442, KLD_latent: 41.530, KLD_decoder_params_norm: 420.305, Time: 31943.96 |
|Train : Update 344000. Negative ELBO : 1972.268, BCE: 1511.220, KLD_latent: 40.697, KLD_decoder_params_norm: 420.351, Time: 32036.18 |
|Train : Update 345000. Negative ELBO : 1996.232, BCE: 1536.772, KLD_latent: 39.502, KLD_decoder_params_norm: 419.959, Time: 32131.77 |
|Train : Update 346000. Negative ELBO : 1984.678, BCE: 1523.790, KLD_latent: 40.919, KLD_decoder_params_norm: 419.969, Time: 32224.55 |
|Train : Update 347000. Negative ELBO : 1995.984, BCE: 1535.639, KLD_latent: 40.317, KLD_decoder_params_norm: 420.029, Time: 32316.09 |
|Train : Update 348000. Negative ELBO : 1971.035, BCE: 1510.571, KLD_latent: 40.870, KLD_decoder_params_norm: 419.594, Time: 32408.30 |
|Train : Update 349000. Negative ELBO : 1986.537, BCE: 1525.521, KLD_latent: 41.594, KLD_decoder_params_norm: 419.423, Time: 32503.62 |
|Train : Update 350000. Negative ELBO : 1990.111, BCE: 1530.520, KLD_latent: 40.342, KLD_decoder_params_norm: 419.248, Time: 32598.24 |
|Train : Update 351000. Negative ELBO : 1998.767, BCE: 1539.829, KLD_latent: 39.783, KLD_decoder_params_norm: 419.156, Time: 32688.45 |
|Train : Update 352000. Negative ELBO : 1957.557, BCE: 1497.311, KLD_latent: 41.114, KLD_decoder_params_norm: 419.131, Time: 32779.19 |
|Train : Update 353000. Negative ELBO : 1992.003, BCE: 1532.177, KLD_latent: 41.098, KLD_decoder_params_norm: 418.729, Time: 32873.82 |
|Train : Update 354000. Negative ELBO : 1989.343, BCE: 1529.388, KLD_latent: 41.185, KLD_decoder_params_norm: 418.770, Time: 32968.79 |
|Train : Update 355000. Negative ELBO : 1972.849, BCE: 1513.011, KLD_latent: 41.338, KLD_decoder_params_norm: 418.501, Time: 33060.44 |
|Train : Update 356000. Negative ELBO : 1982.314, BCE: 1523.405, KLD_latent: 40.384, KLD_decoder_params_norm: 418.525, Time: 33152.15 |
|Train : Update 357000. Negative ELBO : 1994.519, BCE: 1535.893, KLD_latent: 40.491, KLD_decoder_params_norm: 418.135, Time: 33247.53 |
|Train : Update 358000. Negative ELBO : 1987.045, BCE: 1526.846, KLD_latent: 41.870, KLD_decoder_params_norm: 418.328, Time: 33342.83 |
|Train : Update 359000. Negative ELBO : 1981.164, BCE: 1523.566, KLD_latent: 39.712, KLD_decoder_params_norm: 417.886, Time: 33434.92 |
|Train : Update 360000. Negative ELBO : 2002.902, BCE: 1545.720, KLD_latent: 39.450, KLD_decoder_params_norm: 417.732, Time: 33527.21 |
|Train : Update 361000. Negative ELBO : 1993.189, BCE: 1534.895, KLD_latent: 40.552, KLD_decoder_params_norm: 417.742, Time: 33622.00 |
|Train : Update 362000. Negative ELBO : 1974.553, BCE: 1517.511, KLD_latent: 39.477, KLD_decoder_params_norm: 417.565, Time: 33717.85 |
|Train : Update 363000. Negative ELBO : 1982.997, BCE: 1524.425, KLD_latent: 41.046, KLD_decoder_params_norm: 417.526, Time: 33810.43 |
|Train : Update 364000. Negative ELBO : 2000.454, BCE: 1542.554, KLD_latent: 40.653, KLD_decoder_params_norm: 417.247, Time: 33901.57 |
|Train : Update 365000. Negative ELBO : 1970.121, BCE: 1512.123, KLD_latent: 40.860, KLD_decoder_params_norm: 417.138, Time: 33995.14 |
|Train : Update 366000. Negative ELBO : 1993.737, BCE: 1535.533, KLD_latent: 41.069, KLD_decoder_params_norm: 417.135, Time: 34090.25 |
|Train : Update 367000. Negative ELBO : 1986.537, BCE: 1528.672, KLD_latent: 40.823, KLD_decoder_params_norm: 417.042, Time: 34183.33 |
|Train : Update 368000. Negative ELBO : 1990.422, BCE: 1533.726, KLD_latent: 39.896, KLD_decoder_params_norm: 416.800, Time: 34274.29 |
|Train : Update 369000. Negative ELBO : 1955.708, BCE: 1499.363, KLD_latent: 39.448, KLD_decoder_params_norm: 416.896, Time: 34366.99 |
|Train : Update 370000. Negative ELBO : 1981.223, BCE: 1523.794, KLD_latent: 40.786, KLD_decoder_params_norm: 416.643, Time: 34462.33 |
|Train : Update 371000. Negative ELBO : 1983.727, BCE: 1527.509, KLD_latent: 39.875, KLD_decoder_params_norm: 416.342, Time: 34556.65 |
|Train : Update 372000. Negative ELBO : 1964.523, BCE: 1507.307, KLD_latent: 41.012, KLD_decoder_params_norm: 416.204, Time: 34647.45 |
|Train : Update 373000. Negative ELBO : 1978.384, BCE: 1521.881, KLD_latent: 40.296, KLD_decoder_params_norm: 416.206, Time: 34738.57 |
|Train : Update 374000. Negative ELBO : 1960.378, BCE: 1504.641, KLD_latent: 39.815, KLD_decoder_params_norm: 415.922, Time: 34834.60 |
|Train : Update 375000. Negative ELBO : 1966.589, BCE: 1510.133, KLD_latent: 40.311, KLD_decoder_params_norm: 416.145, Time: 34929.64 |
|Train : Update 376000. Negative ELBO : 1982.357, BCE: 1526.627, KLD_latent: 39.888, KLD_decoder_params_norm: 415.842, Time: 35021.05 |
|Train : Update 377000. Negative ELBO : 1980.078, BCE: 1524.408, KLD_latent: 40.080, KLD_decoder_params_norm: 415.591, Time: 35112.68 |
|Train : Update 378000. Negative ELBO : 1973.319, BCE: 1517.542, KLD_latent: 40.182, KLD_decoder_params_norm: 415.595, Time: 35206.83 |
|Train : Update 379000. Negative ELBO : 1969.746, BCE: 1513.975, KLD_latent: 40.416, KLD_decoder_params_norm: 415.354, Time: 35302.31 |
|Train : Update 380000. Negative ELBO : 1965.710, BCE: 1508.964, KLD_latent: 41.492, KLD_decoder_params_norm: 415.254, Time: 35393.52 |
|Train : Update 381000. Negative ELBO : 1985.378, BCE: 1529.988, KLD_latent: 40.132, KLD_decoder_params_norm: 415.258, Time: 35484.32 |
|Train : Update 382000. Negative ELBO : 1961.740, BCE: 1506.090, KLD_latent: 40.407, KLD_decoder_params_norm: 415.243, Time: 35578.14 |
|Train : Update 383000. Negative ELBO : 1974.390, BCE: 1519.527, KLD_latent: 39.859, KLD_decoder_params_norm: 415.003, Time: 35674.37 |
|Train : Update 384000. Negative ELBO : 1957.758, BCE: 1502.916, KLD_latent: 39.893, KLD_decoder_params_norm: 414.950, Time: 35767.12 |
|Train : Update 385000. Negative ELBO : 1980.160, BCE: 1524.954, KLD_latent: 40.392, KLD_decoder_params_norm: 414.814, Time: 35856.99 |
|Train : Update 386000. Negative ELBO : 1992.359, BCE: 1538.089, KLD_latent: 39.306, KLD_decoder_params_norm: 414.964, Time: 35949.71 |
|Train : Update 387000. Negative ELBO : 1993.985, BCE: 1538.136, KLD_latent: 41.360, KLD_decoder_params_norm: 414.489, Time: 36044.92 |
|Train : Update 388000. Negative ELBO : 1977.772, BCE: 1523.743, KLD_latent: 39.564, KLD_decoder_params_norm: 414.466, Time: 36138.97 |
|Train : Update 389000. Negative ELBO : 1982.579, BCE: 1528.403, KLD_latent: 39.771, KLD_decoder_params_norm: 414.405, Time: 36230.04 |
|Train : Update 390000. Negative ELBO : 2016.333, BCE: 1561.151, KLD_latent: 40.889, KLD_decoder_params_norm: 414.294, Time: 36322.43 |
|Train : Update 391000. Negative ELBO : 1998.775, BCE: 1545.225, KLD_latent: 39.666, KLD_decoder_params_norm: 413.883, Time: 36418.18 |
|Train : Update 392000. Negative ELBO : 1965.618, BCE: 1512.989, KLD_latent: 38.936, KLD_decoder_params_norm: 413.694, Time: 36512.56 |
|Train : Update 393000. Negative ELBO : 1986.860, BCE: 1533.642, KLD_latent: 39.294, KLD_decoder_params_norm: 413.923, Time: 36603.80 |
|Train : Update 394000. Negative ELBO : 1973.438, BCE: 1519.967, KLD_latent: 39.767, KLD_decoder_params_norm: 413.704, Time: 36695.30 |
|Train : Update 395000. Negative ELBO : 1981.380, BCE: 1527.167, KLD_latent: 40.406, KLD_decoder_params_norm: 413.807, Time: 36791.14 |
|Train : Update 396000. Negative ELBO : 1943.074, BCE: 1490.731, KLD_latent: 38.900, KLD_decoder_params_norm: 413.443, Time: 36888.97 |
|Train : Update 397000. Negative ELBO : 1971.606, BCE: 1518.874, KLD_latent: 39.358, KLD_decoder_params_norm: 413.373, Time: 36982.36 |
|Train : Update 398000. Negative ELBO : 1961.117, BCE: 1508.781, KLD_latent: 39.166, KLD_decoder_params_norm: 413.171, Time: 37077.43 |
|Train : Update 399000. Negative ELBO : 1970.488, BCE: 1517.560, KLD_latent: 39.757, KLD_decoder_params_norm: 413.171, Time: 37174.52 |
