Number of sequences in alignment file:	201108
Neff:	28078.530232791883
Alignment sequence length:	413
|Train : Update 0. Negative ELBO : 7216.243, BCE: 1322.547, KLD_latent: 225.438, KLD_decoder_params_norm: 5668.258, Time: 2.25 |
|Train : Update 1000. Negative ELBO : 6623.324, BCE: 1002.900, KLD_latent: 7.892, KLD_decoder_params_norm: 5612.532, Time: 53.72 |
|Train : Update 2000. Negative ELBO : 6529.775, BCE: 961.683, KLD_latent: 12.267, KLD_decoder_params_norm: 5555.826, Time: 108.37 |
|Train : Update 3000. Negative ELBO : 6443.351, BCE: 925.386, KLD_latent: 17.793, KLD_decoder_params_norm: 5500.172, Time: 161.19 |
|Train : Update 4000. Negative ELBO : 6364.779, BCE: 899.085, KLD_latent: 19.850, KLD_decoder_params_norm: 5445.845, Time: 213.41 |
|Train : Update 5000. Negative ELBO : 6294.021, BCE: 878.994, KLD_latent: 22.247, KLD_decoder_params_norm: 5392.780, Time: 269.80 |
|Train : Update 6000. Negative ELBO : 6224.313, BCE: 859.386, KLD_latent: 24.039, KLD_decoder_params_norm: 5340.888, Time: 317.96 |
|Train : Update 7000. Negative ELBO : 6161.581, BCE: 844.231, KLD_latent: 27.287, KLD_decoder_params_norm: 5290.063, Time: 374.25 |
|Train : Update 8000. Negative ELBO : 6102.292, BCE: 833.847, KLD_latent: 28.240, KLD_decoder_params_norm: 5240.206, Time: 424.79 |
|Train : Update 9000. Negative ELBO : 6031.330, BCE: 810.302, KLD_latent: 29.808, KLD_decoder_params_norm: 5191.220, Time: 478.78 |
|Train : Update 10000. Negative ELBO : 5971.151, BCE: 798.227, KLD_latent: 29.911, KLD_decoder_params_norm: 5143.014, Time: 533.48 |
|Train : Update 11000. Negative ELBO : 5918.314, BCE: 791.746, KLD_latent: 31.040, KLD_decoder_params_norm: 5095.528, Time: 583.97 |
|Train : Update 12000. Negative ELBO : 5856.107, BCE: 775.280, KLD_latent: 32.099, KLD_decoder_params_norm: 5048.728, Time: 640.82 |
|Train : Update 13000. Negative ELBO : 5815.752, BCE: 781.214, KLD_latent: 31.964, KLD_decoder_params_norm: 5002.575, Time: 689.70 |
|Train : Update 14000. Negative ELBO : 5744.007, BCE: 753.820, KLD_latent: 33.160, KLD_decoder_params_norm: 4957.026, Time: 744.77 |
|Train : Update 15000. Negative ELBO : 5693.454, BCE: 748.571, KLD_latent: 32.839, KLD_decoder_params_norm: 4912.044, Time: 797.30 |
|Train : Update 16000. Negative ELBO : 5645.817, BCE: 744.110, KLD_latent: 34.120, KLD_decoder_params_norm: 4867.587, Time: 850.98 |
|Train : Update 17000. Negative ELBO : 5612.632, BCE: 754.491, KLD_latent: 34.519, KLD_decoder_params_norm: 4823.623, Time: 906.81 |
|Train : Update 18000. Negative ELBO : 5543.071, BCE: 728.377, KLD_latent: 34.563, KLD_decoder_params_norm: 4780.131, Time: 957.11 |
|Train : Update 19000. Negative ELBO : 5512.364, BCE: 741.553, KLD_latent: 33.741, KLD_decoder_params_norm: 4737.070, Time: 1014.14 |
|Train : Update 20000. Negative ELBO : 5469.599, BCE: 741.015, KLD_latent: 34.170, KLD_decoder_params_norm: 4694.414, Time: 1063.95 |
|Train : Update 21000. Negative ELBO : 5424.093, BCE: 737.553, KLD_latent: 34.395, KLD_decoder_params_norm: 4652.145, Time: 1118.94 |
|Train : Update 22000. Negative ELBO : 5368.931, BCE: 724.136, KLD_latent: 34.553, KLD_decoder_params_norm: 4610.242, Time: 1172.37 |
|Train : Update 23000. Negative ELBO : 5320.871, BCE: 716.710, KLD_latent: 35.469, KLD_decoder_params_norm: 4568.691, Time: 1224.75 |
|Train : Update 24000. Negative ELBO : 5271.063, BCE: 708.796, KLD_latent: 34.804, KLD_decoder_params_norm: 4527.464, Time: 1281.29 |
|Train : Update 25000. Negative ELBO : 5236.900, BCE: 714.885, KLD_latent: 35.472, KLD_decoder_params_norm: 4486.543, Time: 1331.39 |
|Train : Update 26000. Negative ELBO : 5180.838, BCE: 699.878, KLD_latent: 35.029, KLD_decoder_params_norm: 4445.932, Time: 1388.42 |
|Train : Update 27000. Negative ELBO : 5154.134, BCE: 712.968, KLD_latent: 35.562, KLD_decoder_params_norm: 4405.604, Time: 1439.19 |
|Train : Update 28000. Negative ELBO : 5107.620, BCE: 707.692, KLD_latent: 34.373, KLD_decoder_params_norm: 4365.555, Time: 1492.30 |
|Train : Update 29000. Negative ELBO : 5058.443, BCE: 696.871, KLD_latent: 35.799, KLD_decoder_params_norm: 4325.773, Time: 1547.74 |
|Train : Update 30000. Negative ELBO : 5020.719, BCE: 699.049, KLD_latent: 35.412, KLD_decoder_params_norm: 4286.258, Time: 1600.78 |
|Train : Update 31000. Negative ELBO : 4984.543, BCE: 701.869, KLD_latent: 35.681, KLD_decoder_params_norm: 4246.992, Time: 1658.50 |
|Train : Update 32000. Negative ELBO : 4950.125, BCE: 705.813, KLD_latent: 36.337, KLD_decoder_params_norm: 4207.975, Time: 1708.25 |
|Train : Update 33000. Negative ELBO : 4917.354, BCE: 712.271, KLD_latent: 35.876, KLD_decoder_params_norm: 4169.207, Time: 1764.76 |
|Train : Update 34000. Negative ELBO : 4862.662, BCE: 695.694, KLD_latent: 36.300, KLD_decoder_params_norm: 4130.667, Time: 1816.06 |
|Train : Update 35000. Negative ELBO : 4833.854, BCE: 705.644, KLD_latent: 35.849, KLD_decoder_params_norm: 4092.361, Time: 1869.51 |
|Train : Update 36000. Negative ELBO : 4793.876, BCE: 703.993, KLD_latent: 35.605, KLD_decoder_params_norm: 4054.278, Time: 1924.46 |
|Train : Update 37000. Negative ELBO : 4741.277, BCE: 689.036, KLD_latent: 35.810, KLD_decoder_params_norm: 4016.431, Time: 1974.98 |
|Train : Update 38000. Negative ELBO : 4708.382, BCE: 693.812, KLD_latent: 35.763, KLD_decoder_params_norm: 3978.808, Time: 2031.61 |
|Train : Update 39000. Negative ELBO : 4657.724, BCE: 680.262, KLD_latent: 36.056, KLD_decoder_params_norm: 3941.406, Time: 2080.54 |
|Train : Update 40000. Negative ELBO : 4628.898, BCE: 687.672, KLD_latent: 37.014, KLD_decoder_params_norm: 3904.213, Time: 2135.85 |
|Train : Update 41000. Negative ELBO : 4594.402, BCE: 690.767, KLD_latent: 36.398, KLD_decoder_params_norm: 3867.237, Time: 2187.77 |
|Train : Update 42000. Negative ELBO : 4556.710, BCE: 690.354, KLD_latent: 35.872, KLD_decoder_params_norm: 3830.484, Time: 2239.48 |
|Train : Update 43000. Negative ELBO : 4519.631, BCE: 689.165, KLD_latent: 36.523, KLD_decoder_params_norm: 3793.943, Time: 2294.50 |
|Train : Update 44000. Negative ELBO : 4457.773, BCE: 664.044, KLD_latent: 36.120, KLD_decoder_params_norm: 3757.609, Time: 2342.63 |
|Train : Update 45000. Negative ELBO : 4433.370, BCE: 676.005, KLD_latent: 35.881, KLD_decoder_params_norm: 3721.484, Time: 2399.68 |
|Train : Update 46000. Negative ELBO : 4399.899, BCE: 678.196, KLD_latent: 36.126, KLD_decoder_params_norm: 3685.578, Time: 2451.46 |
|Train : Update 47000. Negative ELBO : 4375.565, BCE: 689.426, KLD_latent: 36.247, KLD_decoder_params_norm: 3649.893, Time: 2504.79 |
|Train : Update 48000. Negative ELBO : 4329.279, BCE: 679.231, KLD_latent: 35.626, KLD_decoder_params_norm: 3614.423, Time: 2559.34 |
|Train : Update 49000. Negative ELBO : 4280.102, BCE: 665.233, KLD_latent: 35.709, KLD_decoder_params_norm: 3579.159, Time: 2608.97 |
|Train : Update 50000. Negative ELBO : 4251.121, BCE: 670.558, KLD_latent: 36.463, KLD_decoder_params_norm: 3544.100, Time: 2665.46 |
|Train : Update 51000. Negative ELBO : 4216.658, BCE: 671.192, KLD_latent: 36.216, KLD_decoder_params_norm: 3509.250, Time: 2714.99 |
|Train : Update 52000. Negative ELBO : 4173.327, BCE: 662.783, KLD_latent: 35.937, KLD_decoder_params_norm: 3474.607, Time: 2770.90 |
|Train : Update 53000. Negative ELBO : 4163.219, BCE: 686.710, KLD_latent: 36.343, KLD_decoder_params_norm: 3440.165, Time: 2825.03 |
|Train : Update 54000. Negative ELBO : 4122.644, BCE: 680.210, KLD_latent: 36.495, KLD_decoder_params_norm: 3405.938, Time: 2877.90 |
|Train : Update 55000. Negative ELBO : 4095.083, BCE: 687.045, KLD_latent: 36.116, KLD_decoder_params_norm: 3371.922, Time: 2934.27 |
|Train : Update 56000. Negative ELBO : 4043.816, BCE: 669.865, KLD_latent: 35.821, KLD_decoder_params_norm: 3338.130, Time: 2983.99 |
|Train : Update 57000. Negative ELBO : 4012.616, BCE: 672.498, KLD_latent: 35.570, KLD_decoder_params_norm: 3304.549, Time: 3041.16 |
|Train : Update 58000. Negative ELBO : 3979.723, BCE: 672.179, KLD_latent: 36.352, KLD_decoder_params_norm: 3271.192, Time: 3093.18 |
|Train : Update 59000. Negative ELBO : 3944.344, BCE: 670.197, KLD_latent: 36.095, KLD_decoder_params_norm: 3238.052, Time: 3147.98 |
|Train : Update 60000. Negative ELBO : 3905.260, BCE: 664.077, KLD_latent: 36.050, KLD_decoder_params_norm: 3205.132, Time: 3201.74 |
|Train : Update 61000. Negative ELBO : 3883.667, BCE: 675.091, KLD_latent: 36.147, KLD_decoder_params_norm: 3172.428, Time: 3253.74 |
|Train : Update 62000. Negative ELBO : 3842.144, BCE: 665.916, KLD_latent: 36.274, KLD_decoder_params_norm: 3139.954, Time: 3310.00 |
|Train : Update 63000. Negative ELBO : 3828.023, BCE: 683.809, KLD_latent: 36.494, KLD_decoder_params_norm: 3107.719, Time: 3359.05 |
|Train : Update 64000. Negative ELBO : 3792.629, BCE: 681.206, KLD_latent: 35.697, KLD_decoder_params_norm: 3075.726, Time: 3415.36 |
|Train : Update 65000. Negative ELBO : 3758.100, BCE: 678.184, KLD_latent: 35.946, KLD_decoder_params_norm: 3043.969, Time: 3467.81 |
|Train : Update 66000. Negative ELBO : 3718.298, BCE: 670.401, KLD_latent: 35.424, KLD_decoder_params_norm: 3012.473, Time: 3521.80 |
|Train : Update 67000. Negative ELBO : 3681.745, BCE: 664.486, KLD_latent: 36.017, KLD_decoder_params_norm: 2981.242, Time: 3576.13 |
|Train : Update 68000. Negative ELBO : 3649.345, BCE: 662.782, KLD_latent: 36.263, KLD_decoder_params_norm: 2950.300, Time: 3626.23 |
|Train : Update 69000. Negative ELBO : 3623.112, BCE: 667.035, KLD_latent: 36.423, KLD_decoder_params_norm: 2919.654, Time: 3683.18 |
|Train : Update 70000. Negative ELBO : 3602.652, BCE: 676.552, KLD_latent: 36.799, KLD_decoder_params_norm: 2889.300, Time: 3732.34 |
|Train : Update 71000. Negative ELBO : 3568.201, BCE: 672.815, KLD_latent: 36.136, KLD_decoder_params_norm: 2859.250, Time: 3787.66 |
|Train : Update 72000. Negative ELBO : 3537.517, BCE: 671.454, KLD_latent: 36.564, KLD_decoder_params_norm: 2829.499, Time: 3839.34 |
|Train : Update 73000. Negative ELBO : 3498.154, BCE: 662.391, KLD_latent: 35.708, KLD_decoder_params_norm: 2800.055, Time: 3890.97 |
|Train : Update 74000. Negative ELBO : 3482.313, BCE: 675.055, KLD_latent: 36.301, KLD_decoder_params_norm: 2770.957, Time: 3946.33 |
|Train : Update 75000. Negative ELBO : 3446.237, BCE: 668.020, KLD_latent: 36.013, KLD_decoder_params_norm: 2742.204, Time: 3995.53 |
|Train : Update 76000. Negative ELBO : 3412.968, BCE: 662.880, KLD_latent: 36.322, KLD_decoder_params_norm: 2713.765, Time: 4051.97 |
|Train : Update 77000. Negative ELBO : 3399.339, BCE: 677.894, KLD_latent: 35.789, KLD_decoder_params_norm: 2685.656, Time: 4102.24 |
|Train : Update 78000. Negative ELBO : 3379.950, BCE: 685.940, KLD_latent: 36.118, KLD_decoder_params_norm: 2657.893, Time: 4155.21 |
|Train : Update 79000. Negative ELBO : 3340.716, BCE: 673.541, KLD_latent: 36.682, KLD_decoder_params_norm: 2630.493, Time: 4209.37 |
|Train : Update 80000. Negative ELBO : 3296.778, BCE: 657.350, KLD_latent: 35.987, KLD_decoder_params_norm: 2603.441, Time: 4260.71 |
|Train : Update 81000. Negative ELBO : 3284.939, BCE: 672.464, KLD_latent: 35.729, KLD_decoder_params_norm: 2576.746, Time: 4317.96 |
|Train : Update 82000. Negative ELBO : 3251.041, BCE: 664.443, KLD_latent: 36.173, KLD_decoder_params_norm: 2550.425, Time: 4368.16 |
|Train : Update 83000. Negative ELBO : 3214.703, BCE: 654.593, KLD_latent: 35.634, KLD_decoder_params_norm: 2524.477, Time: 4423.91 |
|Train : Update 84000. Negative ELBO : 3196.997, BCE: 661.214, KLD_latent: 36.904, KLD_decoder_params_norm: 2498.878, Time: 4475.64 |
|Train : Update 85000. Negative ELBO : 3178.809, BCE: 669.328, KLD_latent: 35.855, KLD_decoder_params_norm: 2473.627, Time: 4528.06 |
|Train : Update 86000. Negative ELBO : 3139.889, BCE: 655.571, KLD_latent: 35.567, KLD_decoder_params_norm: 2448.750, Time: 4583.73 |
|Train : Update 87000. Negative ELBO : 3119.458, BCE: 659.183, KLD_latent: 36.031, KLD_decoder_params_norm: 2424.244, Time: 4632.42 |
|Train : Update 88000. Negative ELBO : 3110.571, BCE: 674.035, KLD_latent: 36.414, KLD_decoder_params_norm: 2400.122, Time: 4689.75 |
|Train : Update 89000. Negative ELBO : 3079.296, BCE: 667.465, KLD_latent: 35.463, KLD_decoder_params_norm: 2376.368, Time: 4740.06 |
|Train : Update 90000. Negative ELBO : 3052.412, BCE: 663.404, KLD_latent: 36.011, KLD_decoder_params_norm: 2352.996, Time: 4794.39 |
|Train : Update 91000. Negative ELBO : 3033.112, BCE: 667.640, KLD_latent: 35.465, KLD_decoder_params_norm: 2330.007, Time: 4848.14 |
|Train : Update 92000. Negative ELBO : 3016.207, BCE: 673.479, KLD_latent: 35.336, KLD_decoder_params_norm: 2307.392, Time: 4900.36 |
|Train : Update 93000. Negative ELBO : 2997.376, BCE: 676.414, KLD_latent: 35.788, KLD_decoder_params_norm: 2285.174, Time: 4956.95 |
|Train : Update 94000. Negative ELBO : 2968.113, BCE: 668.705, KLD_latent: 36.072, KLD_decoder_params_norm: 2263.337, Time: 5006.30 |
|Train : Update 95000. Negative ELBO : 2947.479, BCE: 669.744, KLD_latent: 35.846, KLD_decoder_params_norm: 2241.889, Time: 5063.37 |
|Train : Update 96000. Negative ELBO : 2925.664, BCE: 669.238, KLD_latent: 35.576, KLD_decoder_params_norm: 2220.851, Time: 5114.26 |
|Train : Update 97000. Negative ELBO : 2906.775, BCE: 670.682, KLD_latent: 35.885, KLD_decoder_params_norm: 2200.208, Time: 5167.09 |
|Train : Update 98000. Negative ELBO : 2886.030, BCE: 671.009, KLD_latent: 35.085, KLD_decoder_params_norm: 2179.936, Time: 5221.68 |
|Train : Update 99000. Negative ELBO : 2856.660, BCE: 661.083, KLD_latent: 35.555, KLD_decoder_params_norm: 2160.022, Time: 5272.84 |
|Train : Update 100000. Negative ELBO : 2847.902, BCE: 672.037, KLD_latent: 35.398, KLD_decoder_params_norm: 2140.467, Time: 5331.02 |
|Train : Update 101000. Negative ELBO : 2820.331, BCE: 662.760, KLD_latent: 36.336, KLD_decoder_params_norm: 2121.235, Time: 5380.53 |
|Train : Update 102000. Negative ELBO : 2814.945, BCE: 676.894, KLD_latent: 35.740, KLD_decoder_params_norm: 2102.312, Time: 5436.81 |
|Train : Update 103000. Negative ELBO : 2785.973, BCE: 666.398, KLD_latent: 35.894, KLD_decoder_params_norm: 2083.682, Time: 5488.78 |
|Train : Update 104000. Negative ELBO : 2751.560, BCE: 650.994, KLD_latent: 35.258, KLD_decoder_params_norm: 2065.307, Time: 5542.21 |
|Train : Update 105000. Negative ELBO : 2761.516, BCE: 678.697, KLD_latent: 35.641, KLD_decoder_params_norm: 2047.178, Time: 5597.09 |
|Train : Update 106000. Negative ELBO : 2742.364, BCE: 677.532, KLD_latent: 35.548, KLD_decoder_params_norm: 2029.284, Time: 5647.68 |
|Train : Update 107000. Negative ELBO : 2712.749, BCE: 665.010, KLD_latent: 36.138, KLD_decoder_params_norm: 2011.600, Time: 5706.15 |
|Train : Update 108000. Negative ELBO : 2687.708, BCE: 658.340, KLD_latent: 35.259, KLD_decoder_params_norm: 1994.110, Time: 5756.31 |
|Train : Update 109000. Negative ELBO : 2679.332, BCE: 667.437, KLD_latent: 35.082, KLD_decoder_params_norm: 1976.813, Time: 5810.57 |
|Train : Update 110000. Negative ELBO : 2667.549, BCE: 672.188, KLD_latent: 35.659, KLD_decoder_params_norm: 1959.703, Time: 5862.57 |
|Train : Update 111000. Negative ELBO : 2643.483, BCE: 665.851, KLD_latent: 34.866, KLD_decoder_params_norm: 1942.766, Time: 5914.41 |
|Train : Update 112000. Negative ELBO : 2624.251, BCE: 662.762, KLD_latent: 35.472, KLD_decoder_params_norm: 1926.018, Time: 5969.74 |
|Train : Update 113000. Negative ELBO : 2618.579, BCE: 674.119, KLD_latent: 35.033, KLD_decoder_params_norm: 1909.427, Time: 6018.08 |
|Train : Update 114000. Negative ELBO : 2595.120, BCE: 666.994, KLD_latent: 35.123, KLD_decoder_params_norm: 1893.003, Time: 6074.46 |
|Train : Update 115000. Negative ELBO : 2584.491, BCE: 671.927, KLD_latent: 35.825, KLD_decoder_params_norm: 1876.739, Time: 6125.01 |
|Train : Update 116000. Negative ELBO : 2573.505, BCE: 677.238, KLD_latent: 35.644, KLD_decoder_params_norm: 1860.624, Time: 6178.08 |
|Train : Update 117000. Negative ELBO : 2548.031, BCE: 667.550, KLD_latent: 35.820, KLD_decoder_params_norm: 1844.661, Time: 6232.74 |
|Train : Update 118000. Negative ELBO : 2529.431, BCE: 665.203, KLD_latent: 35.383, KLD_decoder_params_norm: 1828.844, Time: 6283.07 |
|Train : Update 119000. Negative ELBO : 2517.318, BCE: 669.095, KLD_latent: 35.055, KLD_decoder_params_norm: 1813.169, Time: 6339.19 |
|Train : Update 120000. Negative ELBO : 2496.128, BCE: 663.713, KLD_latent: 34.787, KLD_decoder_params_norm: 1797.627, Time: 6388.23 |
|Train : Update 121000. Negative ELBO : 2497.974, BCE: 680.585, KLD_latent: 35.167, KLD_decoder_params_norm: 1782.222, Time: 6443.54 |
|Train : Update 122000. Negative ELBO : 2467.905, BCE: 665.659, KLD_latent: 35.287, KLD_decoder_params_norm: 1766.960, Time: 6495.50 |
|Train : Update 123000. Negative ELBO : 2459.682, BCE: 672.679, KLD_latent: 35.166, KLD_decoder_params_norm: 1751.837, Time: 6547.20 |
|Train : Update 124000. Negative ELBO : 2451.281, BCE: 679.369, KLD_latent: 35.065, KLD_decoder_params_norm: 1736.847, Time: 6603.58 |
|Train : Update 125000. Negative ELBO : 2433.362, BCE: 676.601, KLD_latent: 34.770, KLD_decoder_params_norm: 1721.992, Time: 6652.86 |
|Train : Update 126000. Negative ELBO : 2414.486, BCE: 671.765, KLD_latent: 35.473, KLD_decoder_params_norm: 1707.248, Time: 6709.39 |
|Train : Update 127000. Negative ELBO : 2410.384, BCE: 682.283, KLD_latent: 35.470, KLD_decoder_params_norm: 1692.631, Time: 6760.58 |
|Train : Update 128000. Negative ELBO : 2391.532, BCE: 678.231, KLD_latent: 35.160, KLD_decoder_params_norm: 1678.141, Time: 6814.81 |
|Train : Update 129000. Negative ELBO : 2380.640, BCE: 681.515, KLD_latent: 35.357, KLD_decoder_params_norm: 1663.768, Time: 6870.09 |
|Train : Update 130000. Negative ELBO : 2346.052, BCE: 661.458, KLD_latent: 35.073, KLD_decoder_params_norm: 1649.522, Time: 6920.80 |
|Train : Update 131000. Negative ELBO : 2340.244, BCE: 669.490, KLD_latent: 35.370, KLD_decoder_params_norm: 1635.385, Time: 6977.71 |
|Train : Update 132000. Negative ELBO : 2324.594, BCE: 667.857, KLD_latent: 35.366, KLD_decoder_params_norm: 1621.371, Time: 7027.40 |
|Train : Update 133000. Negative ELBO : 2326.728, BCE: 683.959, KLD_latent: 35.297, KLD_decoder_params_norm: 1607.473, Time: 7082.39 |
|Train : Update 134000. Negative ELBO : 2316.869, BCE: 688.129, KLD_latent: 35.052, KLD_decoder_params_norm: 1593.688, Time: 7134.29 |
|Train : Update 135000. Negative ELBO : 2301.316, BCE: 685.596, KLD_latent: 35.715, KLD_decoder_params_norm: 1580.005, Time: 7186.58 |
|Train : Update 136000. Negative ELBO : 2279.003, BCE: 677.663, KLD_latent: 34.906, KLD_decoder_params_norm: 1566.434, Time: 7242.29 |
|Train : Update 137000. Negative ELBO : 2271.813, BCE: 683.664, KLD_latent: 35.179, KLD_decoder_params_norm: 1552.970, Time: 7291.24 |
|Train : Update 138000. Negative ELBO : 2244.558, BCE: 669.508, KLD_latent: 35.434, KLD_decoder_params_norm: 1539.616, Time: 7347.95 |
|Train : Update 139000. Negative ELBO : 2234.548, BCE: 672.839, KLD_latent: 35.346, KLD_decoder_params_norm: 1526.364, Time: 7398.22 |
|Train : Update 140000. Negative ELBO : 2227.549, BCE: 679.228, KLD_latent: 35.102, KLD_decoder_params_norm: 1513.219, Time: 7451.61 |
|Train : Update 141000. Negative ELBO : 2204.979, BCE: 669.456, KLD_latent: 35.337, KLD_decoder_params_norm: 1500.187, Time: 7505.20 |
|Train : Update 142000. Negative ELBO : 2202.947, BCE: 681.063, KLD_latent: 34.635, KLD_decoder_params_norm: 1487.249, Time: 7555.58 |
|Train : Update 143000. Negative ELBO : 2183.410, BCE: 674.371, KLD_latent: 34.626, KLD_decoder_params_norm: 1474.413, Time: 7612.86 |
|Train : Update 144000. Negative ELBO : 2174.353, BCE: 677.653, KLD_latent: 35.032, KLD_decoder_params_norm: 1461.668, Time: 7661.52 |
|Train : Update 145000. Negative ELBO : 2161.306, BCE: 677.318, KLD_latent: 34.963, KLD_decoder_params_norm: 1449.025, Time: 7717.56 |
|Train : Update 146000. Negative ELBO : 2144.140, BCE: 672.104, KLD_latent: 35.551, KLD_decoder_params_norm: 1436.485, Time: 7769.37 |
|Train : Update 147000. Negative ELBO : 2137.709, BCE: 678.899, KLD_latent: 34.773, KLD_decoder_params_norm: 1424.037, Time: 7821.31 |
|Train : Update 148000. Negative ELBO : 2118.468, BCE: 671.746, KLD_latent: 35.038, KLD_decoder_params_norm: 1411.684, Time: 7876.23 |
|Train : Update 149000. Negative ELBO : 2102.903, BCE: 668.451, KLD_latent: 35.020, KLD_decoder_params_norm: 1399.432, Time: 7925.56 |
|Train : Update 150000. Negative ELBO : 2096.357, BCE: 673.864, KLD_latent: 35.222, KLD_decoder_params_norm: 1387.271, Time: 7981.79 |
|Train : Update 151000. Negative ELBO : 2083.707, BCE: 674.043, KLD_latent: 34.464, KLD_decoder_params_norm: 1375.200, Time: 8031.62 |
|Train : Update 152000. Negative ELBO : 2066.139, BCE: 668.308, KLD_latent: 34.602, KLD_decoder_params_norm: 1363.229, Time: 8084.74 |
|Train : Update 153000. Negative ELBO : 2069.992, BCE: 683.582, KLD_latent: 35.067, KLD_decoder_params_norm: 1351.344, Time: 8138.56 |
|Train : Update 154000. Negative ELBO : 2052.250, BCE: 678.207, KLD_latent: 34.496, KLD_decoder_params_norm: 1339.547, Time: 8189.06 |
|Train : Update 155000. Negative ELBO : 2029.145, BCE: 667.230, KLD_latent: 34.080, KLD_decoder_params_norm: 1327.835, Time: 8246.13 |
|Train : Update 156000. Negative ELBO : 2017.552, BCE: 666.849, KLD_latent: 34.484, KLD_decoder_params_norm: 1316.218, Time: 8295.72 |
|Train : Update 157000. Negative ELBO : 2012.399, BCE: 673.255, KLD_latent: 34.456, KLD_decoder_params_norm: 1304.688, Time: 8351.31 |
|Train : Update 158000. Negative ELBO : 2006.010, BCE: 678.477, KLD_latent: 34.290, KLD_decoder_params_norm: 1293.243, Time: 8403.93 |
|Train : Update 159000. Negative ELBO : 1994.415, BCE: 677.987, KLD_latent: 34.551, KLD_decoder_params_norm: 1281.876, Time: 8458.46 |
|Train : Update 160000. Negative ELBO : 1993.956, BCE: 689.419, KLD_latent: 33.949, KLD_decoder_params_norm: 1270.588, Time: 8514.53 |
|Train : Update 161000. Negative ELBO : 1980.931, BCE: 687.280, KLD_latent: 34.266, KLD_decoder_params_norm: 1259.385, Time: 8564.25 |
|Train : Update 162000. Negative ELBO : 1958.747, BCE: 676.677, KLD_latent: 33.796, KLD_decoder_params_norm: 1248.274, Time: 8620.38 |
|Train : Update 163000. Negative ELBO : 1953.182, BCE: 681.132, KLD_latent: 34.806, KLD_decoder_params_norm: 1237.244, Time: 8671.70 |
|Train : Update 164000. Negative ELBO : 1947.149, BCE: 686.369, KLD_latent: 34.476, KLD_decoder_params_norm: 1226.304, Time: 8726.91 |
|Train : Update 165000. Negative ELBO : 1925.873, BCE: 676.263, KLD_latent: 34.173, KLD_decoder_params_norm: 1215.438, Time: 8781.02 |
|Train : Update 166000. Negative ELBO : 1938.797, BCE: 699.729, KLD_latent: 34.417, KLD_decoder_params_norm: 1204.652, Time: 8832.57 |
|Train : Update 167000. Negative ELBO : 1903.671, BCE: 675.243, KLD_latent: 34.475, KLD_decoder_params_norm: 1193.953, Time: 8896.56 |
|Train : Update 168000. Negative ELBO : 1900.356, BCE: 682.543, KLD_latent: 34.482, KLD_decoder_params_norm: 1183.331, Time: 8969.08 |
|Train : Update 169000. Negative ELBO : 1896.774, BCE: 689.797, KLD_latent: 34.193, KLD_decoder_params_norm: 1172.783, Time: 9044.04 |
|Train : Update 170000. Negative ELBO : 1875.765, BCE: 678.813, KLD_latent: 34.633, KLD_decoder_params_norm: 1162.319, Time: 9116.63 |
|Train : Update 171000. Negative ELBO : 1865.875, BCE: 679.509, KLD_latent: 34.444, KLD_decoder_params_norm: 1151.922, Time: 9191.47 |
|Train : Update 172000. Negative ELBO : 1858.321, BCE: 682.512, KLD_latent: 34.200, KLD_decoder_params_norm: 1141.609, Time: 9263.97 |
|Train : Update 173000. Negative ELBO : 1837.925, BCE: 672.242, KLD_latent: 34.297, KLD_decoder_params_norm: 1131.386, Time: 9339.22 |
|Train : Update 174000. Negative ELBO : 1833.990, BCE: 678.777, KLD_latent: 33.975, KLD_decoder_params_norm: 1121.238, Time: 9394.37 |
|Train : Update 175000. Negative ELBO : 1836.346, BCE: 691.197, KLD_latent: 33.980, KLD_decoder_params_norm: 1111.169, Time: 9450.55 |
|Train : Update 176000. Negative ELBO : 1826.130, BCE: 690.251, KLD_latent: 34.701, KLD_decoder_params_norm: 1101.177, Time: 9502.53 |
|Train : Update 177000. Negative ELBO : 1795.647, BCE: 670.231, KLD_latent: 34.154, KLD_decoder_params_norm: 1091.262, Time: 9557.02 |
|Train : Update 178000. Negative ELBO : 1802.399, BCE: 687.002, KLD_latent: 33.975, KLD_decoder_params_norm: 1081.423, Time: 9613.38 |
|Train : Update 179000. Negative ELBO : 1787.479, BCE: 681.973, KLD_latent: 33.849, KLD_decoder_params_norm: 1071.657, Time: 9663.64 |
|Train : Update 180000. Negative ELBO : 1769.443, BCE: 673.198, KLD_latent: 34.276, KLD_decoder_params_norm: 1061.969, Time: 9721.00 |
|Train : Update 181000. Negative ELBO : 1769.087, BCE: 683.022, KLD_latent: 33.706, KLD_decoder_params_norm: 1052.358, Time: 9771.74 |
|Train : Update 182000. Negative ELBO : 1761.816, BCE: 684.675, KLD_latent: 34.321, KLD_decoder_params_norm: 1042.820, Time: 9826.00 |
|Train : Update 183000. Negative ELBO : 1763.836, BCE: 696.523, KLD_latent: 33.965, KLD_decoder_params_norm: 1033.347, Time: 9879.57 |
|Train : Update 184000. Negative ELBO : 1743.590, BCE: 685.916, KLD_latent: 33.720, KLD_decoder_params_norm: 1023.954, Time: 9930.00 |
|Train : Update 185000. Negative ELBO : 1734.019, BCE: 685.434, KLD_latent: 33.946, KLD_decoder_params_norm: 1014.639, Time: 9986.46 |
|Train : Update 186000. Negative ELBO : 1723.643, BCE: 684.665, KLD_latent: 33.582, KLD_decoder_params_norm: 1005.395, Time: 10036.03 |
|Train : Update 187000. Negative ELBO : 1711.500, BCE: 681.661, KLD_latent: 33.620, KLD_decoder_params_norm: 996.220, Time: 10091.19 |
|Train : Update 188000. Negative ELBO : 1709.012, BCE: 688.133, KLD_latent: 33.755, KLD_decoder_params_norm: 987.124, Time: 10144.68 |
|Train : Update 189000. Negative ELBO : 1697.611, BCE: 685.133, KLD_latent: 34.381, KLD_decoder_params_norm: 978.098, Time: 10197.31 |
|Train : Update 190000. Negative ELBO : 1703.513, BCE: 700.922, KLD_latent: 33.443, KLD_decoder_params_norm: 969.148, Time: 10254.39 |
|Train : Update 191000. Negative ELBO : 1684.796, BCE: 690.869, KLD_latent: 33.659, KLD_decoder_params_norm: 960.268, Time: 10304.61 |
|Train : Update 192000. Negative ELBO : 1662.699, BCE: 677.083, KLD_latent: 34.150, KLD_decoder_params_norm: 951.466, Time: 10363.33 |
|Train : Update 193000. Negative ELBO : 1674.156, BCE: 696.987, KLD_latent: 34.434, KLD_decoder_params_norm: 942.735, Time: 10415.15 |
|Train : Update 194000. Negative ELBO : 1658.632, BCE: 690.424, KLD_latent: 34.129, KLD_decoder_params_norm: 934.079, Time: 10469.48 |
|Train : Update 195000. Negative ELBO : 1639.506, BCE: 679.900, KLD_latent: 34.115, KLD_decoder_params_norm: 925.491, Time: 10524.44 |
|Train : Update 196000. Negative ELBO : 1655.443, BCE: 704.406, KLD_latent: 34.057, KLD_decoder_params_norm: 916.981, Time: 10574.81 |
|Train : Update 197000. Negative ELBO : 1636.674, BCE: 694.213, KLD_latent: 33.907, KLD_decoder_params_norm: 908.553, Time: 10632.48 |
|Train : Update 198000. Negative ELBO : 1633.213, BCE: 698.377, KLD_latent: 34.635, KLD_decoder_params_norm: 900.201, Time: 10682.94 |
|Train : Update 199000. Negative ELBO : 1610.518, BCE: 684.799, KLD_latent: 33.801, KLD_decoder_params_norm: 891.918, Time: 10738.31 |
|Train : Update 200000. Negative ELBO : 1618.691, BCE: 700.848, KLD_latent: 34.136, KLD_decoder_params_norm: 883.707, Time: 10791.92 |
|Train : Update 201000. Negative ELBO : 1601.897, BCE: 692.443, KLD_latent: 33.877, KLD_decoder_params_norm: 875.577, Time: 10842.81 |
|Train : Update 202000. Negative ELBO : 1594.344, BCE: 692.792, KLD_latent: 34.034, KLD_decoder_params_norm: 867.518, Time: 10900.13 |
|Train : Update 203000. Negative ELBO : 1579.570, BCE: 686.283, KLD_latent: 33.749, KLD_decoder_params_norm: 859.538, Time: 10949.83 |
|Train : Update 204000. Negative ELBO : 1566.340, BCE: 681.252, KLD_latent: 33.456, KLD_decoder_params_norm: 851.632, Time: 11006.35 |
|Train : Update 205000. Negative ELBO : 1560.117, BCE: 683.115, KLD_latent: 33.199, KLD_decoder_params_norm: 843.803, Time: 11058.69 |
|Train : Update 206000. Negative ELBO : 1565.378, BCE: 696.143, KLD_latent: 33.183, KLD_decoder_params_norm: 836.052, Time: 11111.68 |
|Train : Update 207000. Negative ELBO : 1549.194, BCE: 687.128, KLD_latent: 33.691, KLD_decoder_params_norm: 828.375, Time: 11167.95 |
|Train : Update 208000. Negative ELBO : 1571.462, BCE: 717.569, KLD_latent: 33.116, KLD_decoder_params_norm: 820.777, Time: 11217.11 |
|Train : Update 209000. Negative ELBO : 1534.096, BCE: 687.204, KLD_latent: 33.640, KLD_decoder_params_norm: 813.252, Time: 11274.07 |
|Train : Update 210000. Negative ELBO : 1546.088, BCE: 706.782, KLD_latent: 33.504, KLD_decoder_params_norm: 805.802, Time: 11324.42 |
|Train : Update 211000. Negative ELBO : 1519.264, BCE: 687.361, KLD_latent: 33.467, KLD_decoder_params_norm: 798.436, Time: 11378.04 |
|Train : Update 212000. Negative ELBO : 1508.749, BCE: 684.193, KLD_latent: 33.413, KLD_decoder_params_norm: 791.144, Time: 11432.01 |
|Train : Update 213000. Negative ELBO : 1511.195, BCE: 693.805, KLD_latent: 33.466, KLD_decoder_params_norm: 783.924, Time: 11483.08 |
|Train : Update 214000. Negative ELBO : 1500.800, BCE: 690.611, KLD_latent: 33.403, KLD_decoder_params_norm: 776.786, Time: 11540.17 |
|Train : Update 215000. Negative ELBO : 1504.870, BCE: 701.873, KLD_latent: 33.274, KLD_decoder_params_norm: 769.723, Time: 11590.14 |
|Train : Update 216000. Negative ELBO : 1493.678, BCE: 697.470, KLD_latent: 33.476, KLD_decoder_params_norm: 762.732, Time: 11646.90 |
|Train : Update 217000. Negative ELBO : 1487.868, BCE: 698.958, KLD_latent: 33.098, KLD_decoder_params_norm: 755.812, Time: 11699.78 |
|Train : Update 218000. Negative ELBO : 1491.025, BCE: 708.938, KLD_latent: 33.125, KLD_decoder_params_norm: 748.963, Time: 11753.29 |
|Train : Update 219000. Negative ELBO : 1468.226, BCE: 692.382, KLD_latent: 33.659, KLD_decoder_params_norm: 742.186, Time: 11808.80 |
|Train : Update 220000. Negative ELBO : 1477.815, BCE: 707.753, KLD_latent: 34.588, KLD_decoder_params_norm: 735.474, Time: 11858.07 |
|Train : Update 221000. Negative ELBO : 1460.480, BCE: 698.796, KLD_latent: 32.853, KLD_decoder_params_norm: 728.831, Time: 11915.59 |
|Train : Update 222000. Negative ELBO : 1451.795, BCE: 696.205, KLD_latent: 33.332, KLD_decoder_params_norm: 722.258, Time: 11966.79 |
|Train : Update 223000. Negative ELBO : 1457.855, BCE: 708.134, KLD_latent: 33.960, KLD_decoder_params_norm: 715.761, Time: 12022.76 |
|Train : Update 224000. Negative ELBO : 1444.548, BCE: 702.127, KLD_latent: 33.092, KLD_decoder_params_norm: 709.329, Time: 12078.06 |
|Train : Update 225000. Negative ELBO : 1425.090, BCE: 688.964, KLD_latent: 33.164, KLD_decoder_params_norm: 702.962, Time: 12129.69 |
|Train : Update 226000. Negative ELBO : 1425.066, BCE: 695.183, KLD_latent: 33.220, KLD_decoder_params_norm: 696.663, Time: 12186.56 |
|Train : Update 227000. Negative ELBO : 1419.117, BCE: 695.446, KLD_latent: 33.239, KLD_decoder_params_norm: 690.432, Time: 12235.76 |
|Train : Update 228000. Negative ELBO : 1418.145, BCE: 700.320, KLD_latent: 33.554, KLD_decoder_params_norm: 684.271, Time: 12292.01 |
|Train : Update 229000. Negative ELBO : 1402.891, BCE: 691.422, KLD_latent: 33.295, KLD_decoder_params_norm: 678.173, Time: 12344.30 |
|Train : Update 230000. Negative ELBO : 1406.472, BCE: 701.584, KLD_latent: 32.743, KLD_decoder_params_norm: 672.145, Time: 12398.18 |
|Train : Update 231000. Negative ELBO : 1395.027, BCE: 694.944, KLD_latent: 33.898, KLD_decoder_params_norm: 666.186, Time: 12454.57 |
|Train : Update 232000. Negative ELBO : 1387.704, BCE: 694.363, KLD_latent: 33.047, KLD_decoder_params_norm: 660.294, Time: 12504.42 |
|Train : Update 233000. Negative ELBO : 1375.313, BCE: 687.837, KLD_latent: 33.002, KLD_decoder_params_norm: 654.473, Time: 12561.30 |
|Train : Update 234000. Negative ELBO : 1374.546, BCE: 693.129, KLD_latent: 32.698, KLD_decoder_params_norm: 648.719, Time: 12613.17 |
|Train : Update 235000. Negative ELBO : 1385.987, BCE: 709.644, KLD_latent: 33.312, KLD_decoder_params_norm: 643.032, Time: 12668.78 |
|Train : Update 236000. Negative ELBO : 1374.677, BCE: 703.764, KLD_latent: 33.498, KLD_decoder_params_norm: 637.415, Time: 12723.70 |
|Train : Update 237000. Negative ELBO : 1366.994, BCE: 701.711, KLD_latent: 33.416, KLD_decoder_params_norm: 631.867, Time: 12775.63 |
|Train : Update 238000. Negative ELBO : 1364.367, BCE: 704.730, KLD_latent: 33.253, KLD_decoder_params_norm: 626.384, Time: 12833.14 |
|Train : Update 239000. Negative ELBO : 1337.720, BCE: 683.695, KLD_latent: 33.050, KLD_decoder_params_norm: 620.976, Time: 12882.31 |
|Train : Update 240000. Negative ELBO : 1352.343, BCE: 703.845, KLD_latent: 32.866, KLD_decoder_params_norm: 615.633, Time: 12939.07 |
|Train : Update 241000. Negative ELBO : 1350.506, BCE: 706.924, KLD_latent: 33.224, KLD_decoder_params_norm: 610.358, Time: 12991.52 |
|Train : Update 242000. Negative ELBO : 1363.549, BCE: 725.739, KLD_latent: 32.652, KLD_decoder_params_norm: 605.159, Time: 13045.49 |
|Train : Update 243000. Negative ELBO : 1332.493, BCE: 699.598, KLD_latent: 32.869, KLD_decoder_params_norm: 600.026, Time: 13101.50 |
|Train : Update 244000. Negative ELBO : 1332.487, BCE: 704.613, KLD_latent: 32.909, KLD_decoder_params_norm: 594.966, Time: 13151.79 |
|Train : Update 245000. Negative ELBO : 1330.432, BCE: 707.645, KLD_latent: 32.812, KLD_decoder_params_norm: 589.975, Time: 13208.95 |
|Train : Update 246000. Negative ELBO : 1330.776, BCE: 712.033, KLD_latent: 33.688, KLD_decoder_params_norm: 585.055, Time: 13259.36 |
|Train : Update 247000. Negative ELBO : 1329.313, BCE: 716.282, KLD_latent: 32.825, KLD_decoder_params_norm: 580.205, Time: 13314.86 |
|Train : Update 248000. Negative ELBO : 1313.345, BCE: 704.932, KLD_latent: 32.994, KLD_decoder_params_norm: 575.419, Time: 13369.09 |
|Train : Update 249000. Negative ELBO : 1313.578, BCE: 710.216, KLD_latent: 32.662, KLD_decoder_params_norm: 570.700, Time: 13421.60 |
|Train : Update 250000. Negative ELBO : 1313.714, BCE: 715.005, KLD_latent: 32.654, KLD_decoder_params_norm: 566.054, Time: 13477.97 |
|Train : Update 251000. Negative ELBO : 1311.239, BCE: 716.950, KLD_latent: 32.817, KLD_decoder_params_norm: 561.471, Time: 13526.72 |
|Train : Update 252000. Negative ELBO : 1291.137, BCE: 701.335, KLD_latent: 32.851, KLD_decoder_params_norm: 556.951, Time: 13583.32 |
|Train : Update 253000. Negative ELBO : 1294.906, BCE: 709.850, KLD_latent: 32.559, KLD_decoder_params_norm: 552.498, Time: 13635.02 |
|Train : Update 254000. Negative ELBO : 1288.012, BCE: 706.829, KLD_latent: 33.075, KLD_decoder_params_norm: 548.107, Time: 13688.19 |
|Train : Update 255000. Negative ELBO : 1306.212, BCE: 729.229, KLD_latent: 33.200, KLD_decoder_params_norm: 543.782, Time: 13743.66 |
|Train : Update 256000. Negative ELBO : 1286.625, BCE: 714.447, KLD_latent: 32.662, KLD_decoder_params_norm: 539.516, Time: 13793.89 |
|Train : Update 257000. Negative ELBO : 1296.968, BCE: 728.881, KLD_latent: 32.776, KLD_decoder_params_norm: 535.311, Time: 13851.90 |
|Train : Update 258000. Negative ELBO : 1285.558, BCE: 721.751, KLD_latent: 32.639, KLD_decoder_params_norm: 531.168, Time: 13902.48 |
|Train : Update 259000. Negative ELBO : 1262.949, BCE: 703.176, KLD_latent: 32.681, KLD_decoder_params_norm: 527.092, Time: 13957.29 |
|Train : Update 260000. Negative ELBO : 1266.467, BCE: 709.789, KLD_latent: 33.600, KLD_decoder_params_norm: 523.078, Time: 14012.31 |
|Train : Update 261000. Negative ELBO : 1256.654, BCE: 704.655, KLD_latent: 32.875, KLD_decoder_params_norm: 519.124, Time: 14064.55 |
|Train : Update 262000. Negative ELBO : 1255.500, BCE: 707.177, KLD_latent: 33.098, KLD_decoder_params_norm: 515.225, Time: 14122.41 |
|Train : Update 263000. Negative ELBO : 1235.820, BCE: 691.686, KLD_latent: 32.747, KLD_decoder_params_norm: 511.387, Time: 14172.42 |
|Train : Update 264000. Negative ELBO : 1244.642, BCE: 704.241, KLD_latent: 32.791, KLD_decoder_params_norm: 507.610, Time: 14228.06 |
|Train : Update 265000. Negative ELBO : 1239.867, BCE: 703.482, KLD_latent: 32.497, KLD_decoder_params_norm: 503.888, Time: 14281.52 |
|Train : Update 266000. Negative ELBO : 1253.115, BCE: 720.421, KLD_latent: 32.473, KLD_decoder_params_norm: 500.221, Time: 14335.46 |
|Train : Update 267000. Negative ELBO : 1236.743, BCE: 707.041, KLD_latent: 33.088, KLD_decoder_params_norm: 496.615, Time: 14391.69 |
|Train : Update 268000. Negative ELBO : 1246.008, BCE: 720.619, KLD_latent: 32.329, KLD_decoder_params_norm: 493.060, Time: 14441.90 |
|Train : Update 269000. Negative ELBO : 1226.887, BCE: 704.753, KLD_latent: 32.577, KLD_decoder_params_norm: 489.556, Time: 14499.04 |
|Train : Update 270000. Negative ELBO : 1231.126, BCE: 712.743, KLD_latent: 32.272, KLD_decoder_params_norm: 486.111, Time: 14551.05 |
|Train : Update 271000. Negative ELBO : 1221.499, BCE: 706.133, KLD_latent: 32.647, KLD_decoder_params_norm: 482.718, Time: 14606.17 |
|Train : Update 272000. Negative ELBO : 1218.677, BCE: 706.539, KLD_latent: 32.763, KLD_decoder_params_norm: 479.375, Time: 14661.50 |
|Train : Update 273000. Negative ELBO : 1212.662, BCE: 703.702, KLD_latent: 32.883, KLD_decoder_params_norm: 476.077, Time: 14713.48 |
|Train : Update 274000. Negative ELBO : 1234.265, BCE: 728.862, KLD_latent: 32.563, KLD_decoder_params_norm: 472.840, Time: 14770.82 |
|Train : Update 275000. Negative ELBO : 1234.255, BCE: 731.905, KLD_latent: 32.702, KLD_decoder_params_norm: 469.649, Time: 14820.13 |
|Train : Update 276000. Negative ELBO : 1211.598, BCE: 712.546, KLD_latent: 32.544, KLD_decoder_params_norm: 466.508, Time: 14875.86 |
|Train : Update 277000. Negative ELBO : 1209.346, BCE: 713.381, KLD_latent: 32.554, KLD_decoder_params_norm: 463.410, Time: 14927.99 |
|Train : Update 278000. Negative ELBO : 1205.964, BCE: 712.858, KLD_latent: 32.753, KLD_decoder_params_norm: 460.353, Time: 14979.44 |
|Train : Update 279000. Negative ELBO : 1207.521, BCE: 717.035, KLD_latent: 33.143, KLD_decoder_params_norm: 457.343, Time: 15035.72 |
|Train : Update 280000. Negative ELBO : 1203.292, BCE: 716.366, KLD_latent: 32.552, KLD_decoder_params_norm: 454.375, Time: 15085.65 |
|Train : Update 281000. Negative ELBO : 1202.364, BCE: 718.525, KLD_latent: 32.387, KLD_decoder_params_norm: 451.452, Time: 15142.99 |
|Train : Update 282000. Negative ELBO : 1200.821, BCE: 720.132, KLD_latent: 32.124, KLD_decoder_params_norm: 448.566, Time: 15194.25 |
|Train : Update 283000. Negative ELBO : 1186.801, BCE: 708.697, KLD_latent: 32.380, KLD_decoder_params_norm: 445.723, Time: 15246.71 |
|Train : Update 284000. Negative ELBO : 1186.720, BCE: 712.008, KLD_latent: 31.799, KLD_decoder_params_norm: 442.914, Time: 15302.11 |
|Train : Update 285000. Negative ELBO : 1182.666, BCE: 710.044, KLD_latent: 32.479, KLD_decoder_params_norm: 440.142, Time: 15351.61 |
|Train : Update 286000. Negative ELBO : 1170.064, BCE: 700.449, KLD_latent: 32.207, KLD_decoder_params_norm: 437.409, Time: 15409.12 |
|Train : Update 287000. Negative ELBO : 1185.549, BCE: 719.001, KLD_latent: 31.842, KLD_decoder_params_norm: 434.706, Time: 15460.30 |
|Train : Update 288000. Negative ELBO : 1173.290, BCE: 708.950, KLD_latent: 32.297, KLD_decoder_params_norm: 432.042, Time: 15515.09 |
|Train : Update 289000. Negative ELBO : 1168.541, BCE: 707.059, KLD_latent: 32.071, KLD_decoder_params_norm: 429.411, Time: 15569.63 |
|Train : Update 290000. Negative ELBO : 1174.094, BCE: 714.387, KLD_latent: 32.892, KLD_decoder_params_norm: 426.815, Time: 15620.83 |
|Train : Update 291000. Negative ELBO : 1169.480, BCE: 713.497, KLD_latent: 31.738, KLD_decoder_params_norm: 424.245, Time: 15678.57 |
|Train : Update 292000. Negative ELBO : 1162.542, BCE: 709.216, KLD_latent: 31.616, KLD_decoder_params_norm: 421.710, Time: 15728.39 |
|Train : Update 293000. Negative ELBO : 1170.191, BCE: 718.456, KLD_latent: 32.527, KLD_decoder_params_norm: 419.208, Time: 15783.23 |
|Train : Update 294000. Negative ELBO : 1160.662, BCE: 711.540, KLD_latent: 32.392, KLD_decoder_params_norm: 416.730, Time: 15836.27 |
|Train : Update 295000. Negative ELBO : 1157.771, BCE: 711.766, KLD_latent: 31.718, KLD_decoder_params_norm: 414.286, Time: 15887.78 |
|Train : Update 296000. Negative ELBO : 1168.718, BCE: 724.414, KLD_latent: 32.435, KLD_decoder_params_norm: 411.870, Time: 15944.74 |
|Train : Update 297000. Negative ELBO : 1159.439, BCE: 717.707, KLD_latent: 32.248, KLD_decoder_params_norm: 409.484, Time: 15994.10 |
|Train : Update 298000. Negative ELBO : 1155.330, BCE: 715.717, KLD_latent: 32.483, KLD_decoder_params_norm: 407.130, Time: 16050.71 |
|Train : Update 299000. Negative ELBO : 1158.135, BCE: 721.769, KLD_latent: 31.567, KLD_decoder_params_norm: 404.798, Time: 16102.87 |
|Train : Update 300000. Negative ELBO : 1155.837, BCE: 721.174, KLD_latent: 32.165, KLD_decoder_params_norm: 402.498, Time: 16155.68 |
|Train : Update 301000. Negative ELBO : 1139.260, BCE: 707.381, KLD_latent: 31.653, KLD_decoder_params_norm: 400.226, Time: 16211.54 |
|Train : Update 302000. Negative ELBO : 1129.314, BCE: 699.227, KLD_latent: 32.113, KLD_decoder_params_norm: 397.975, Time: 16260.41 |
|Train : Update 303000. Negative ELBO : 1145.093, BCE: 717.492, KLD_latent: 31.845, KLD_decoder_params_norm: 395.756, Time: 16319.94 |
|Train : Update 304000. Negative ELBO : 1149.017, BCE: 723.846, KLD_latent: 31.610, KLD_decoder_params_norm: 393.562, Time: 16371.97 |
|Train : Update 305000. Negative ELBO : 1140.755, BCE: 717.570, KLD_latent: 31.791, KLD_decoder_params_norm: 391.395, Time: 16426.78 |
|Train : Update 306000. Negative ELBO : 1142.529, BCE: 721.867, KLD_latent: 31.408, KLD_decoder_params_norm: 389.254, Time: 16481.41 |
|Train : Update 307000. Negative ELBO : 1132.718, BCE: 713.396, KLD_latent: 32.179, KLD_decoder_params_norm: 387.144, Time: 16531.80 |
|Train : Update 308000. Negative ELBO : 1139.008, BCE: 721.797, KLD_latent: 32.147, KLD_decoder_params_norm: 385.064, Time: 16589.37 |
|Train : Update 309000. Negative ELBO : 1141.260, BCE: 726.177, KLD_latent: 32.071, KLD_decoder_params_norm: 383.011, Time: 16639.92 |
|Train : Update 310000. Negative ELBO : 1128.296, BCE: 715.710, KLD_latent: 31.597, KLD_decoder_params_norm: 380.989, Time: 16695.45 |
|Train : Update 311000. Negative ELBO : 1125.820, BCE: 715.186, KLD_latent: 31.641, KLD_decoder_params_norm: 378.992, Time: 16748.68 |
|Train : Update 312000. Negative ELBO : 1117.641, BCE: 709.248, KLD_latent: 31.378, KLD_decoder_params_norm: 377.015, Time: 16800.37 |
|Train : Update 313000. Negative ELBO : 1126.487, BCE: 718.924, KLD_latent: 32.496, KLD_decoder_params_norm: 375.067, Time: 16859.39 |
|Train : Update 314000. Negative ELBO : 1121.998, BCE: 717.228, KLD_latent: 31.625, KLD_decoder_params_norm: 373.144, Time: 16909.87 |
|Train : Update 315000. Negative ELBO : 1133.254, BCE: 730.403, KLD_latent: 31.606, KLD_decoder_params_norm: 371.245, Time: 16967.63 |
|Train : Update 316000. Negative ELBO : 1117.557, BCE: 715.849, KLD_latent: 32.336, KLD_decoder_params_norm: 369.372, Time: 17020.66 |
|Train : Update 317000. Negative ELBO : 1122.831, BCE: 723.373, KLD_latent: 31.936, KLD_decoder_params_norm: 367.522, Time: 17075.32 |
|Train : Update 318000. Negative ELBO : 1128.326, BCE: 730.786, KLD_latent: 31.844, KLD_decoder_params_norm: 365.697, Time: 17130.22 |
|Train : Update 319000. Negative ELBO : 1110.362, BCE: 715.068, KLD_latent: 31.399, KLD_decoder_params_norm: 363.895, Time: 17181.61 |
|Train : Update 320000. Negative ELBO : 1102.343, BCE: 708.435, KLD_latent: 31.788, KLD_decoder_params_norm: 362.119, Time: 17239.27 |
|Train : Update 321000. Negative ELBO : 1114.955, BCE: 723.064, KLD_latent: 31.525, KLD_decoder_params_norm: 360.366, Time: 17290.38 |
|Train : Update 322000. Negative ELBO : 1111.444, BCE: 721.325, KLD_latent: 31.486, KLD_decoder_params_norm: 358.633, Time: 17347.02 |
|Train : Update 323000. Negative ELBO : 1107.905, BCE: 719.284, KLD_latent: 31.697, KLD_decoder_params_norm: 356.924, Time: 17400.31 |
|Train : Update 324000. Negative ELBO : 1109.255, BCE: 722.383, KLD_latent: 31.641, KLD_decoder_params_norm: 355.231, Time: 17453.37 |
|Train : Update 325000. Negative ELBO : 1098.290, BCE: 713.369, KLD_latent: 31.356, KLD_decoder_params_norm: 353.565, Time: 17510.66 |
|Train : Update 326000. Negative ELBO : 1111.353, BCE: 726.996, KLD_latent: 32.438, KLD_decoder_params_norm: 351.919, Time: 17560.57 |
|Train : Update 327000. Negative ELBO : 1106.404, BCE: 724.424, KLD_latent: 31.690, KLD_decoder_params_norm: 350.291, Time: 17618.11 |
|Train : Update 328000. Negative ELBO : 1095.028, BCE: 713.895, KLD_latent: 32.449, KLD_decoder_params_norm: 348.684, Time: 17670.52 |
|Train : Update 329000. Negative ELBO : 1106.660, BCE: 727.431, KLD_latent: 32.134, KLD_decoder_params_norm: 347.095, Time: 17724.98 |
|Train : Update 330000. Negative ELBO : 1118.290, BCE: 740.560, KLD_latent: 32.206, KLD_decoder_params_norm: 345.525, Time: 17780.94 |
|Train : Update 331000. Negative ELBO : 1093.264, BCE: 718.007, KLD_latent: 31.286, KLD_decoder_params_norm: 343.972, Time: 17831.73 |
|Train : Update 332000. Negative ELBO : 1105.861, BCE: 731.636, KLD_latent: 31.788, KLD_decoder_params_norm: 342.437, Time: 17889.46 |
|Train : Update 333000. Negative ELBO : 1104.497, BCE: 731.791, KLD_latent: 31.786, KLD_decoder_params_norm: 340.920, Time: 17939.83 |
|Train : Update 334000. Negative ELBO : 1104.515, BCE: 733.112, KLD_latent: 31.979, KLD_decoder_params_norm: 339.424, Time: 17993.39 |
|Train : Update 335000. Negative ELBO : 1105.916, BCE: 736.509, KLD_latent: 31.460, KLD_decoder_params_norm: 337.947, Time: 18047.84 |
|Train : Update 336000. Negative ELBO : 1083.330, BCE: 715.536, KLD_latent: 31.313, KLD_decoder_params_norm: 336.481, Time: 18098.53 |
|Train : Update 337000. Negative ELBO : 1099.170, BCE: 732.097, KLD_latent: 32.040, KLD_decoder_params_norm: 335.033, Time: 18154.80 |
|Train : Update 338000. Negative ELBO : 1080.211, BCE: 715.734, KLD_latent: 30.874, KLD_decoder_params_norm: 333.602, Time: 18203.52 |
|Train : Update 339000. Negative ELBO : 1097.423, BCE: 733.467, KLD_latent: 31.774, KLD_decoder_params_norm: 332.182, Time: 18258.03 |
|Train : Update 340000. Negative ELBO : 1095.087, BCE: 732.277, KLD_latent: 32.037, KLD_decoder_params_norm: 330.773, Time: 18311.18 |
|Train : Update 341000. Negative ELBO : 1091.964, BCE: 731.335, KLD_latent: 31.249, KLD_decoder_params_norm: 329.380, Time: 18363.92 |
|Train : Update 342000. Negative ELBO : 1081.227, BCE: 721.601, KLD_latent: 31.622, KLD_decoder_params_norm: 328.005, Time: 18420.02 |
|Train : Update 343000. Negative ELBO : 1086.223, BCE: 728.314, KLD_latent: 31.268, KLD_decoder_params_norm: 326.640, Time: 18468.64 |
|Train : Update 344000. Negative ELBO : 1088.406, BCE: 731.377, KLD_latent: 31.740, KLD_decoder_params_norm: 325.288, Time: 18524.66 |
|Train : Update 345000. Negative ELBO : 1088.714, BCE: 733.338, KLD_latent: 31.422, KLD_decoder_params_norm: 323.955, Time: 18574.92 |
|Train : Update 346000. Negative ELBO : 1071.780, BCE: 717.935, KLD_latent: 31.215, KLD_decoder_params_norm: 322.630, Time: 18627.87 |
|Train : Update 347000. Negative ELBO : 1095.743, BCE: 742.944, KLD_latent: 31.479, KLD_decoder_params_norm: 321.320, Time: 18681.89 |
|Train : Update 348000. Negative ELBO : 1083.874, BCE: 732.182, KLD_latent: 31.672, KLD_decoder_params_norm: 320.020, Time: 18731.27 |
|Train : Update 349000. Negative ELBO : 1088.619, BCE: 738.800, KLD_latent: 31.084, KLD_decoder_params_norm: 318.735, Time: 18786.68 |
|Train : Update 350000. Negative ELBO : 1065.053, BCE: 716.798, KLD_latent: 30.792, KLD_decoder_params_norm: 317.463, Time: 18837.13 |
|Train : Update 351000. Negative ELBO : 1080.351, BCE: 732.871, KLD_latent: 31.279, KLD_decoder_params_norm: 316.201, Time: 18891.36 |
|Train : Update 352000. Negative ELBO : 1082.871, BCE: 736.441, KLD_latent: 31.480, KLD_decoder_params_norm: 314.949, Time: 18943.81 |
|Train : Update 353000. Negative ELBO : 1072.850, BCE: 728.106, KLD_latent: 31.034, KLD_decoder_params_norm: 313.709, Time: 18996.08 |
|Train : Update 354000. Negative ELBO : 1073.357, BCE: 729.748, KLD_latent: 31.125, KLD_decoder_params_norm: 312.483, Time: 19052.83 |
|Train : Update 355000. Negative ELBO : 1067.269, BCE: 725.110, KLD_latent: 30.894, KLD_decoder_params_norm: 311.264, Time: 19101.05 |
|Train : Update 356000. Negative ELBO : 1067.508, BCE: 726.082, KLD_latent: 31.370, KLD_decoder_params_norm: 310.056, Time: 19156.98 |
|Train : Update 357000. Negative ELBO : 1063.390, BCE: 722.956, KLD_latent: 31.576, KLD_decoder_params_norm: 308.858, Time: 19208.18 |
|Train : Update 358000. Negative ELBO : 1083.789, BCE: 744.372, KLD_latent: 31.741, KLD_decoder_params_norm: 307.676, Time: 19260.43 |
|Train : Update 359000. Negative ELBO : 1078.084, BCE: 740.020, KLD_latent: 31.559, KLD_decoder_params_norm: 306.504, Time: 19315.00 |
|Train : Update 360000. Negative ELBO : 1055.212, BCE: 718.562, KLD_latent: 31.308, KLD_decoder_params_norm: 305.343, Time: 19362.56 |
|Train : Update 361000. Negative ELBO : 1069.984, BCE: 734.606, KLD_latent: 31.189, KLD_decoder_params_norm: 304.189, Time: 19418.06 |
|Train : Update 362000. Negative ELBO : 1067.854, BCE: 733.448, KLD_latent: 31.362, KLD_decoder_params_norm: 303.044, Time: 19468.47 |
|Train : Update 363000. Negative ELBO : 1065.641, BCE: 732.518, KLD_latent: 31.208, KLD_decoder_params_norm: 301.915, Time: 19522.08 |
|Train : Update 364000. Negative ELBO : 1043.979, BCE: 712.483, KLD_latent: 30.703, KLD_decoder_params_norm: 300.793, Time: 19576.35 |
|Train : Update 365000. Negative ELBO : 1053.077, BCE: 721.886, KLD_latent: 31.504, KLD_decoder_params_norm: 299.688, Time: 19627.42 |
|Train : Update 366000. Negative ELBO : 1056.447, BCE: 726.659, KLD_latent: 31.198, KLD_decoder_params_norm: 298.590, Time: 19684.17 |
|Train : Update 367000. Negative ELBO : 1068.371, BCE: 739.411, KLD_latent: 31.459, KLD_decoder_params_norm: 297.501, Time: 19732.79 |
|Train : Update 368000. Negative ELBO : 1066.651, BCE: 738.537, KLD_latent: 31.697, KLD_decoder_params_norm: 296.417, Time: 19786.59 |
|Train : Update 369000. Negative ELBO : 1047.923, BCE: 721.569, KLD_latent: 31.008, KLD_decoder_params_norm: 295.346, Time: 19839.27 |
|Train : Update 370000. Negative ELBO : 1055.112, BCE: 729.402, KLD_latent: 31.423, KLD_decoder_params_norm: 294.287, Time: 19890.82 |
|Train : Update 371000. Negative ELBO : 1061.568, BCE: 737.437, KLD_latent: 30.899, KLD_decoder_params_norm: 293.232, Time: 19946.43 |
|Train : Update 372000. Negative ELBO : 1048.831, BCE: 725.057, KLD_latent: 31.582, KLD_decoder_params_norm: 292.192, Time: 19994.69 |
|Train : Update 373000. Negative ELBO : 1061.155, BCE: 738.618, KLD_latent: 31.378, KLD_decoder_params_norm: 291.160, Time: 20049.16 |
|Train : Update 374000. Negative ELBO : 1067.640, BCE: 746.007, KLD_latent: 31.495, KLD_decoder_params_norm: 290.138, Time: 20100.56 |
|Train : Update 375000. Negative ELBO : 1049.501, BCE: 728.832, KLD_latent: 31.551, KLD_decoder_params_norm: 289.119, Time: 20151.82 |
|Train : Update 376000. Negative ELBO : 1060.028, BCE: 740.304, KLD_latent: 31.616, KLD_decoder_params_norm: 288.108, Time: 20206.13 |
|Train : Update 377000. Negative ELBO : 1063.676, BCE: 745.373, KLD_latent: 31.196, KLD_decoder_params_norm: 287.106, Time: 20255.15 |
|Train : Update 378000. Negative ELBO : 1062.269, BCE: 745.163, KLD_latent: 30.991, KLD_decoder_params_norm: 286.115, Time: 20312.13 |
|Train : Update 379000. Negative ELBO : 1055.285, BCE: 739.081, KLD_latent: 31.070, KLD_decoder_params_norm: 285.133, Time: 20363.26 |
|Train : Update 380000. Negative ELBO : 1046.120, BCE: 730.856, KLD_latent: 31.105, KLD_decoder_params_norm: 284.160, Time: 20417.21 |
|Train : Update 381000. Negative ELBO : 1051.599, BCE: 736.617, KLD_latent: 31.788, KLD_decoder_params_norm: 283.194, Time: 20471.41 |
|Train : Update 382000. Negative ELBO : 1039.865, BCE: 726.872, KLD_latent: 30.758, KLD_decoder_params_norm: 282.235, Time: 20522.25 |
|Train : Update 383000. Negative ELBO : 1035.394, BCE: 723.161, KLD_latent: 30.945, KLD_decoder_params_norm: 281.288, Time: 20578.93 |
|Train : Update 384000. Negative ELBO : 1047.854, BCE: 736.578, KLD_latent: 30.928, KLD_decoder_params_norm: 280.348, Time: 20628.80 |
|Train : Update 385000. Negative ELBO : 1051.027, BCE: 740.286, KLD_latent: 31.324, KLD_decoder_params_norm: 279.418, Time: 20684.23 |
|Train : Update 386000. Negative ELBO : 1062.497, BCE: 752.405, KLD_latent: 31.601, KLD_decoder_params_norm: 278.492, Time: 20735.81 |
|Train : Update 387000. Negative ELBO : 1046.487, BCE: 737.713, KLD_latent: 31.201, KLD_decoder_params_norm: 277.574, Time: 20787.71 |
|Train : Update 388000. Negative ELBO : 1058.226, BCE: 750.470, KLD_latent: 31.093, KLD_decoder_params_norm: 276.663, Time: 20842.92 |
|Train : Update 389000. Negative ELBO : 1038.426, BCE: 731.764, KLD_latent: 30.900, KLD_decoder_params_norm: 275.762, Time: 20891.69 |
|Train : Update 390000. Negative ELBO : 1042.989, BCE: 737.436, KLD_latent: 30.681, KLD_decoder_params_norm: 274.872, Time: 20949.22 |
|Train : Update 391000. Negative ELBO : 1038.676, BCE: 733.595, KLD_latent: 31.091, KLD_decoder_params_norm: 273.990, Time: 20999.41 |
|Train : Update 392000. Negative ELBO : 1046.501, BCE: 742.350, KLD_latent: 31.038, KLD_decoder_params_norm: 273.113, Time: 21052.06 |
|Train : Update 393000. Negative ELBO : 1034.564, BCE: 730.940, KLD_latent: 31.380, KLD_decoder_params_norm: 272.243, Time: 21105.09 |
|Train : Update 394000. Negative ELBO : 1028.374, BCE: 726.456, KLD_latent: 30.538, KLD_decoder_params_norm: 271.379, Time: 21154.53 |
|Train : Update 395000. Negative ELBO : 1039.746, BCE: 738.150, KLD_latent: 31.073, KLD_decoder_params_norm: 270.524, Time: 21210.32 |
|Train : Update 396000. Negative ELBO : 1044.155, BCE: 743.629, KLD_latent: 30.851, KLD_decoder_params_norm: 269.675, Time: 21260.02 |
|Train : Update 397000. Negative ELBO : 1024.598, BCE: 724.849, KLD_latent: 30.918, KLD_decoder_params_norm: 268.832, Time: 21314.32 |
|Train : Update 398000. Negative ELBO : 1040.836, BCE: 741.393, KLD_latent: 31.446, KLD_decoder_params_norm: 267.998, Time: 21368.05 |
|Train : Update 399000. Negative ELBO : 1031.849, BCE: 733.706, KLD_latent: 30.972, KLD_decoder_params_norm: 267.172, Time: 21418.03 |
