Number of sequences in alignment file:	7321
Neff:	1119.8690078058419
Alignment sequence length:	627
|Train : Update 0. Negative ELBO : 213206.141, BCE: 2049.085, KLD_latent: 225.186, KLD_decoder_params_norm: 210931.875, Time: 1.21 |
|Train : Update 1000. Negative ELBO : 209848.172, BCE: 1229.624, KLD_latent: 27.167, KLD_decoder_params_norm: 208591.375, Time: 46.74 |
|Train : Update 2000. Negative ELBO : 207279.719, BCE: 979.236, KLD_latent: 47.759, KLD_decoder_params_norm: 206252.719, Time: 90.90 |
|Train : Update 3000. Negative ELBO : 204750.656, BCE: 770.433, KLD_latent: 60.986, KLD_decoder_params_norm: 203919.234, Time: 135.23 |
|Train : Update 4000. Negative ELBO : 202297.844, BCE: 638.823, KLD_latent: 67.895, KLD_decoder_params_norm: 201591.125, Time: 179.40 |
|Train : Update 5000. Negative ELBO : 199926.250, BCE: 593.109, KLD_latent: 67.642, KLD_decoder_params_norm: 199265.500, Time: 223.58 |
|Train : Update 6000. Negative ELBO : 197561.844, BCE: 554.475, KLD_latent: 66.797, KLD_decoder_params_norm: 196940.578, Time: 267.78 |
|Train : Update 7000. Negative ELBO : 195206.750, BCE: 524.936, KLD_latent: 66.072, KLD_decoder_params_norm: 194615.734, Time: 311.93 |
|Train : Update 8000. Negative ELBO : 192879.781, BCE: 521.390, KLD_latent: 67.537, KLD_decoder_params_norm: 192290.859, Time: 356.09 |
|Train : Update 9000. Negative ELBO : 190539.312, BCE: 507.438, KLD_latent: 65.788, KLD_decoder_params_norm: 189966.094, Time: 400.29 |
|Train : Update 10000. Negative ELBO : 188216.703, BCE: 511.822, KLD_latent: 63.287, KLD_decoder_params_norm: 187641.594, Time: 444.47 |
|Train : Update 11000. Negative ELBO : 185882.047, BCE: 504.042, KLD_latent: 60.636, KLD_decoder_params_norm: 185317.359, Time: 488.63 |
|Train : Update 12000. Negative ELBO : 183558.172, BCE: 503.736, KLD_latent: 60.934, KLD_decoder_params_norm: 182993.500, Time: 532.83 |
|Train : Update 13000. Negative ELBO : 181225.016, BCE: 494.278, KLD_latent: 60.759, KLD_decoder_params_norm: 180669.969, Time: 577.00 |
|Train : Update 14000. Negative ELBO : 178894.188, BCE: 485.517, KLD_latent: 61.586, KLD_decoder_params_norm: 178347.078, Time: 621.17 |
|Train : Update 15000. Negative ELBO : 176574.578, BCE: 488.600, KLD_latent: 61.312, KLD_decoder_params_norm: 176024.672, Time: 665.33 |
|Train : Update 16000. Negative ELBO : 174247.438, BCE: 485.813, KLD_latent: 58.734, KLD_decoder_params_norm: 173702.891, Time: 709.55 |
|Train : Update 17000. Negative ELBO : 171917.328, BCE: 477.482, KLD_latent: 58.122, KLD_decoder_params_norm: 171381.719, Time: 753.74 |
|Train : Update 18000. Negative ELBO : 169606.703, BCE: 487.955, KLD_latent: 57.655, KLD_decoder_params_norm: 169061.094, Time: 797.97 |
|Train : Update 19000. Negative ELBO : 167278.500, BCE: 479.892, KLD_latent: 57.511, KLD_decoder_params_norm: 166741.094, Time: 842.13 |
|Train : Update 20000. Negative ELBO : 164949.172, BCE: 468.444, KLD_latent: 58.948, KLD_decoder_params_norm: 164421.781, Time: 886.33 |
|Train : Update 21000. Negative ELBO : 162636.047, BCE: 475.739, KLD_latent: 56.867, KLD_decoder_params_norm: 162103.453, Time: 930.50 |
|Train : Update 22000. Negative ELBO : 160323.328, BCE: 479.424, KLD_latent: 58.061, KLD_decoder_params_norm: 159785.844, Time: 974.70 |
|Train : Update 23000. Negative ELBO : 158001.062, BCE: 477.113, KLD_latent: 54.809, KLD_decoder_params_norm: 157469.141, Time: 1018.86 |
|Train : Update 24000. Negative ELBO : 155683.031, BCE: 475.267, KLD_latent: 54.658, KLD_decoder_params_norm: 155153.109, Time: 1063.04 |
|Train : Update 25000. Negative ELBO : 153361.422, BCE: 468.771, KLD_latent: 54.788, KLD_decoder_params_norm: 152837.875, Time: 1107.21 |
|Train : Update 26000. Negative ELBO : 151047.453, BCE: 471.348, KLD_latent: 52.539, KLD_decoder_params_norm: 150523.578, Time: 1151.38 |
|Train : Update 27000. Negative ELBO : 148740.859, BCE: 477.531, KLD_latent: 53.312, KLD_decoder_params_norm: 148210.016, Time: 1195.54 |
|Train : Update 28000. Negative ELBO : 146420.922, BCE: 468.855, KLD_latent: 54.580, KLD_decoder_params_norm: 145897.484, Time: 1239.77 |
|Train : Update 29000. Negative ELBO : 144115.781, BCE: 475.036, KLD_latent: 54.779, KLD_decoder_params_norm: 143585.969, Time: 1283.99 |
|Train : Update 30000. Negative ELBO : 141801.766, BCE: 473.277, KLD_latent: 53.243, KLD_decoder_params_norm: 141275.234, Time: 1328.22 |
|Train : Update 31000. Negative ELBO : 139493.000, BCE: 476.323, KLD_latent: 51.059, KLD_decoder_params_norm: 138965.609, Time: 1372.40 |
|Train : Update 32000. Negative ELBO : 137180.359, BCE: 470.456, KLD_latent: 52.868, KLD_decoder_params_norm: 136657.031, Time: 1416.56 |
|Train : Update 33000. Negative ELBO : 134872.547, BCE: 471.188, KLD_latent: 51.833, KLD_decoder_params_norm: 134349.531, Time: 1460.72 |
|Train : Update 34000. Negative ELBO : 132570.688, BCE: 476.198, KLD_latent: 51.281, KLD_decoder_params_norm: 132043.203, Time: 1504.93 |
|Train : Update 35000. Negative ELBO : 130271.789, BCE: 481.263, KLD_latent: 52.441, KLD_decoder_params_norm: 129738.086, Time: 1549.11 |
|Train : Update 36000. Negative ELBO : 127957.430, BCE: 469.821, KLD_latent: 53.335, KLD_decoder_params_norm: 127434.273, Time: 1593.35 |
|Train : Update 37000. Negative ELBO : 125647.156, BCE: 464.256, KLD_latent: 51.197, KLD_decoder_params_norm: 125131.703, Time: 1637.56 |
|Train : Update 38000. Negative ELBO : 123352.812, BCE: 472.535, KLD_latent: 49.551, KLD_decoder_params_norm: 122830.719, Time: 1681.74 |
|Train : Update 39000. Negative ELBO : 121052.164, BCE: 467.766, KLD_latent: 53.232, KLD_decoder_params_norm: 120531.164, Time: 1725.92 |
|Train : Update 40000. Negative ELBO : 118761.758, BCE: 479.880, KLD_latent: 48.691, KLD_decoder_params_norm: 118233.188, Time: 1770.11 |
|Train : Update 41000. Negative ELBO : 116470.398, BCE: 483.677, KLD_latent: 49.858, KLD_decoder_params_norm: 115936.859, Time: 1814.33 |
|Train : Update 42000. Negative ELBO : 114170.938, BCE: 479.770, KLD_latent: 48.911, KLD_decoder_params_norm: 113642.250, Time: 1858.49 |
|Train : Update 43000. Negative ELBO : 111875.844, BCE: 476.558, KLD_latent: 49.763, KLD_decoder_params_norm: 111349.523, Time: 1902.69 |
|Train : Update 44000. Negative ELBO : 109587.492, BCE: 478.175, KLD_latent: 50.476, KLD_decoder_params_norm: 109058.844, Time: 1946.88 |
|Train : Update 45000. Negative ELBO : 107299.039, BCE: 478.017, KLD_latent: 50.715, KLD_decoder_params_norm: 106770.305, Time: 1991.07 |
|Train : Update 46000. Negative ELBO : 105020.961, BCE: 487.428, KLD_latent: 49.605, KLD_decoder_params_norm: 104483.930, Time: 2035.27 |
|Train : Update 47000. Negative ELBO : 102734.570, BCE: 484.707, KLD_latent: 49.882, KLD_decoder_params_norm: 102199.984, Time: 2079.50 |
|Train : Update 48000. Negative ELBO : 100455.680, BCE: 486.893, KLD_latent: 50.126, KLD_decoder_params_norm: 99918.664, Time: 2123.74 |
|Train : Update 49000. Negative ELBO : 98176.492, BCE: 487.226, KLD_latent: 49.243, KLD_decoder_params_norm: 97640.023, Time: 2168.23 |
|Train : Update 50000. Negative ELBO : 95907.062, BCE: 493.031, KLD_latent: 49.668, KLD_decoder_params_norm: 95364.359, Time: 2212.42 |
|Train : Update 51000. Negative ELBO : 93634.805, BCE: 491.159, KLD_latent: 51.715, KLD_decoder_params_norm: 93091.930, Time: 2256.59 |
|Train : Update 52000. Negative ELBO : 91367.742, BCE: 495.255, KLD_latent: 49.617, KLD_decoder_params_norm: 90822.867, Time: 2300.77 |
|Train : Update 53000. Negative ELBO : 89091.992, BCE: 484.802, KLD_latent: 49.709, KLD_decoder_params_norm: 88557.477, Time: 2345.00 |
|Train : Update 54000. Negative ELBO : 86841.148, BCE: 496.016, KLD_latent: 49.052, KLD_decoder_params_norm: 86296.078, Time: 2389.17 |
|Train : Update 55000. Negative ELBO : 84583.281, BCE: 495.023, KLD_latent: 49.352, KLD_decoder_params_norm: 84038.906, Time: 2433.35 |
|Train : Update 56000. Negative ELBO : 82345.141, BCE: 509.265, KLD_latent: 49.586, KLD_decoder_params_norm: 81786.289, Time: 2477.57 |
|Train : Update 57000. Negative ELBO : 80087.758, BCE: 498.512, KLD_latent: 50.557, KLD_decoder_params_norm: 79538.688, Time: 2521.77 |
|Train : Update 58000. Negative ELBO : 77843.820, BCE: 498.406, KLD_latent: 49.037, KLD_decoder_params_norm: 77296.375, Time: 2565.96 |
|Train : Update 59000. Negative ELBO : 75616.531, BCE: 507.810, KLD_latent: 48.968, KLD_decoder_params_norm: 75059.750, Time: 2610.12 |
|Train : Update 60000. Negative ELBO : 73389.203, BCE: 509.180, KLD_latent: 50.648, KLD_decoder_params_norm: 72829.375, Time: 2654.30 |
|Train : Update 61000. Negative ELBO : 71171.062, BCE: 517.509, KLD_latent: 48.348, KLD_decoder_params_norm: 70605.203, Time: 2698.51 |
|Train : Update 62000. Negative ELBO : 68950.875, BCE: 514.578, KLD_latent: 48.297, KLD_decoder_params_norm: 68388.000, Time: 2742.68 |
|Train : Update 63000. Negative ELBO : 66756.859, BCE: 529.350, KLD_latent: 48.923, KLD_decoder_params_norm: 66178.586, Time: 2786.87 |
|Train : Update 64000. Negative ELBO : 64553.668, BCE: 527.063, KLD_latent: 49.009, KLD_decoder_params_norm: 63977.598, Time: 2831.03 |
|Train : Update 65000. Negative ELBO : 62359.980, BCE: 524.599, KLD_latent: 49.769, KLD_decoder_params_norm: 61785.613, Time: 2875.20 |
|Train : Update 66000. Negative ELBO : 60178.008, BCE: 525.186, KLD_latent: 49.466, KLD_decoder_params_norm: 59603.355, Time: 2919.38 |
|Train : Update 67000. Negative ELBO : 58024.609, BCE: 543.846, KLD_latent: 49.217, KLD_decoder_params_norm: 57431.543, Time: 2963.56 |
|Train : Update 68000. Negative ELBO : 55864.426, BCE: 543.622, KLD_latent: 49.580, KLD_decoder_params_norm: 55271.227, Time: 3007.79 |
|Train : Update 69000. Negative ELBO : 53723.227, BCE: 550.907, KLD_latent: 48.963, KLD_decoder_params_norm: 53123.355, Time: 3051.98 |
|Train : Update 70000. Negative ELBO : 51602.355, BCE: 563.350, KLD_latent: 50.104, KLD_decoder_params_norm: 50988.898, Time: 3096.21 |
|Train : Update 71000. Negative ELBO : 49479.266, BCE: 561.753, KLD_latent: 48.560, KLD_decoder_params_norm: 48868.953, Time: 3140.37 |
|Train : Update 72000. Negative ELBO : 47381.516, BCE: 567.124, KLD_latent: 49.558, KLD_decoder_params_norm: 46764.832, Time: 3184.56 |
|Train : Update 73000. Negative ELBO : 45300.359, BCE: 573.004, KLD_latent: 49.542, KLD_decoder_params_norm: 44677.812, Time: 3228.76 |
|Train : Update 74000. Negative ELBO : 43249.922, BCE: 590.926, KLD_latent: 49.630, KLD_decoder_params_norm: 42609.367, Time: 3273.00 |
|Train : Update 75000. Negative ELBO : 41212.254, BCE: 600.413, KLD_latent: 50.683, KLD_decoder_params_norm: 40561.156, Time: 3317.24 |
|Train : Update 76000. Negative ELBO : 39174.098, BCE: 590.247, KLD_latent: 48.951, KLD_decoder_params_norm: 38534.898, Time: 3361.45 |
|Train : Update 77000. Negative ELBO : 37197.480, BCE: 615.575, KLD_latent: 49.548, KLD_decoder_params_norm: 36532.359, Time: 3405.65 |
|Train : Update 78000. Negative ELBO : 35229.629, BCE: 624.669, KLD_latent: 49.560, KLD_decoder_params_norm: 34555.402, Time: 3449.88 |
|Train : Update 79000. Negative ELBO : 33279.121, BCE: 622.912, KLD_latent: 49.800, KLD_decoder_params_norm: 32606.410, Time: 3494.07 |
|Train : Update 80000. Negative ELBO : 31371.648, BCE: 634.601, KLD_latent: 49.313, KLD_decoder_params_norm: 30687.734, Time: 3538.30 |
|Train : Update 81000. Negative ELBO : 29489.598, BCE: 636.747, KLD_latent: 51.065, KLD_decoder_params_norm: 28801.787, Time: 3582.46 |
|Train : Update 82000. Negative ELBO : 27657.916, BCE: 656.443, KLD_latent: 49.932, KLD_decoder_params_norm: 26951.541, Time: 3626.65 |
|Train : Update 83000. Negative ELBO : 25858.938, BCE: 669.078, KLD_latent: 50.152, KLD_decoder_params_norm: 25139.707, Time: 3670.82 |
|Train : Update 84000. Negative ELBO : 24109.361, BCE: 689.368, KLD_latent: 50.515, KLD_decoder_params_norm: 23369.479, Time: 3715.00 |
|Train : Update 85000. Negative ELBO : 22401.244, BCE: 707.131, KLD_latent: 49.955, KLD_decoder_params_norm: 21644.158, Time: 3759.17 |
|Train : Update 86000. Negative ELBO : 20726.539, BCE: 709.690, KLD_latent: 49.259, KLD_decoder_params_norm: 19967.590, Time: 3803.37 |
|Train : Update 87000. Negative ELBO : 19121.721, BCE: 727.190, KLD_latent: 50.691, KLD_decoder_params_norm: 18343.840, Time: 3847.54 |
|Train : Update 88000. Negative ELBO : 17577.447, BCE: 752.360, KLD_latent: 48.397, KLD_decoder_params_norm: 16776.691, Time: 3891.73 |
|Train : Update 89000. Negative ELBO : 16093.838, BCE: 773.888, KLD_latent: 49.200, KLD_decoder_params_norm: 15270.750, Time: 3935.94 |
|Train : Update 90000. Negative ELBO : 14664.661, BCE: 784.996, KLD_latent: 49.432, KLD_decoder_params_norm: 13830.233, Time: 3980.12 |
|Train : Update 91000. Negative ELBO : 13315.127, BCE: 804.721, KLD_latent: 49.848, KLD_decoder_params_norm: 12460.558, Time: 4024.36 |
|Train : Update 92000. Negative ELBO : 12039.725, BCE: 824.284, KLD_latent: 49.062, KLD_decoder_params_norm: 11166.378, Time: 4068.56 |
|Train : Update 93000. Negative ELBO : 10845.449, BCE: 844.512, KLD_latent: 47.954, KLD_decoder_params_norm: 9952.983, Time: 4112.75 |
|Train : Update 94000. Negative ELBO : 9744.909, BCE: 871.475, KLD_latent: 47.697, KLD_decoder_params_norm: 8825.736, Time: 4157.08 |
|Train : Update 95000. Negative ELBO : 8728.296, BCE: 891.881, KLD_latent: 46.973, KLD_decoder_params_norm: 7789.441, Time: 4201.25 |
|Train : Update 96000. Negative ELBO : 7814.979, BCE: 918.149, KLD_latent: 47.543, KLD_decoder_params_norm: 6849.287, Time: 4245.49 |
|Train : Update 97000. Negative ELBO : 6994.416, BCE: 938.787, KLD_latent: 46.815, KLD_decoder_params_norm: 6008.814, Time: 4289.67 |
|Train : Update 98000. Negative ELBO : 6300.719, BCE: 980.656, KLD_latent: 48.621, KLD_decoder_params_norm: 5271.442, Time: 4333.86 |
|Train : Update 99000. Negative ELBO : 5674.227, BCE: 990.209, KLD_latent: 45.734, KLD_decoder_params_norm: 4638.284, Time: 4378.06 |
|Train : Update 100000. Negative ELBO : 5164.938, BCE: 1011.841, KLD_latent: 45.207, KLD_decoder_params_norm: 4107.890, Time: 4422.24 |
|Train : Update 101000. Negative ELBO : 4771.590, BCE: 1051.321, KLD_latent: 45.638, KLD_decoder_params_norm: 3674.631, Time: 4466.41 |
|Train : Update 102000. Negative ELBO : 4427.501, BCE: 1057.572, KLD_latent: 42.882, KLD_decoder_params_norm: 3327.047, Time: 4510.65 |
|Train : Update 103000. Negative ELBO : 4181.689, BCE: 1089.642, KLD_latent: 42.635, KLD_decoder_params_norm: 3049.413, Time: 4554.83 |
|Train : Update 104000. Negative ELBO : 3957.620, BCE: 1091.384, KLD_latent: 42.330, KLD_decoder_params_norm: 2823.906, Time: 4598.99 |
|Train : Update 105000. Negative ELBO : 3786.325, BCE: 1108.093, KLD_latent: 41.583, KLD_decoder_params_norm: 2636.649, Time: 4643.22 |
|Train : Update 106000. Negative ELBO : 3672.430, BCE: 1152.114, KLD_latent: 41.443, KLD_decoder_params_norm: 2478.873, Time: 4687.40 |
|Train : Update 107000. Negative ELBO : 3549.910, BCE: 1165.814, KLD_latent: 40.189, KLD_decoder_params_norm: 2343.907, Time: 4731.57 |
|Train : Update 108000. Negative ELBO : 3448.439, BCE: 1182.854, KLD_latent: 38.777, KLD_decoder_params_norm: 2226.809, Time: 4775.82 |
|Train : Update 109000. Negative ELBO : 3361.370, BCE: 1198.062, KLD_latent: 39.591, KLD_decoder_params_norm: 2123.717, Time: 4819.98 |
|Train : Update 110000. Negative ELBO : 3268.799, BCE: 1198.651, KLD_latent: 38.753, KLD_decoder_params_norm: 2031.395, Time: 4864.14 |
|Train : Update 111000. Negative ELBO : 3199.674, BCE: 1216.324, KLD_latent: 35.649, KLD_decoder_params_norm: 1947.701, Time: 4908.31 |
|Train : Update 112000. Negative ELBO : 3124.490, BCE: 1217.797, KLD_latent: 35.910, KLD_decoder_params_norm: 1870.782, Time: 4952.50 |
|Train : Update 113000. Negative ELBO : 3082.459, BCE: 1248.101, KLD_latent: 35.147, KLD_decoder_params_norm: 1799.211, Time: 4996.74 |
|Train : Update 114000. Negative ELBO : 2999.123, BCE: 1233.307, KLD_latent: 33.974, KLD_decoder_params_norm: 1731.842, Time: 5040.94 |
|Train : Update 115000. Negative ELBO : 2948.319, BCE: 1247.039, KLD_latent: 33.295, KLD_decoder_params_norm: 1667.984, Time: 5085.13 |
|Train : Update 116000. Negative ELBO : 2893.792, BCE: 1253.854, KLD_latent: 33.023, KLD_decoder_params_norm: 1606.915, Time: 5129.36 |
|Train : Update 117000. Negative ELBO : 2863.537, BCE: 1283.464, KLD_latent: 31.810, KLD_decoder_params_norm: 1548.263, Time: 5173.57 |
|Train : Update 118000. Negative ELBO : 2779.639, BCE: 1256.213, KLD_latent: 31.533, KLD_decoder_params_norm: 1491.894, Time: 5217.77 |
|Train : Update 119000. Negative ELBO : 2718.922, BCE: 1252.065, KLD_latent: 29.545, KLD_decoder_params_norm: 1437.312, Time: 5261.98 |
|Train : Update 120000. Negative ELBO : 2690.105, BCE: 1274.884, KLD_latent: 30.548, KLD_decoder_params_norm: 1384.674, Time: 5306.16 |
|Train : Update 121000. Negative ELBO : 2645.019, BCE: 1282.950, KLD_latent: 28.052, KLD_decoder_params_norm: 1334.017, Time: 5350.33 |
|Train : Update 122000. Negative ELBO : 2573.255, BCE: 1257.967, KLD_latent: 30.367, KLD_decoder_params_norm: 1284.921, Time: 5394.52 |
|Train : Update 123000. Negative ELBO : 2516.850, BCE: 1251.776, KLD_latent: 27.514, KLD_decoder_params_norm: 1237.560, Time: 5438.71 |
|Train : Update 124000. Negative ELBO : 2483.874, BCE: 1265.120, KLD_latent: 26.747, KLD_decoder_params_norm: 1192.007, Time: 5482.93 |
|Train : Update 125000. Negative ELBO : 2441.524, BCE: 1268.271, KLD_latent: 25.253, KLD_decoder_params_norm: 1148.000, Time: 5527.12 |
|Train : Update 126000. Negative ELBO : 2396.180, BCE: 1262.445, KLD_latent: 27.738, KLD_decoder_params_norm: 1105.996, Time: 5571.30 |
|Train : Update 127000. Negative ELBO : 2359.498, BCE: 1266.496, KLD_latent: 27.446, KLD_decoder_params_norm: 1065.556, Time: 5615.55 |
|Train : Update 128000. Negative ELBO : 2328.706, BCE: 1275.251, KLD_latent: 26.662, KLD_decoder_params_norm: 1026.793, Time: 5659.76 |
|Train : Update 129000. Negative ELBO : 2298.400, BCE: 1284.262, KLD_latent: 24.457, KLD_decoder_params_norm: 989.681, Time: 5703.95 |
|Train : Update 130000. Negative ELBO : 2256.623, BCE: 1276.609, KLD_latent: 26.061, KLD_decoder_params_norm: 953.952, Time: 5748.17 |
|Train : Update 131000. Negative ELBO : 2217.152, BCE: 1271.687, KLD_latent: 25.545, KLD_decoder_params_norm: 919.920, Time: 5792.39 |
|Train : Update 132000. Negative ELBO : 2183.478, BCE: 1271.290, KLD_latent: 24.474, KLD_decoder_params_norm: 887.714, Time: 5836.62 |
|Train : Update 133000. Negative ELBO : 2171.973, BCE: 1289.351, KLD_latent: 25.987, KLD_decoder_params_norm: 856.634, Time: 5880.81 |
|Train : Update 134000. Negative ELBO : 2138.868, BCE: 1287.051, KLD_latent: 24.575, KLD_decoder_params_norm: 827.241, Time: 5924.99 |
|Train : Update 135000. Negative ELBO : 2097.083, BCE: 1274.060, KLD_latent: 23.708, KLD_decoder_params_norm: 799.315, Time: 5969.17 |
|Train : Update 136000. Negative ELBO : 2092.345, BCE: 1295.504, KLD_latent: 24.021, KLD_decoder_params_norm: 772.821, Time: 6013.35 |
|Train : Update 137000. Negative ELBO : 2042.317, BCE: 1269.534, KLD_latent: 24.938, KLD_decoder_params_norm: 747.845, Time: 6057.56 |
|Train : Update 138000. Negative ELBO : 2014.099, BCE: 1265.417, KLD_latent: 24.397, KLD_decoder_params_norm: 724.285, Time: 6101.78 |
|Train : Update 139000. Negative ELBO : 2024.601, BCE: 1297.430, KLD_latent: 25.191, KLD_decoder_params_norm: 701.980, Time: 6145.99 |
|Train : Update 140000. Negative ELBO : 1987.631, BCE: 1283.627, KLD_latent: 23.133, KLD_decoder_params_norm: 680.872, Time: 6190.16 |
|Train : Update 141000. Negative ELBO : 2000.563, BCE: 1316.471, KLD_latent: 23.140, KLD_decoder_params_norm: 660.952, Time: 6234.34 |
|Train : Update 142000. Negative ELBO : 1946.689, BCE: 1281.230, KLD_latent: 23.299, KLD_decoder_params_norm: 642.160, Time: 6278.52 |
|Train : Update 143000. Negative ELBO : 1927.207, BCE: 1279.941, KLD_latent: 22.776, KLD_decoder_params_norm: 624.491, Time: 6322.69 |
|Train : Update 144000. Negative ELBO : 1906.500, BCE: 1275.317, KLD_latent: 23.401, KLD_decoder_params_norm: 607.783, Time: 6366.88 |
|Train : Update 145000. Negative ELBO : 1918.058, BCE: 1303.691, KLD_latent: 22.384, KLD_decoder_params_norm: 591.983, Time: 6411.05 |
|Train : Update 146000. Negative ELBO : 1875.372, BCE: 1274.045, KLD_latent: 24.052, KLD_decoder_params_norm: 577.274, Time: 6455.30 |
|Train : Update 147000. Negative ELBO : 1847.456, BCE: 1261.625, KLD_latent: 22.527, KLD_decoder_params_norm: 563.304, Time: 6499.49 |
|Train : Update 148000. Negative ELBO : 1852.265, BCE: 1278.430, KLD_latent: 23.665, KLD_decoder_params_norm: 550.171, Time: 6543.69 |
|Train : Update 149000. Negative ELBO : 1835.192, BCE: 1274.862, KLD_latent: 22.652, KLD_decoder_params_norm: 537.678, Time: 6587.90 |
|Train : Update 150000. Negative ELBO : 1816.682, BCE: 1267.704, KLD_latent: 23.081, KLD_decoder_params_norm: 525.897, Time: 6632.12 |
|Train : Update 151000. Negative ELBO : 1836.409, BCE: 1298.639, KLD_latent: 23.158, KLD_decoder_params_norm: 514.612, Time: 6676.36 |
|Train : Update 152000. Negative ELBO : 1814.706, BCE: 1289.348, KLD_latent: 21.375, KLD_decoder_params_norm: 503.984, Time: 6720.54 |
|Train : Update 153000. Negative ELBO : 1832.390, BCE: 1316.433, KLD_latent: 22.105, KLD_decoder_params_norm: 493.852, Time: 6764.76 |
|Train : Update 154000. Negative ELBO : 1790.164, BCE: 1283.327, KLD_latent: 22.690, KLD_decoder_params_norm: 484.148, Time: 6808.94 |
|Train : Update 155000. Negative ELBO : 1813.825, BCE: 1317.637, KLD_latent: 20.993, KLD_decoder_params_norm: 475.195, Time: 6853.20 |
|Train : Update 156000. Negative ELBO : 1754.759, BCE: 1266.298, KLD_latent: 22.055, KLD_decoder_params_norm: 466.406, Time: 6897.39 |
|Train : Update 157000. Negative ELBO : 1732.994, BCE: 1252.265, KLD_latent: 22.711, KLD_decoder_params_norm: 458.018, Time: 6941.58 |
|Train : Update 158000. Negative ELBO : 1731.031, BCE: 1258.744, KLD_latent: 22.172, KLD_decoder_params_norm: 450.116, Time: 6985.75 |
|Train : Update 159000. Negative ELBO : 1754.419, BCE: 1289.016, KLD_latent: 22.846, KLD_decoder_params_norm: 442.556, Time: 7029.97 |
|Train : Update 160000. Negative ELBO : 1750.421, BCE: 1292.463, KLD_latent: 22.786, KLD_decoder_params_norm: 435.172, Time: 7074.18 |
|Train : Update 161000. Negative ELBO : 1722.332, BCE: 1271.437, KLD_latent: 22.723, KLD_decoder_params_norm: 428.171, Time: 7118.41 |
|Train : Update 162000. Negative ELBO : 1730.575, BCE: 1286.365, KLD_latent: 22.635, KLD_decoder_params_norm: 421.575, Time: 7162.61 |
|Train : Update 163000. Negative ELBO : 1724.543, BCE: 1287.510, KLD_latent: 21.867, KLD_decoder_params_norm: 415.166, Time: 7206.76 |
|Train : Update 164000. Negative ELBO : 1685.046, BCE: 1253.707, KLD_latent: 22.423, KLD_decoder_params_norm: 408.915, Time: 7250.94 |
|Train : Update 165000. Negative ELBO : 1720.496, BCE: 1295.100, KLD_latent: 22.294, KLD_decoder_params_norm: 403.102, Time: 7295.12 |
|Train : Update 166000. Negative ELBO : 1703.451, BCE: 1283.733, KLD_latent: 22.278, KLD_decoder_params_norm: 397.439, Time: 7339.32 |
|Train : Update 167000. Negative ELBO : 1722.509, BCE: 1308.886, KLD_latent: 21.729, KLD_decoder_params_norm: 391.894, Time: 7383.50 |
|Train : Update 168000. Negative ELBO : 1694.873, BCE: 1287.131, KLD_latent: 21.101, KLD_decoder_params_norm: 386.642, Time: 7427.70 |
|Train : Update 169000. Negative ELBO : 1686.682, BCE: 1283.452, KLD_latent: 21.608, KLD_decoder_params_norm: 381.623, Time: 7471.91 |
|Train : Update 170000. Negative ELBO : 1706.780, BCE: 1309.005, KLD_latent: 21.047, KLD_decoder_params_norm: 376.729, Time: 7516.11 |
|Train : Update 171000. Negative ELBO : 1652.245, BCE: 1257.972, KLD_latent: 22.189, KLD_decoder_params_norm: 372.084, Time: 7560.31 |
|Train : Update 172000. Negative ELBO : 1678.552, BCE: 1289.407, KLD_latent: 21.575, KLD_decoder_params_norm: 367.570, Time: 7604.50 |
|Train : Update 173000. Negative ELBO : 1668.137, BCE: 1283.174, KLD_latent: 21.767, KLD_decoder_params_norm: 363.196, Time: 7648.70 |
|Train : Update 174000. Negative ELBO : 1663.320, BCE: 1282.689, KLD_latent: 21.674, KLD_decoder_params_norm: 358.957, Time: 7692.89 |
|Train : Update 175000. Negative ELBO : 1681.230, BCE: 1304.681, KLD_latent: 21.566, KLD_decoder_params_norm: 354.983, Time: 7737.04 |
|Train : Update 176000. Negative ELBO : 1679.852, BCE: 1307.811, KLD_latent: 20.957, KLD_decoder_params_norm: 351.083, Time: 7781.21 |
|Train : Update 177000. Negative ELBO : 1656.512, BCE: 1287.537, KLD_latent: 21.553, KLD_decoder_params_norm: 347.421, Time: 7825.47 |
|Train : Update 178000. Negative ELBO : 1653.901, BCE: 1287.435, KLD_latent: 22.669, KLD_decoder_params_norm: 343.796, Time: 7869.63 |
|Train : Update 179000. Negative ELBO : 1661.843, BCE: 1299.708, KLD_latent: 21.912, KLD_decoder_params_norm: 340.223, Time: 7913.79 |
|Train : Update 180000. Negative ELBO : 1639.324, BCE: 1281.436, KLD_latent: 21.021, KLD_decoder_params_norm: 336.866, Time: 7957.98 |
|Train : Update 181000. Negative ELBO : 1624.593, BCE: 1269.507, KLD_latent: 21.556, KLD_decoder_params_norm: 333.529, Time: 8002.17 |
|Train : Update 182000. Negative ELBO : 1638.182, BCE: 1287.263, KLD_latent: 20.552, KLD_decoder_params_norm: 330.367, Time: 8046.38 |
|Train : Update 183000. Negative ELBO : 1616.779, BCE: 1267.260, KLD_latent: 22.237, KLD_decoder_params_norm: 327.282, Time: 8090.54 |
|Train : Update 184000. Negative ELBO : 1637.999, BCE: 1292.013, KLD_latent: 21.639, KLD_decoder_params_norm: 324.347, Time: 8134.72 |
|Train : Update 185000. Negative ELBO : 1604.184, BCE: 1260.639, KLD_latent: 22.131, KLD_decoder_params_norm: 321.413, Time: 8178.92 |
|Train : Update 186000. Negative ELBO : 1639.602, BCE: 1299.330, KLD_latent: 21.558, KLD_decoder_params_norm: 318.714, Time: 8223.09 |
|Train : Update 187000. Negative ELBO : 1608.346, BCE: 1270.742, KLD_latent: 21.473, KLD_decoder_params_norm: 316.132, Time: 8267.27 |
|Train : Update 188000. Negative ELBO : 1639.906, BCE: 1305.556, KLD_latent: 20.931, KLD_decoder_params_norm: 313.420, Time: 8311.43 |
|Train : Update 189000. Negative ELBO : 1610.343, BCE: 1278.104, KLD_latent: 21.282, KLD_decoder_params_norm: 310.957, Time: 8355.64 |
|Train : Update 190000. Negative ELBO : 1582.934, BCE: 1252.512, KLD_latent: 21.855, KLD_decoder_params_norm: 308.568, Time: 8399.81 |
|Train : Update 191000. Negative ELBO : 1588.053, BCE: 1259.759, KLD_latent: 22.019, KLD_decoder_params_norm: 306.274, Time: 8444.01 |
|Train : Update 192000. Negative ELBO : 1597.376, BCE: 1272.430, KLD_latent: 20.777, KLD_decoder_params_norm: 304.169, Time: 8488.17 |
|Train : Update 193000. Negative ELBO : 1605.047, BCE: 1281.581, KLD_latent: 21.440, KLD_decoder_params_norm: 302.027, Time: 8532.39 |
|Train : Update 194000. Negative ELBO : 1597.450, BCE: 1276.696, KLD_latent: 20.987, KLD_decoder_params_norm: 299.768, Time: 8576.56 |
|Train : Update 195000. Negative ELBO : 1589.025, BCE: 1269.726, KLD_latent: 21.503, KLD_decoder_params_norm: 297.796, Time: 8620.75 |
|Train : Update 196000. Negative ELBO : 1609.685, BCE: 1292.819, KLD_latent: 21.042, KLD_decoder_params_norm: 295.824, Time: 8664.94 |
|Train : Update 197000. Negative ELBO : 1589.944, BCE: 1275.056, KLD_latent: 21.062, KLD_decoder_params_norm: 293.826, Time: 8709.17 |
|Train : Update 198000. Negative ELBO : 1599.825, BCE: 1286.467, KLD_latent: 21.326, KLD_decoder_params_norm: 292.032, Time: 8753.38 |
|Train : Update 199000. Negative ELBO : 1577.659, BCE: 1265.939, KLD_latent: 21.542, KLD_decoder_params_norm: 290.178, Time: 8797.57 |
|Train : Update 200000. Negative ELBO : 1588.558, BCE: 1278.719, KLD_latent: 21.395, KLD_decoder_params_norm: 288.444, Time: 8841.74 |
|Train : Update 201000. Negative ELBO : 1593.706, BCE: 1285.642, KLD_latent: 21.416, KLD_decoder_params_norm: 286.647, Time: 8885.91 |
|Train : Update 202000. Negative ELBO : 1586.092, BCE: 1279.620, KLD_latent: 21.427, KLD_decoder_params_norm: 285.045, Time: 8930.14 |
|Train : Update 203000. Negative ELBO : 1584.516, BCE: 1279.975, KLD_latent: 21.173, KLD_decoder_params_norm: 283.368, Time: 8974.34 |
|Train : Update 204000. Negative ELBO : 1575.121, BCE: 1272.334, KLD_latent: 21.036, KLD_decoder_params_norm: 281.752, Time: 9018.59 |
|Train : Update 205000. Negative ELBO : 1578.777, BCE: 1277.584, KLD_latent: 20.955, KLD_decoder_params_norm: 280.238, Time: 9062.76 |
|Train : Update 206000. Negative ELBO : 1586.386, BCE: 1286.573, KLD_latent: 21.018, KLD_decoder_params_norm: 278.795, Time: 9106.92 |
|Train : Update 207000. Negative ELBO : 1548.678, BCE: 1249.706, KLD_latent: 21.603, KLD_decoder_params_norm: 277.369, Time: 9151.09 |
|Train : Update 208000. Negative ELBO : 1552.991, BCE: 1254.879, KLD_latent: 22.077, KLD_decoder_params_norm: 276.035, Time: 9195.29 |
|Train : Update 209000. Negative ELBO : 1594.750, BCE: 1299.312, KLD_latent: 20.804, KLD_decoder_params_norm: 274.634, Time: 9239.53 |
|Train : Update 210000. Negative ELBO : 1595.818, BCE: 1301.587, KLD_latent: 20.881, KLD_decoder_params_norm: 273.350, Time: 9283.70 |
|Train : Update 211000. Negative ELBO : 1561.480, BCE: 1268.773, KLD_latent: 20.779, KLD_decoder_params_norm: 271.929, Time: 9327.91 |
|Train : Update 212000. Negative ELBO : 1571.286, BCE: 1280.082, KLD_latent: 20.644, KLD_decoder_params_norm: 270.559, Time: 9372.08 |
|Train : Update 213000. Negative ELBO : 1590.391, BCE: 1300.403, KLD_latent: 20.652, KLD_decoder_params_norm: 269.336, Time: 9416.27 |
|Train : Update 214000. Negative ELBO : 1570.526, BCE: 1281.843, KLD_latent: 20.551, KLD_decoder_params_norm: 268.132, Time: 9460.43 |
|Train : Update 215000. Negative ELBO : 1568.062, BCE: 1280.473, KLD_latent: 20.583, KLD_decoder_params_norm: 267.006, Time: 9504.61 |
|Train : Update 216000. Negative ELBO : 1579.960, BCE: 1293.209, KLD_latent: 20.929, KLD_decoder_params_norm: 265.822, Time: 9548.78 |
|Train : Update 217000. Negative ELBO : 1576.863, BCE: 1291.313, KLD_latent: 20.838, KLD_decoder_params_norm: 264.711, Time: 9592.96 |
|Train : Update 218000. Negative ELBO : 1586.059, BCE: 1301.262, KLD_latent: 21.230, KLD_decoder_params_norm: 263.567, Time: 9637.13 |
|Train : Update 219000. Negative ELBO : 1561.640, BCE: 1277.561, KLD_latent: 21.556, KLD_decoder_params_norm: 262.523, Time: 9681.34 |
|Train : Update 220000. Negative ELBO : 1569.586, BCE: 1287.276, KLD_latent: 20.832, KLD_decoder_params_norm: 261.478, Time: 9725.61 |
|Train : Update 221000. Negative ELBO : 1568.684, BCE: 1287.514, KLD_latent: 20.768, KLD_decoder_params_norm: 260.402, Time: 9769.78 |
|Train : Update 222000. Negative ELBO : 1565.618, BCE: 1284.981, KLD_latent: 21.147, KLD_decoder_params_norm: 259.490, Time: 9814.00 |
|Train : Update 223000. Negative ELBO : 1564.176, BCE: 1285.368, KLD_latent: 20.390, KLD_decoder_params_norm: 258.418, Time: 9858.16 |
|Train : Update 224000. Negative ELBO : 1577.212, BCE: 1298.771, KLD_latent: 20.969, KLD_decoder_params_norm: 257.472, Time: 9902.32 |
|Train : Update 225000. Negative ELBO : 1552.531, BCE: 1275.791, KLD_latent: 20.281, KLD_decoder_params_norm: 256.459, Time: 9946.56 |
|Train : Update 226000. Negative ELBO : 1562.245, BCE: 1284.863, KLD_latent: 21.803, KLD_decoder_params_norm: 255.578, Time: 9990.75 |
|Train : Update 227000. Negative ELBO : 1548.064, BCE: 1272.136, KLD_latent: 21.361, KLD_decoder_params_norm: 254.567, Time: 10034.92 |
|Train : Update 228000. Negative ELBO : 1562.055, BCE: 1287.900, KLD_latent: 20.440, KLD_decoder_params_norm: 253.715, Time: 10079.11 |
|Train : Update 229000. Negative ELBO : 1568.619, BCE: 1294.413, KLD_latent: 21.477, KLD_decoder_params_norm: 252.730, Time: 10123.30 |
|Train : Update 230000. Negative ELBO : 1568.995, BCE: 1296.008, KLD_latent: 20.895, KLD_decoder_params_norm: 252.092, Time: 10167.50 |
|Train : Update 231000. Negative ELBO : 1557.976, BCE: 1286.335, KLD_latent: 20.563, KLD_decoder_params_norm: 251.078, Time: 10211.70 |
|Train : Update 232000. Negative ELBO : 1554.519, BCE: 1283.269, KLD_latent: 21.100, KLD_decoder_params_norm: 250.150, Time: 10255.91 |
|Train : Update 233000. Negative ELBO : 1558.633, BCE: 1288.646, KLD_latent: 20.765, KLD_decoder_params_norm: 249.222, Time: 10300.13 |
|Train : Update 234000. Negative ELBO : 1532.802, BCE: 1263.713, KLD_latent: 20.621, KLD_decoder_params_norm: 248.468, Time: 10344.30 |
|Train : Update 235000. Negative ELBO : 1574.369, BCE: 1305.533, KLD_latent: 21.259, KLD_decoder_params_norm: 247.577, Time: 10388.49 |
|Train : Update 236000. Negative ELBO : 1570.892, BCE: 1303.503, KLD_latent: 20.722, KLD_decoder_params_norm: 246.667, Time: 10432.69 |
|Train : Update 237000. Negative ELBO : 1556.194, BCE: 1289.337, KLD_latent: 20.922, KLD_decoder_params_norm: 245.934, Time: 10476.89 |
|Train : Update 238000. Negative ELBO : 1526.026, BCE: 1259.281, KLD_latent: 21.629, KLD_decoder_params_norm: 245.116, Time: 10521.08 |
|Train : Update 239000. Negative ELBO : 1544.387, BCE: 1279.176, KLD_latent: 20.766, KLD_decoder_params_norm: 244.446, Time: 10565.33 |
|Train : Update 240000. Negative ELBO : 1547.166, BCE: 1281.709, KLD_latent: 21.853, KLD_decoder_params_norm: 243.603, Time: 10609.51 |
|Train : Update 241000. Negative ELBO : 1538.691, BCE: 1275.368, KLD_latent: 20.388, KLD_decoder_params_norm: 242.936, Time: 10653.72 |
|Train : Update 242000. Negative ELBO : 1546.123, BCE: 1283.620, KLD_latent: 20.399, KLD_decoder_params_norm: 242.104, Time: 10697.91 |
|Train : Update 243000. Negative ELBO : 1548.309, BCE: 1285.867, KLD_latent: 21.070, KLD_decoder_params_norm: 241.372, Time: 10742.11 |
|Train : Update 244000. Negative ELBO : 1551.865, BCE: 1291.014, KLD_latent: 20.093, KLD_decoder_params_norm: 240.758, Time: 10786.31 |
|Train : Update 245000. Negative ELBO : 1541.681, BCE: 1281.078, KLD_latent: 20.564, KLD_decoder_params_norm: 240.039, Time: 10830.48 |
|Train : Update 246000. Negative ELBO : 1545.528, BCE: 1285.166, KLD_latent: 21.057, KLD_decoder_params_norm: 239.305, Time: 10874.70 |
|Train : Update 247000. Negative ELBO : 1557.486, BCE: 1298.283, KLD_latent: 20.560, KLD_decoder_params_norm: 238.644, Time: 10918.88 |
|Train : Update 248000. Negative ELBO : 1539.087, BCE: 1280.641, KLD_latent: 20.455, KLD_decoder_params_norm: 237.991, Time: 10963.08 |
|Train : Update 249000. Negative ELBO : 1518.604, BCE: 1260.266, KLD_latent: 21.061, KLD_decoder_params_norm: 237.277, Time: 11007.24 |
|Train : Update 250000. Negative ELBO : 1525.471, BCE: 1268.135, KLD_latent: 20.680, KLD_decoder_params_norm: 236.656, Time: 11051.51 |
|Train : Update 251000. Negative ELBO : 1537.717, BCE: 1281.062, KLD_latent: 20.726, KLD_decoder_params_norm: 235.929, Time: 11095.67 |
|Train : Update 252000. Negative ELBO : 1503.775, BCE: 1247.353, KLD_latent: 21.033, KLD_decoder_params_norm: 235.388, Time: 11139.83 |
|Train : Update 253000. Negative ELBO : 1510.862, BCE: 1254.591, KLD_latent: 21.674, KLD_decoder_params_norm: 234.596, Time: 11184.00 |
|Train : Update 254000. Negative ELBO : 1526.623, BCE: 1272.344, KLD_latent: 20.246, KLD_decoder_params_norm: 234.032, Time: 11228.17 |
|Train : Update 255000. Negative ELBO : 1546.951, BCE: 1293.161, KLD_latent: 20.361, KLD_decoder_params_norm: 233.429, Time: 11272.37 |
|Train : Update 256000. Negative ELBO : 1567.356, BCE: 1315.001, KLD_latent: 19.524, KLD_decoder_params_norm: 232.831, Time: 11316.53 |
|Train : Update 257000. Negative ELBO : 1527.277, BCE: 1274.954, KLD_latent: 20.013, KLD_decoder_params_norm: 232.310, Time: 11360.73 |
|Train : Update 258000. Negative ELBO : 1512.304, BCE: 1259.708, KLD_latent: 20.901, KLD_decoder_params_norm: 231.696, Time: 11404.92 |
|Train : Update 259000. Negative ELBO : 1549.549, BCE: 1298.274, KLD_latent: 20.099, KLD_decoder_params_norm: 231.176, Time: 11449.12 |
|Train : Update 260000. Negative ELBO : 1539.975, BCE: 1288.197, KLD_latent: 21.134, KLD_decoder_params_norm: 230.644, Time: 11493.40 |
|Train : Update 261000. Negative ELBO : 1513.674, BCE: 1263.297, KLD_latent: 20.335, KLD_decoder_params_norm: 230.042, Time: 11537.60 |
|Train : Update 262000. Negative ELBO : 1523.807, BCE: 1273.154, KLD_latent: 21.066, KLD_decoder_params_norm: 229.587, Time: 11581.82 |
|Train : Update 263000. Negative ELBO : 1508.003, BCE: 1258.571, KLD_latent: 20.468, KLD_decoder_params_norm: 228.964, Time: 11626.01 |
|Train : Update 264000. Negative ELBO : 1518.141, BCE: 1269.242, KLD_latent: 20.372, KLD_decoder_params_norm: 228.526, Time: 11670.26 |
|Train : Update 265000. Negative ELBO : 1512.675, BCE: 1263.591, KLD_latent: 21.010, KLD_decoder_params_norm: 228.075, Time: 11714.45 |
|Train : Update 266000. Negative ELBO : 1526.834, BCE: 1278.502, KLD_latent: 20.778, KLD_decoder_params_norm: 227.554, Time: 11758.63 |
|Train : Update 267000. Negative ELBO : 1527.793, BCE: 1279.505, KLD_latent: 21.269, KLD_decoder_params_norm: 227.020, Time: 11802.85 |
|Train : Update 268000. Negative ELBO : 1502.216, BCE: 1254.811, KLD_latent: 20.881, KLD_decoder_params_norm: 226.524, Time: 11847.01 |
|Train : Update 269000. Negative ELBO : 1510.642, BCE: 1263.504, KLD_latent: 21.086, KLD_decoder_params_norm: 226.052, Time: 11891.17 |
|Train : Update 270000. Negative ELBO : 1540.614, BCE: 1294.965, KLD_latent: 20.083, KLD_decoder_params_norm: 225.566, Time: 11935.43 |
|Train : Update 271000. Negative ELBO : 1500.586, BCE: 1254.458, KLD_latent: 21.005, KLD_decoder_params_norm: 225.123, Time: 11979.62 |
|Train : Update 272000. Negative ELBO : 1510.180, BCE: 1264.882, KLD_latent: 20.569, KLD_decoder_params_norm: 224.728, Time: 12023.81 |
|Train : Update 273000. Negative ELBO : 1531.449, BCE: 1286.460, KLD_latent: 20.753, KLD_decoder_params_norm: 224.236, Time: 12068.03 |
|Train : Update 274000. Negative ELBO : 1516.942, BCE: 1272.459, KLD_latent: 20.794, KLD_decoder_params_norm: 223.689, Time: 12112.20 |
|Train : Update 275000. Negative ELBO : 1517.833, BCE: 1274.267, KLD_latent: 20.206, KLD_decoder_params_norm: 223.359, Time: 12156.40 |
|Train : Update 276000. Negative ELBO : 1524.169, BCE: 1280.724, KLD_latent: 20.603, KLD_decoder_params_norm: 222.842, Time: 12200.63 |
|Train : Update 277000. Negative ELBO : 1516.837, BCE: 1273.770, KLD_latent: 20.694, KLD_decoder_params_norm: 222.373, Time: 12244.83 |
|Train : Update 278000. Negative ELBO : 1516.391, BCE: 1273.516, KLD_latent: 20.853, KLD_decoder_params_norm: 222.023, Time: 12289.03 |
|Train : Update 279000. Negative ELBO : 1518.622, BCE: 1276.766, KLD_latent: 20.256, KLD_decoder_params_norm: 221.600, Time: 12333.20 |
|Train : Update 280000. Negative ELBO : 1518.648, BCE: 1277.000, KLD_latent: 20.497, KLD_decoder_params_norm: 221.151, Time: 12377.37 |
|Train : Update 281000. Negative ELBO : 1511.441, BCE: 1270.250, KLD_latent: 20.388, KLD_decoder_params_norm: 220.803, Time: 12421.60 |
|Train : Update 282000. Negative ELBO : 1514.659, BCE: 1273.289, KLD_latent: 20.892, KLD_decoder_params_norm: 220.479, Time: 12465.78 |
|Train : Update 283000. Negative ELBO : 1527.133, BCE: 1287.343, KLD_latent: 19.798, KLD_decoder_params_norm: 219.992, Time: 12509.95 |
|Train : Update 284000. Negative ELBO : 1505.077, BCE: 1265.090, KLD_latent: 20.268, KLD_decoder_params_norm: 219.718, Time: 12554.13 |
|Train : Update 285000. Negative ELBO : 1480.253, BCE: 1239.275, KLD_latent: 21.585, KLD_decoder_params_norm: 219.393, Time: 12598.29 |
|Train : Update 286000. Negative ELBO : 1494.145, BCE: 1254.161, KLD_latent: 20.993, KLD_decoder_params_norm: 218.990, Time: 12642.48 |
|Train : Update 287000. Negative ELBO : 1488.399, BCE: 1249.854, KLD_latent: 19.905, KLD_decoder_params_norm: 218.640, Time: 12686.69 |
|Train : Update 288000. Negative ELBO : 1495.044, BCE: 1255.479, KLD_latent: 21.338, KLD_decoder_params_norm: 218.228, Time: 12730.85 |
|Train : Update 289000. Negative ELBO : 1516.795, BCE: 1278.743, KLD_latent: 20.145, KLD_decoder_params_norm: 217.907, Time: 12775.12 |
|Train : Update 290000. Negative ELBO : 1486.675, BCE: 1248.061, KLD_latent: 21.010, KLD_decoder_params_norm: 217.604, Time: 12819.29 |
|Train : Update 291000. Negative ELBO : 1519.054, BCE: 1282.146, KLD_latent: 19.665, KLD_decoder_params_norm: 217.243, Time: 12863.45 |
|Train : Update 292000. Negative ELBO : 1491.842, BCE: 1253.681, KLD_latent: 21.188, KLD_decoder_params_norm: 216.973, Time: 12907.67 |
|Train : Update 293000. Negative ELBO : 1489.900, BCE: 1251.945, KLD_latent: 21.309, KLD_decoder_params_norm: 216.646, Time: 12951.86 |
|Train : Update 294000. Negative ELBO : 1509.023, BCE: 1271.596, KLD_latent: 21.038, KLD_decoder_params_norm: 216.388, Time: 12996.09 |
|Train : Update 295000. Negative ELBO : 1526.688, BCE: 1290.279, KLD_latent: 20.316, KLD_decoder_params_norm: 216.094, Time: 13040.29 |
|Train : Update 296000. Negative ELBO : 1480.702, BCE: 1244.547, KLD_latent: 20.444, KLD_decoder_params_norm: 215.711, Time: 13084.48 |
|Train : Update 297000. Negative ELBO : 1501.874, BCE: 1266.276, KLD_latent: 20.209, KLD_decoder_params_norm: 215.388, Time: 13128.63 |
|Train : Update 298000. Negative ELBO : 1510.782, BCE: 1274.772, KLD_latent: 20.954, KLD_decoder_params_norm: 215.056, Time: 13172.83 |
|Train : Update 299000. Negative ELBO : 1487.153, BCE: 1252.150, KLD_latent: 20.345, KLD_decoder_params_norm: 214.657, Time: 13217.00 |
|Train : Update 300000. Negative ELBO : 1497.028, BCE: 1261.978, KLD_latent: 20.706, KLD_decoder_params_norm: 214.344, Time: 13261.16 |
|Train : Update 301000. Negative ELBO : 1472.181, BCE: 1237.763, KLD_latent: 20.349, KLD_decoder_params_norm: 214.070, Time: 13305.35 |
|Train : Update 302000. Negative ELBO : 1493.653, BCE: 1260.092, KLD_latent: 19.842, KLD_decoder_params_norm: 213.719, Time: 13349.52 |
|Train : Update 303000. Negative ELBO : 1500.882, BCE: 1267.121, KLD_latent: 20.347, KLD_decoder_params_norm: 213.414, Time: 13393.71 |
|Train : Update 304000. Negative ELBO : 1487.034, BCE: 1252.638, KLD_latent: 21.278, KLD_decoder_params_norm: 213.118, Time: 13437.89 |
|Train : Update 305000. Negative ELBO : 1484.034, BCE: 1250.980, KLD_latent: 20.267, KLD_decoder_params_norm: 212.787, Time: 13482.08 |
|Train : Update 306000. Negative ELBO : 1493.431, BCE: 1260.986, KLD_latent: 19.826, KLD_decoder_params_norm: 212.618, Time: 13526.27 |
|Train : Update 307000. Negative ELBO : 1477.204, BCE: 1244.611, KLD_latent: 20.315, KLD_decoder_params_norm: 212.277, Time: 13570.45 |
|Train : Update 308000. Negative ELBO : 1489.317, BCE: 1257.000, KLD_latent: 20.404, KLD_decoder_params_norm: 211.913, Time: 13614.63 |
|Train : Update 309000. Negative ELBO : 1484.707, BCE: 1253.318, KLD_latent: 19.806, KLD_decoder_params_norm: 211.582, Time: 13658.83 |
|Train : Update 310000. Negative ELBO : 1495.924, BCE: 1264.608, KLD_latent: 20.058, KLD_decoder_params_norm: 211.258, Time: 13702.98 |
|Train : Update 311000. Negative ELBO : 1505.762, BCE: 1274.053, KLD_latent: 20.694, KLD_decoder_params_norm: 211.015, Time: 13747.16 |
|Train : Update 312000. Negative ELBO : 1505.507, BCE: 1273.948, KLD_latent: 20.812, KLD_decoder_params_norm: 210.746, Time: 13791.35 |
|Train : Update 313000. Negative ELBO : 1474.451, BCE: 1243.616, KLD_latent: 20.448, KLD_decoder_params_norm: 210.387, Time: 13835.51 |
|Train : Update 314000. Negative ELBO : 1496.834, BCE: 1266.072, KLD_latent: 20.656, KLD_decoder_params_norm: 210.106, Time: 13879.72 |
|Train : Update 315000. Negative ELBO : 1479.746, BCE: 1249.274, KLD_latent: 20.555, KLD_decoder_params_norm: 209.917, Time: 13923.95 |
|Train : Update 316000. Negative ELBO : 1459.329, BCE: 1229.446, KLD_latent: 20.223, KLD_decoder_params_norm: 209.660, Time: 13968.12 |
|Train : Update 317000. Negative ELBO : 1488.572, BCE: 1258.280, KLD_latent: 20.904, KLD_decoder_params_norm: 209.387, Time: 14012.31 |
|Train : Update 318000. Negative ELBO : 1493.208, BCE: 1264.043, KLD_latent: 20.031, KLD_decoder_params_norm: 209.134, Time: 14056.50 |
|Train : Update 319000. Negative ELBO : 1490.104, BCE: 1260.963, KLD_latent: 20.187, KLD_decoder_params_norm: 208.954, Time: 14100.68 |
|Train : Update 320000. Negative ELBO : 1481.057, BCE: 1251.570, KLD_latent: 20.762, KLD_decoder_params_norm: 208.725, Time: 14144.85 |
|Train : Update 321000. Negative ELBO : 1483.042, BCE: 1254.275, KLD_latent: 20.257, KLD_decoder_params_norm: 208.511, Time: 14189.02 |
|Train : Update 322000. Negative ELBO : 1467.257, BCE: 1238.724, KLD_latent: 20.259, KLD_decoder_params_norm: 208.274, Time: 14233.24 |
|Train : Update 323000. Negative ELBO : 1475.701, BCE: 1247.431, KLD_latent: 20.296, KLD_decoder_params_norm: 207.974, Time: 14277.43 |
|Train : Update 324000. Negative ELBO : 1468.364, BCE: 1240.320, KLD_latent: 20.320, KLD_decoder_params_norm: 207.724, Time: 14321.63 |
|Train : Update 325000. Negative ELBO : 1483.685, BCE: 1255.453, KLD_latent: 20.646, KLD_decoder_params_norm: 207.586, Time: 14365.85 |
|Train : Update 326000. Negative ELBO : 1473.819, BCE: 1245.939, KLD_latent: 20.516, KLD_decoder_params_norm: 207.364, Time: 14410.12 |
|Train : Update 327000. Negative ELBO : 1459.185, BCE: 1231.899, KLD_latent: 20.143, KLD_decoder_params_norm: 207.143, Time: 14454.32 |
|Train : Update 328000. Negative ELBO : 1499.608, BCE: 1272.429, KLD_latent: 20.176, KLD_decoder_params_norm: 207.003, Time: 14498.51 |
|Train : Update 329000. Negative ELBO : 1502.265, BCE: 1274.563, KLD_latent: 20.874, KLD_decoder_params_norm: 206.828, Time: 14542.68 |
|Train : Update 330000. Negative ELBO : 1480.414, BCE: 1253.125, KLD_latent: 20.627, KLD_decoder_params_norm: 206.662, Time: 14586.84 |
|Train : Update 331000. Negative ELBO : 1494.601, BCE: 1268.138, KLD_latent: 20.022, KLD_decoder_params_norm: 206.440, Time: 14631.03 |
|Train : Update 332000. Negative ELBO : 1488.624, BCE: 1261.198, KLD_latent: 21.119, KLD_decoder_params_norm: 206.307, Time: 14675.28 |
|Train : Update 333000. Negative ELBO : 1497.683, BCE: 1271.539, KLD_latent: 19.975, KLD_decoder_params_norm: 206.169, Time: 14719.46 |
|Train : Update 334000. Negative ELBO : 1471.707, BCE: 1244.365, KLD_latent: 21.326, KLD_decoder_params_norm: 206.017, Time: 14763.72 |
|Train : Update 335000. Negative ELBO : 1500.884, BCE: 1273.898, KLD_latent: 21.165, KLD_decoder_params_norm: 205.820, Time: 14807.93 |
|Train : Update 336000. Negative ELBO : 1479.222, BCE: 1252.866, KLD_latent: 20.674, KLD_decoder_params_norm: 205.682, Time: 14852.13 |
|Train : Update 337000. Negative ELBO : 1473.183, BCE: 1247.367, KLD_latent: 20.283, KLD_decoder_params_norm: 205.533, Time: 14896.30 |
|Train : Update 338000. Negative ELBO : 1492.347, BCE: 1266.497, KLD_latent: 20.460, KLD_decoder_params_norm: 205.390, Time: 14940.46 |
|Train : Update 339000. Negative ELBO : 1493.320, BCE: 1267.831, KLD_latent: 20.280, KLD_decoder_params_norm: 205.210, Time: 14984.65 |
|Train : Update 340000. Negative ELBO : 1456.357, BCE: 1230.100, KLD_latent: 21.232, KLD_decoder_params_norm: 205.025, Time: 15028.87 |
|Train : Update 341000. Negative ELBO : 1497.775, BCE: 1272.152, KLD_latent: 20.700, KLD_decoder_params_norm: 204.922, Time: 15073.04 |
|Train : Update 342000. Negative ELBO : 1453.605, BCE: 1228.598, KLD_latent: 20.193, KLD_decoder_params_norm: 204.813, Time: 15117.22 |
|Train : Update 343000. Negative ELBO : 1502.052, BCE: 1277.169, KLD_latent: 20.240, KLD_decoder_params_norm: 204.643, Time: 15161.43 |
|Train : Update 344000. Negative ELBO : 1453.843, BCE: 1228.255, KLD_latent: 21.018, KLD_decoder_params_norm: 204.570, Time: 15205.66 |
|Train : Update 345000. Negative ELBO : 1467.611, BCE: 1242.545, KLD_latent: 20.550, KLD_decoder_params_norm: 204.516, Time: 15249.86 |
|Train : Update 346000. Negative ELBO : 1488.715, BCE: 1264.276, KLD_latent: 20.087, KLD_decoder_params_norm: 204.352, Time: 15294.04 |
|Train : Update 347000. Negative ELBO : 1481.400, BCE: 1257.219, KLD_latent: 19.987, KLD_decoder_params_norm: 204.194, Time: 15338.22 |
|Train : Update 348000. Negative ELBO : 1477.391, BCE: 1252.958, KLD_latent: 20.335, KLD_decoder_params_norm: 204.098, Time: 15382.38 |
|Train : Update 349000. Negative ELBO : 1461.780, BCE: 1236.314, KLD_latent: 21.405, KLD_decoder_params_norm: 204.061, Time: 15426.55 |
|Train : Update 350000. Negative ELBO : 1462.976, BCE: 1238.278, KLD_latent: 20.700, KLD_decoder_params_norm: 203.998, Time: 15470.75 |
|Train : Update 351000. Negative ELBO : 1483.973, BCE: 1259.119, KLD_latent: 20.953, KLD_decoder_params_norm: 203.901, Time: 15514.90 |
|Train : Update 352000. Negative ELBO : 1468.929, BCE: 1244.662, KLD_latent: 20.518, KLD_decoder_params_norm: 203.750, Time: 15559.08 |
|Train : Update 353000. Negative ELBO : 1453.446, BCE: 1229.076, KLD_latent: 20.686, KLD_decoder_params_norm: 203.684, Time: 15603.31 |
|Train : Update 354000. Negative ELBO : 1472.943, BCE: 1248.701, KLD_latent: 20.709, KLD_decoder_params_norm: 203.534, Time: 15647.47 |
|Train : Update 355000. Negative ELBO : 1478.704, BCE: 1254.771, KLD_latent: 20.462, KLD_decoder_params_norm: 203.471, Time: 15691.62 |
|Train : Update 356000. Negative ELBO : 1462.973, BCE: 1239.292, KLD_latent: 20.302, KLD_decoder_params_norm: 203.379, Time: 15735.79 |
|Train : Update 357000. Negative ELBO : 1481.850, BCE: 1257.491, KLD_latent: 21.118, KLD_decoder_params_norm: 203.241, Time: 15780.04 |
|Train : Update 358000. Negative ELBO : 1459.361, BCE: 1234.651, KLD_latent: 21.658, KLD_decoder_params_norm: 203.052, Time: 15824.25 |
|Train : Update 359000. Negative ELBO : 1469.551, BCE: 1245.828, KLD_latent: 20.712, KLD_decoder_params_norm: 203.011, Time: 15868.42 |
|Train : Update 360000. Negative ELBO : 1445.697, BCE: 1222.004, KLD_latent: 20.776, KLD_decoder_params_norm: 202.916, Time: 15912.62 |
|Train : Update 361000. Negative ELBO : 1478.782, BCE: 1255.900, KLD_latent: 20.016, KLD_decoder_params_norm: 202.866, Time: 15956.80 |
|Train : Update 362000. Negative ELBO : 1462.636, BCE: 1238.671, KLD_latent: 21.185, KLD_decoder_params_norm: 202.780, Time: 16000.97 |
|Train : Update 363000. Negative ELBO : 1473.306, BCE: 1249.455, KLD_latent: 21.147, KLD_decoder_params_norm: 202.703, Time: 16045.14 |
|Train : Update 364000. Negative ELBO : 1472.980, BCE: 1250.121, KLD_latent: 20.346, KLD_decoder_params_norm: 202.513, Time: 16089.31 |
|Train : Update 365000. Negative ELBO : 1459.412, BCE: 1236.311, KLD_latent: 20.645, KLD_decoder_params_norm: 202.456, Time: 16133.56 |
|Train : Update 366000. Negative ELBO : 1455.284, BCE: 1231.817, KLD_latent: 21.010, KLD_decoder_params_norm: 202.458, Time: 16177.76 |
|Train : Update 367000. Negative ELBO : 1456.874, BCE: 1233.455, KLD_latent: 21.049, KLD_decoder_params_norm: 202.370, Time: 16221.93 |
|Train : Update 368000. Negative ELBO : 1475.254, BCE: 1252.078, KLD_latent: 20.902, KLD_decoder_params_norm: 202.274, Time: 16266.13 |
|Train : Update 369000. Negative ELBO : 1475.099, BCE: 1252.959, KLD_latent: 19.959, KLD_decoder_params_norm: 202.180, Time: 16310.39 |
|Train : Update 370000. Negative ELBO : 1473.268, BCE: 1250.668, KLD_latent: 20.479, KLD_decoder_params_norm: 202.121, Time: 16354.57 |
|Train : Update 371000. Negative ELBO : 1464.920, BCE: 1241.911, KLD_latent: 20.963, KLD_decoder_params_norm: 202.045, Time: 16398.76 |
|Train : Update 372000. Negative ELBO : 1485.563, BCE: 1262.620, KLD_latent: 21.009, KLD_decoder_params_norm: 201.933, Time: 16442.95 |
|Train : Update 373000. Negative ELBO : 1461.350, BCE: 1239.710, KLD_latent: 19.758, KLD_decoder_params_norm: 201.882, Time: 16487.17 |
|Train : Update 374000. Negative ELBO : 1493.518, BCE: 1271.466, KLD_latent: 20.222, KLD_decoder_params_norm: 201.830, Time: 16531.41 |
|Train : Update 375000. Negative ELBO : 1478.842, BCE: 1256.408, KLD_latent: 20.701, KLD_decoder_params_norm: 201.733, Time: 16575.57 |
|Train : Update 376000. Negative ELBO : 1463.653, BCE: 1241.244, KLD_latent: 20.767, KLD_decoder_params_norm: 201.642, Time: 16619.72 |
|Train : Update 377000. Negative ELBO : 1488.340, BCE: 1266.909, KLD_latent: 19.841, KLD_decoder_params_norm: 201.590, Time: 16663.96 |
|Train : Update 378000. Negative ELBO : 1467.511, BCE: 1244.942, KLD_latent: 21.102, KLD_decoder_params_norm: 201.467, Time: 16708.20 |
|Train : Update 379000. Negative ELBO : 1447.162, BCE: 1225.286, KLD_latent: 20.515, KLD_decoder_params_norm: 201.361, Time: 16752.37 |
|Train : Update 380000. Negative ELBO : 1468.271, BCE: 1246.113, KLD_latent: 20.845, KLD_decoder_params_norm: 201.313, Time: 16796.56 |
|Train : Update 381000. Negative ELBO : 1473.536, BCE: 1251.998, KLD_latent: 20.377, KLD_decoder_params_norm: 201.162, Time: 16840.76 |
|Train : Update 382000. Negative ELBO : 1467.222, BCE: 1245.800, KLD_latent: 20.295, KLD_decoder_params_norm: 201.127, Time: 16884.92 |
|Train : Update 383000. Negative ELBO : 1459.389, BCE: 1237.564, KLD_latent: 20.812, KLD_decoder_params_norm: 201.012, Time: 16929.12 |
|Train : Update 384000. Negative ELBO : 1450.454, BCE: 1228.752, KLD_latent: 20.656, KLD_decoder_params_norm: 201.046, Time: 16973.31 |
|Train : Update 385000. Negative ELBO : 1450.035, BCE: 1228.820, KLD_latent: 20.324, KLD_decoder_params_norm: 200.891, Time: 17017.47 |
|Train : Update 386000. Negative ELBO : 1470.009, BCE: 1248.465, KLD_latent: 20.692, KLD_decoder_params_norm: 200.852, Time: 17061.65 |
|Train : Update 387000. Negative ELBO : 1462.309, BCE: 1240.501, KLD_latent: 21.052, KLD_decoder_params_norm: 200.756, Time: 17105.85 |
|Train : Update 388000. Negative ELBO : 1445.082, BCE: 1224.202, KLD_latent: 20.195, KLD_decoder_params_norm: 200.685, Time: 17150.06 |
|Train : Update 389000. Negative ELBO : 1461.080, BCE: 1239.985, KLD_latent: 20.450, KLD_decoder_params_norm: 200.646, Time: 17194.24 |
|Train : Update 390000. Negative ELBO : 1478.461, BCE: 1256.917, KLD_latent: 20.953, KLD_decoder_params_norm: 200.591, Time: 17238.41 |
|Train : Update 391000. Negative ELBO : 1463.356, BCE: 1242.121, KLD_latent: 20.738, KLD_decoder_params_norm: 200.497, Time: 17282.66 |
|Train : Update 392000. Negative ELBO : 1448.537, BCE: 1227.044, KLD_latent: 21.030, KLD_decoder_params_norm: 200.462, Time: 17326.83 |
|Train : Update 393000. Negative ELBO : 1481.335, BCE: 1259.773, KLD_latent: 21.168, KLD_decoder_params_norm: 200.394, Time: 17370.99 |
|Train : Update 394000. Negative ELBO : 1459.162, BCE: 1238.642, KLD_latent: 20.194, KLD_decoder_params_norm: 200.326, Time: 17415.21 |
|Train : Update 395000. Negative ELBO : 1462.262, BCE: 1241.817, KLD_latent: 20.126, KLD_decoder_params_norm: 200.319, Time: 17459.40 |
|Train : Update 396000. Negative ELBO : 1466.376, BCE: 1245.683, KLD_latent: 20.421, KLD_decoder_params_norm: 200.273, Time: 17503.59 |
|Train : Update 397000. Negative ELBO : 1471.309, BCE: 1250.865, KLD_latent: 20.235, KLD_decoder_params_norm: 200.209, Time: 17547.77 |
|Train : Update 398000. Negative ELBO : 1461.360, BCE: 1241.177, KLD_latent: 20.077, KLD_decoder_params_norm: 200.106, Time: 17591.95 |
|Train : Update 399000. Negative ELBO : 1483.011, BCE: 1262.413, KLD_latent: 20.586, KLD_decoder_params_norm: 200.013, Time: 17636.11 |
