Number of sequences in alignment file:	1171
Neff:	384.2005469027729
Alignment sequence length:	805
|Train : Update 0. Negative ELBO : 784944.375, BCE: 3063.415, KLD_latent: 225.388, KLD_decoder_params_norm: 781655.562, Time: 1.66 |
|Train : Update 1000. Negative ELBO : 774255.938, BCE: 1263.570, KLD_latent: 23.803, KLD_decoder_params_norm: 772968.562, Time: 58.98 |
|Train : Update 2000. Negative ELBO : 765363.188, BCE: 1041.896, KLD_latent: 41.229, KLD_decoder_params_norm: 764280.062, Time: 114.72 |
|Train : Update 3000. Negative ELBO : 756483.375, BCE: 830.842, KLD_latent: 58.452, KLD_decoder_params_norm: 755594.125, Time: 170.45 |
|Train : Update 4000. Negative ELBO : 747685.438, BCE: 717.379, KLD_latent: 59.162, KLD_decoder_params_norm: 746908.875, Time: 226.22 |
|Train : Update 5000. Negative ELBO : 738942.688, BCE: 661.600, KLD_latent: 58.711, KLD_decoder_params_norm: 738222.375, Time: 281.95 |
|Train : Update 6000. Negative ELBO : 730222.938, BCE: 631.611, KLD_latent: 56.278, KLD_decoder_params_norm: 729535.062, Time: 337.67 |
|Train : Update 7000. Negative ELBO : 721529.500, BCE: 626.871, KLD_latent: 55.536, KLD_decoder_params_norm: 720847.062, Time: 393.41 |
|Train : Update 8000. Negative ELBO : 712824.375, BCE: 610.189, KLD_latent: 55.274, KLD_decoder_params_norm: 712158.938, Time: 449.13 |
|Train : Update 9000. Negative ELBO : 704130.812, BCE: 606.788, KLD_latent: 53.228, KLD_decoder_params_norm: 703470.750, Time: 504.85 |
|Train : Update 10000. Negative ELBO : 695429.625, BCE: 594.568, KLD_latent: 52.137, KLD_decoder_params_norm: 694782.938, Time: 560.59 |
|Train : Update 11000. Negative ELBO : 686743.188, BCE: 597.901, KLD_latent: 50.224, KLD_decoder_params_norm: 686095.062, Time: 616.34 |
|Train : Update 12000. Negative ELBO : 678050.812, BCE: 589.721, KLD_latent: 53.703, KLD_decoder_params_norm: 677407.375, Time: 672.07 |
|Train : Update 13000. Negative ELBO : 669357.625, BCE: 587.043, KLD_latent: 50.426, KLD_decoder_params_norm: 668720.125, Time: 727.81 |
|Train : Update 14000. Negative ELBO : 660663.000, BCE: 584.144, KLD_latent: 44.850, KLD_decoder_params_norm: 660034.000, Time: 783.57 |
|Train : Update 15000. Negative ELBO : 651985.562, BCE: 590.818, KLD_latent: 46.795, KLD_decoder_params_norm: 651347.938, Time: 839.32 |
|Train : Update 16000. Negative ELBO : 643295.500, BCE: 586.281, KLD_latent: 46.684, KLD_decoder_params_norm: 642662.562, Time: 895.04 |
|Train : Update 17000. Negative ELBO : 634606.062, BCE: 581.314, KLD_latent: 46.450, KLD_decoder_params_norm: 633978.312, Time: 950.76 |
|Train : Update 18000. Negative ELBO : 625920.688, BCE: 579.761, KLD_latent: 46.122, KLD_decoder_params_norm: 625294.812, Time: 1006.52 |
|Train : Update 19000. Negative ELBO : 617241.938, BCE: 582.673, KLD_latent: 47.288, KLD_decoder_params_norm: 616611.938, Time: 1062.25 |
|Train : Update 20000. Negative ELBO : 608554.500, BCE: 578.623, KLD_latent: 45.393, KLD_decoder_params_norm: 607930.500, Time: 1118.03 |
|Train : Update 21000. Negative ELBO : 599887.812, BCE: 591.007, KLD_latent: 45.442, KLD_decoder_params_norm: 599251.375, Time: 1173.75 |
|Train : Update 22000. Negative ELBO : 591196.438, BCE: 577.941, KLD_latent: 45.015, KLD_decoder_params_norm: 590573.500, Time: 1229.47 |
|Train : Update 23000. Negative ELBO : 582515.125, BCE: 574.911, KLD_latent: 43.390, KLD_decoder_params_norm: 581896.812, Time: 1285.21 |
|Train : Update 24000. Negative ELBO : 573843.750, BCE: 580.030, KLD_latent: 42.400, KLD_decoder_params_norm: 573221.375, Time: 1340.93 |
|Train : Update 25000. Negative ELBO : 565170.562, BCE: 582.042, KLD_latent: 41.283, KLD_decoder_params_norm: 564547.188, Time: 1396.63 |
|Train : Update 26000. Negative ELBO : 556501.875, BCE: 582.777, KLD_latent: 44.251, KLD_decoder_params_norm: 555874.875, Time: 1452.32 |
|Train : Update 27000. Negative ELBO : 547826.312, BCE: 579.507, KLD_latent: 42.658, KLD_decoder_params_norm: 547204.125, Time: 1508.06 |
|Train : Update 28000. Negative ELBO : 539159.750, BCE: 580.760, KLD_latent: 43.999, KLD_decoder_params_norm: 538535.000, Time: 1563.78 |
|Train : Update 29000. Negative ELBO : 530492.062, BCE: 578.321, KLD_latent: 45.935, KLD_decoder_params_norm: 529867.812, Time: 1619.53 |
|Train : Update 30000. Negative ELBO : 521825.844, BCE: 579.531, KLD_latent: 43.421, KLD_decoder_params_norm: 521202.906, Time: 1675.25 |
|Train : Update 31000. Negative ELBO : 513168.031, BCE: 585.498, KLD_latent: 42.609, KLD_decoder_params_norm: 512539.938, Time: 1730.97 |
|Train : Update 32000. Negative ELBO : 504503.000, BCE: 581.853, KLD_latent: 42.027, KLD_decoder_params_norm: 503879.125, Time: 1786.68 |
|Train : Update 33000. Negative ELBO : 495837.812, BCE: 575.143, KLD_latent: 42.054, KLD_decoder_params_norm: 495220.594, Time: 1842.39 |
|Train : Update 34000. Negative ELBO : 487196.812, BCE: 588.734, KLD_latent: 43.567, KLD_decoder_params_norm: 486564.531, Time: 1898.11 |
|Train : Update 35000. Negative ELBO : 478548.031, BCE: 592.548, KLD_latent: 44.294, KLD_decoder_params_norm: 477911.188, Time: 1953.88 |
|Train : Update 36000. Negative ELBO : 469893.375, BCE: 589.903, KLD_latent: 42.938, KLD_decoder_params_norm: 469260.531, Time: 2009.60 |
|Train : Update 37000. Negative ELBO : 461236.406, BCE: 580.593, KLD_latent: 43.127, KLD_decoder_params_norm: 460612.688, Time: 2065.30 |
|Train : Update 38000. Negative ELBO : 452599.938, BCE: 588.891, KLD_latent: 43.132, KLD_decoder_params_norm: 451967.906, Time: 2121.03 |
|Train : Update 39000. Negative ELBO : 443960.688, BCE: 593.666, KLD_latent: 40.864, KLD_decoder_params_norm: 443326.156, Time: 2176.76 |
|Train : Update 40000. Negative ELBO : 435311.906, BCE: 583.191, KLD_latent: 40.875, KLD_decoder_params_norm: 434687.844, Time: 2232.49 |
|Train : Update 41000. Negative ELBO : 426680.875, BCE: 586.508, KLD_latent: 41.182, KLD_decoder_params_norm: 426053.188, Time: 2288.18 |
|Train : Update 42000. Negative ELBO : 418058.062, BCE: 595.459, KLD_latent: 40.195, KLD_decoder_params_norm: 417422.406, Time: 2343.88 |
|Train : Update 43000. Negative ELBO : 409425.906, BCE: 587.859, KLD_latent: 42.383, KLD_decoder_params_norm: 408795.688, Time: 2399.57 |
|Train : Update 44000. Negative ELBO : 400806.531, BCE: 590.165, KLD_latent: 42.626, KLD_decoder_params_norm: 400173.750, Time: 2455.30 |
|Train : Update 45000. Negative ELBO : 392191.812, BCE: 589.453, KLD_latent: 45.879, KLD_decoder_params_norm: 391556.500, Time: 2511.01 |
|Train : Update 46000. Negative ELBO : 383580.125, BCE: 592.676, KLD_latent: 42.904, KLD_decoder_params_norm: 382944.531, Time: 2566.73 |
|Train : Update 47000. Negative ELBO : 374972.875, BCE: 589.054, KLD_latent: 45.562, KLD_decoder_params_norm: 374338.250, Time: 2622.47 |
|Train : Update 48000. Negative ELBO : 366382.625, BCE: 602.665, KLD_latent: 41.936, KLD_decoder_params_norm: 365738.031, Time: 2678.16 |
|Train : Update 49000. Negative ELBO : 357791.562, BCE: 602.968, KLD_latent: 43.877, KLD_decoder_params_norm: 357144.719, Time: 2733.86 |
|Train : Update 50000. Negative ELBO : 349210.375, BCE: 607.495, KLD_latent: 43.918, KLD_decoder_params_norm: 348558.969, Time: 2789.59 |
|Train : Update 51000. Negative ELBO : 340624.594, BCE: 600.767, KLD_latent: 42.617, KLD_decoder_params_norm: 339981.188, Time: 2845.29 |
|Train : Update 52000. Negative ELBO : 332061.031, BCE: 605.492, KLD_latent: 43.161, KLD_decoder_params_norm: 331412.375, Time: 2900.99 |
|Train : Update 53000. Negative ELBO : 323513.656, BCE: 614.175, KLD_latent: 45.768, KLD_decoder_params_norm: 322853.688, Time: 2956.71 |
|Train : Update 54000. Negative ELBO : 314953.812, BCE: 602.204, KLD_latent: 45.054, KLD_decoder_params_norm: 314306.531, Time: 3012.48 |
|Train : Update 55000. Negative ELBO : 306430.656, BCE: 615.556, KLD_latent: 42.466, KLD_decoder_params_norm: 305772.625, Time: 3068.23 |
|Train : Update 56000. Negative ELBO : 297912.656, BCE: 615.265, KLD_latent: 43.768, KLD_decoder_params_norm: 297253.625, Time: 3124.00 |
|Train : Update 57000. Negative ELBO : 289413.844, BCE: 620.065, KLD_latent: 43.482, KLD_decoder_params_norm: 288750.312, Time: 3179.74 |
|Train : Update 58000. Negative ELBO : 280938.438, BCE: 628.704, KLD_latent: 46.636, KLD_decoder_params_norm: 280263.094, Time: 3235.43 |
|Train : Update 59000. Negative ELBO : 272468.312, BCE: 631.038, KLD_latent: 44.656, KLD_decoder_params_norm: 271792.625, Time: 3291.19 |
|Train : Update 60000. Negative ELBO : 264007.938, BCE: 623.554, KLD_latent: 44.861, KLD_decoder_params_norm: 263339.500, Time: 3346.90 |
|Train : Update 61000. Negative ELBO : 255580.203, BCE: 637.812, KLD_latent: 43.043, KLD_decoder_params_norm: 254899.344, Time: 3402.60 |
|Train : Update 62000. Negative ELBO : 247167.562, BCE: 645.294, KLD_latent: 41.916, KLD_decoder_params_norm: 246480.344, Time: 3458.37 |
|Train : Update 63000. Negative ELBO : 238779.422, BCE: 648.370, KLD_latent: 45.559, KLD_decoder_params_norm: 238085.484, Time: 3514.09 |
|Train : Update 64000. Negative ELBO : 230409.641, BCE: 648.196, KLD_latent: 44.430, KLD_decoder_params_norm: 229717.016, Time: 3569.80 |
|Train : Update 65000. Negative ELBO : 222079.547, BCE: 657.976, KLD_latent: 44.532, KLD_decoder_params_norm: 221377.047, Time: 3625.50 |
|Train : Update 66000. Negative ELBO : 213773.812, BCE: 661.194, KLD_latent: 45.157, KLD_decoder_params_norm: 213067.469, Time: 3681.22 |
|Train : Update 67000. Negative ELBO : 205492.781, BCE: 656.329, KLD_latent: 45.558, KLD_decoder_params_norm: 204790.891, Time: 3736.94 |
|Train : Update 68000. Negative ELBO : 197266.891, BCE: 671.244, KLD_latent: 44.860, KLD_decoder_params_norm: 196550.781, Time: 3792.71 |
|Train : Update 69000. Negative ELBO : 189080.438, BCE: 683.203, KLD_latent: 46.356, KLD_decoder_params_norm: 188350.875, Time: 3848.44 |
|Train : Update 70000. Negative ELBO : 180931.234, BCE: 688.224, KLD_latent: 47.225, KLD_decoder_params_norm: 180195.797, Time: 3904.18 |
|Train : Update 71000. Negative ELBO : 172829.375, BCE: 692.440, KLD_latent: 46.338, KLD_decoder_params_norm: 172090.594, Time: 3959.88 |
|Train : Update 72000. Negative ELBO : 164787.500, BCE: 702.055, KLD_latent: 46.339, KLD_decoder_params_norm: 164039.094, Time: 4015.61 |
|Train : Update 73000. Negative ELBO : 156814.375, BCE: 723.047, KLD_latent: 44.988, KLD_decoder_params_norm: 156046.344, Time: 4071.32 |
|Train : Update 74000. Negative ELBO : 148880.406, BCE: 716.476, KLD_latent: 45.649, KLD_decoder_params_norm: 148118.281, Time: 4127.10 |
|Train : Update 75000. Negative ELBO : 141037.406, BCE: 728.304, KLD_latent: 46.955, KLD_decoder_params_norm: 140262.156, Time: 4182.78 |
|Train : Update 76000. Negative ELBO : 133278.719, BCE: 747.319, KLD_latent: 47.324, KLD_decoder_params_norm: 132484.078, Time: 4238.48 |
|Train : Update 77000. Negative ELBO : 125611.305, BCE: 772.439, KLD_latent: 46.720, KLD_decoder_params_norm: 124792.148, Time: 4294.24 |
|Train : Update 78000. Negative ELBO : 118022.336, BCE: 781.659, KLD_latent: 45.891, KLD_decoder_params_norm: 117194.789, Time: 4349.94 |
|Train : Update 79000. Negative ELBO : 110542.164, BCE: 793.612, KLD_latent: 47.636, KLD_decoder_params_norm: 109700.922, Time: 4405.64 |
|Train : Update 80000. Negative ELBO : 103170.375, BCE: 801.963, KLD_latent: 47.537, KLD_decoder_params_norm: 102320.875, Time: 4461.43 |
|Train : Update 81000. Negative ELBO : 95939.250, BCE: 825.368, KLD_latent: 48.243, KLD_decoder_params_norm: 95065.641, Time: 4517.17 |
|Train : Update 82000. Negative ELBO : 88833.156, BCE: 838.553, KLD_latent: 47.350, KLD_decoder_params_norm: 87947.250, Time: 4572.90 |
|Train : Update 83000. Negative ELBO : 81879.297, BCE: 853.338, KLD_latent: 47.083, KLD_decoder_params_norm: 80978.875, Time: 4628.63 |
|Train : Update 84000. Negative ELBO : 75115.469, BCE: 892.327, KLD_latent: 48.096, KLD_decoder_params_norm: 74175.047, Time: 4684.36 |
|Train : Update 85000. Negative ELBO : 68499.555, BCE: 899.904, KLD_latent: 48.851, KLD_decoder_params_norm: 67550.797, Time: 4740.07 |
|Train : Update 86000. Negative ELBO : 62094.973, BCE: 923.060, KLD_latent: 48.291, KLD_decoder_params_norm: 61123.621, Time: 4795.77 |
|Train : Update 87000. Negative ELBO : 55896.160, BCE: 937.333, KLD_latent: 47.662, KLD_decoder_params_norm: 54911.168, Time: 4851.50 |
|Train : Update 88000. Negative ELBO : 49941.328, BCE: 959.711, KLD_latent: 48.461, KLD_decoder_params_norm: 48933.156, Time: 4907.22 |
|Train : Update 89000. Negative ELBO : 44256.977, BCE: 998.028, KLD_latent: 48.142, KLD_decoder_params_norm: 43210.809, Time: 4962.95 |
|Train : Update 90000. Negative ELBO : 38834.344, BCE: 1020.403, KLD_latent: 47.067, KLD_decoder_params_norm: 37766.875, Time: 5018.67 |
|Train : Update 91000. Negative ELBO : 33720.820, BCE: 1048.678, KLD_latent: 46.682, KLD_decoder_params_norm: 32625.461, Time: 5074.39 |
|Train : Update 92000. Negative ELBO : 28933.141, BCE: 1074.447, KLD_latent: 47.514, KLD_decoder_params_norm: 27811.180, Time: 5130.08 |
|Train : Update 93000. Negative ELBO : 24518.602, BCE: 1121.064, KLD_latent: 46.959, KLD_decoder_params_norm: 23350.578, Time: 5185.79 |
|Train : Update 94000. Negative ELBO : 20467.732, BCE: 1151.461, KLD_latent: 46.115, KLD_decoder_params_norm: 19270.156, Time: 5241.49 |
|Train : Update 95000. Negative ELBO : 16822.076, BCE: 1179.542, KLD_latent: 45.161, KLD_decoder_params_norm: 15597.373, Time: 5297.26 |
|Train : Update 96000. Negative ELBO : 13600.852, BCE: 1200.979, KLD_latent: 42.563, KLD_decoder_params_norm: 12357.309, Time: 5353.03 |
|Train : Update 97000. Negative ELBO : 10857.887, BCE: 1243.838, KLD_latent: 41.455, KLD_decoder_params_norm: 9572.594, Time: 5408.77 |
|Train : Update 98000. Negative ELBO : 8587.712, BCE: 1285.740, KLD_latent: 41.428, KLD_decoder_params_norm: 7260.544, Time: 5464.52 |
|Train : Update 99000. Negative ELBO : 6791.575, BCE: 1324.033, KLD_latent: 37.807, KLD_decoder_params_norm: 5429.736, Time: 5520.23 |
|Train : Update 100000. Negative ELBO : 5451.474, BCE: 1343.343, KLD_latent: 38.902, KLD_decoder_params_norm: 4069.228, Time: 5575.97 |
|Train : Update 101000. Negative ELBO : 4530.426, BCE: 1351.943, KLD_latent: 35.967, KLD_decoder_params_norm: 3142.517, Time: 5631.68 |
|Train : Update 102000. Negative ELBO : 4031.953, BCE: 1427.111, KLD_latent: 34.206, KLD_decoder_params_norm: 2570.636, Time: 5687.38 |
|Train : Update 103000. Negative ELBO : 3707.677, BCE: 1440.928, KLD_latent: 32.162, KLD_decoder_params_norm: 2234.587, Time: 5743.14 |
|Train : Update 104000. Negative ELBO : 3495.599, BCE: 1452.335, KLD_latent: 29.640, KLD_decoder_params_norm: 2013.624, Time: 5798.85 |
|Train : Update 105000. Negative ELBO : 3315.752, BCE: 1446.768, KLD_latent: 27.884, KLD_decoder_params_norm: 1841.100, Time: 5854.63 |
|Train : Update 106000. Negative ELBO : 3167.994, BCE: 1444.357, KLD_latent: 28.353, KLD_decoder_params_norm: 1695.284, Time: 5910.34 |
|Train : Update 107000. Negative ELBO : 3052.790, BCE: 1458.805, KLD_latent: 26.176, KLD_decoder_params_norm: 1567.809, Time: 5966.05 |
|Train : Update 108000. Negative ELBO : 2933.655, BCE: 1455.391, KLD_latent: 23.906, KLD_decoder_params_norm: 1454.359, Time: 6021.78 |
|Train : Update 109000. Negative ELBO : 2831.785, BCE: 1456.326, KLD_latent: 23.008, KLD_decoder_params_norm: 1352.451, Time: 6077.52 |
|Train : Update 110000. Negative ELBO : 2725.953, BCE: 1443.194, KLD_latent: 21.949, KLD_decoder_params_norm: 1260.810, Time: 6133.23 |
|Train : Update 111000. Negative ELBO : 2665.040, BCE: 1466.057, KLD_latent: 20.908, KLD_decoder_params_norm: 1178.075, Time: 6188.95 |
|Train : Update 112000. Negative ELBO : 2573.871, BCE: 1448.686, KLD_latent: 22.098, KLD_decoder_params_norm: 1103.087, Time: 6244.66 |
|Train : Update 113000. Negative ELBO : 2545.875, BCE: 1490.269, KLD_latent: 20.481, KLD_decoder_params_norm: 1035.126, Time: 6300.38 |
|Train : Update 114000. Negative ELBO : 2469.931, BCE: 1473.909, KLD_latent: 22.387, KLD_decoder_params_norm: 973.635, Time: 6356.10 |
|Train : Update 115000. Negative ELBO : 2410.950, BCE: 1472.141, KLD_latent: 21.358, KLD_decoder_params_norm: 917.452, Time: 6411.79 |
|Train : Update 116000. Negative ELBO : 2368.595, BCE: 1481.649, KLD_latent: 20.671, KLD_decoder_params_norm: 866.275, Time: 6467.50 |
|Train : Update 117000. Negative ELBO : 2327.752, BCE: 1488.967, KLD_latent: 18.990, KLD_decoder_params_norm: 819.794, Time: 6523.25 |
|Train : Update 118000. Negative ELBO : 2264.619, BCE: 1466.632, KLD_latent: 20.549, KLD_decoder_params_norm: 777.438, Time: 6578.95 |
|Train : Update 119000. Negative ELBO : 2212.503, BCE: 1454.699, KLD_latent: 18.706, KLD_decoder_params_norm: 739.097, Time: 6634.71 |
|Train : Update 120000. Negative ELBO : 2189.616, BCE: 1469.260, KLD_latent: 16.653, KLD_decoder_params_norm: 703.703, Time: 6690.44 |
|Train : Update 121000. Negative ELBO : 2159.948, BCE: 1469.980, KLD_latent: 18.322, KLD_decoder_params_norm: 671.645, Time: 6746.24 |
|Train : Update 122000. Negative ELBO : 2139.234, BCE: 1480.434, KLD_latent: 16.701, KLD_decoder_params_norm: 642.100, Time: 6802.01 |
|Train : Update 123000. Negative ELBO : 2102.808, BCE: 1470.265, KLD_latent: 17.355, KLD_decoder_params_norm: 615.187, Time: 6857.77 |
|Train : Update 124000. Negative ELBO : 2099.618, BCE: 1490.235, KLD_latent: 18.722, KLD_decoder_params_norm: 590.662, Time: 6913.45 |
|Train : Update 125000. Negative ELBO : 2060.197, BCE: 1473.238, KLD_latent: 18.705, KLD_decoder_params_norm: 568.254, Time: 6969.19 |
|Train : Update 126000. Negative ELBO : 2028.993, BCE: 1464.131, KLD_latent: 17.224, KLD_decoder_params_norm: 547.638, Time: 7024.94 |
|Train : Update 127000. Negative ELBO : 2013.863, BCE: 1467.346, KLD_latent: 17.432, KLD_decoder_params_norm: 529.085, Time: 7080.68 |
|Train : Update 128000. Negative ELBO : 2001.773, BCE: 1472.533, KLD_latent: 17.021, KLD_decoder_params_norm: 512.219, Time: 7136.43 |
|Train : Update 129000. Negative ELBO : 1979.695, BCE: 1465.896, KLD_latent: 17.209, KLD_decoder_params_norm: 496.590, Time: 7192.18 |
|Train : Update 130000. Negative ELBO : 1965.857, BCE: 1467.416, KLD_latent: 16.003, KLD_decoder_params_norm: 482.438, Time: 7247.90 |
|Train : Update 131000. Negative ELBO : 1922.596, BCE: 1436.067, KLD_latent: 17.194, KLD_decoder_params_norm: 469.335, Time: 7303.68 |
|Train : Update 132000. Negative ELBO : 1928.398, BCE: 1452.815, KLD_latent: 17.967, KLD_decoder_params_norm: 457.616, Time: 7359.40 |
|Train : Update 133000. Negative ELBO : 1931.362, BCE: 1468.274, KLD_latent: 16.338, KLD_decoder_params_norm: 446.749, Time: 7415.10 |
|Train : Update 134000. Negative ELBO : 1916.404, BCE: 1462.542, KLD_latent: 16.939, KLD_decoder_params_norm: 436.923, Time: 7470.82 |
|Train : Update 135000. Negative ELBO : 1908.114, BCE: 1463.214, KLD_latent: 16.941, KLD_decoder_params_norm: 427.958, Time: 7526.55 |
|Train : Update 136000. Negative ELBO : 1926.566, BCE: 1490.379, KLD_latent: 16.546, KLD_decoder_params_norm: 419.641, Time: 7582.26 |
|Train : Update 137000. Negative ELBO : 1881.522, BCE: 1452.426, KLD_latent: 17.115, KLD_decoder_params_norm: 411.981, Time: 7637.97 |
|Train : Update 138000. Negative ELBO : 1855.345, BCE: 1433.045, KLD_latent: 17.245, KLD_decoder_params_norm: 405.055, Time: 7693.70 |
|Train : Update 139000. Negative ELBO : 1881.317, BCE: 1465.060, KLD_latent: 17.557, KLD_decoder_params_norm: 398.700, Time: 7749.44 |
|Train : Update 140000. Negative ELBO : 1882.607, BCE: 1473.338, KLD_latent: 16.521, KLD_decoder_params_norm: 392.748, Time: 7805.15 |
|Train : Update 141000. Negative ELBO : 1869.926, BCE: 1464.805, KLD_latent: 17.754, KLD_decoder_params_norm: 387.368, Time: 7860.91 |
|Train : Update 142000. Negative ELBO : 1864.958, BCE: 1465.833, KLD_latent: 16.885, KLD_decoder_params_norm: 382.239, Time: 7916.64 |
|Train : Update 143000. Negative ELBO : 1853.038, BCE: 1459.484, KLD_latent: 16.263, KLD_decoder_params_norm: 377.291, Time: 7972.40 |
|Train : Update 144000. Negative ELBO : 1855.464, BCE: 1464.921, KLD_latent: 17.564, KLD_decoder_params_norm: 372.979, Time: 8028.17 |
|Train : Update 145000. Negative ELBO : 1862.000, BCE: 1475.902, KLD_latent: 17.340, KLD_decoder_params_norm: 368.758, Time: 8083.92 |
|Train : Update 146000. Negative ELBO : 1859.965, BCE: 1478.614, KLD_latent: 16.444, KLD_decoder_params_norm: 364.907, Time: 8139.60 |
|Train : Update 147000. Negative ELBO : 1818.183, BCE: 1440.253, KLD_latent: 16.551, KLD_decoder_params_norm: 361.379, Time: 8195.36 |
|Train : Update 148000. Negative ELBO : 1844.541, BCE: 1469.593, KLD_latent: 17.042, KLD_decoder_params_norm: 357.905, Time: 8251.07 |
|Train : Update 149000. Negative ELBO : 1835.046, BCE: 1463.932, KLD_latent: 16.449, KLD_decoder_params_norm: 354.664, Time: 8306.83 |
|Train : Update 150000. Negative ELBO : 1821.373, BCE: 1454.172, KLD_latent: 15.561, KLD_decoder_params_norm: 351.640, Time: 8362.56 |
|Train : Update 151000. Negative ELBO : 1843.523, BCE: 1477.266, KLD_latent: 17.346, KLD_decoder_params_norm: 348.912, Time: 8418.34 |
|Train : Update 152000. Negative ELBO : 1832.839, BCE: 1468.688, KLD_latent: 17.917, KLD_decoder_params_norm: 346.233, Time: 8474.07 |
|Train : Update 153000. Negative ELBO : 1832.902, BCE: 1472.488, KLD_latent: 16.835, KLD_decoder_params_norm: 343.579, Time: 8529.80 |
|Train : Update 154000. Negative ELBO : 1812.584, BCE: 1454.960, KLD_latent: 16.483, KLD_decoder_params_norm: 341.141, Time: 8585.58 |
|Train : Update 155000. Negative ELBO : 1821.675, BCE: 1466.856, KLD_latent: 15.987, KLD_decoder_params_norm: 338.832, Time: 8641.28 |
|Train : Update 156000. Negative ELBO : 1810.172, BCE: 1457.421, KLD_latent: 16.200, KLD_decoder_params_norm: 336.551, Time: 8696.97 |
|Train : Update 157000. Negative ELBO : 1815.710, BCE: 1465.195, KLD_latent: 16.120, KLD_decoder_params_norm: 334.395, Time: 8752.71 |
|Train : Update 158000. Negative ELBO : 1801.443, BCE: 1452.968, KLD_latent: 16.031, KLD_decoder_params_norm: 332.444, Time: 8808.41 |
|Train : Update 159000. Negative ELBO : 1818.836, BCE: 1472.240, KLD_latent: 16.103, KLD_decoder_params_norm: 330.493, Time: 8864.15 |
|Train : Update 160000. Negative ELBO : 1810.010, BCE: 1465.605, KLD_latent: 15.893, KLD_decoder_params_norm: 328.511, Time: 8919.84 |
|Train : Update 161000. Negative ELBO : 1790.529, BCE: 1448.561, KLD_latent: 15.258, KLD_decoder_params_norm: 326.710, Time: 8975.54 |
|Train : Update 162000. Negative ELBO : 1800.479, BCE: 1459.362, KLD_latent: 16.140, KLD_decoder_params_norm: 324.977, Time: 9031.25 |
|Train : Update 163000. Negative ELBO : 1785.734, BCE: 1446.396, KLD_latent: 16.186, KLD_decoder_params_norm: 323.152, Time: 9086.98 |
|Train : Update 164000. Negative ELBO : 1793.073, BCE: 1454.857, KLD_latent: 16.570, KLD_decoder_params_norm: 321.646, Time: 9142.66 |
|Train : Update 165000. Negative ELBO : 1788.772, BCE: 1450.839, KLD_latent: 17.951, KLD_decoder_params_norm: 319.981, Time: 9198.36 |
|Train : Update 166000. Negative ELBO : 1810.384, BCE: 1475.051, KLD_latent: 16.875, KLD_decoder_params_norm: 318.458, Time: 9254.09 |
|Train : Update 167000. Negative ELBO : 1806.052, BCE: 1473.411, KLD_latent: 15.724, KLD_decoder_params_norm: 316.917, Time: 9309.79 |
|Train : Update 168000. Negative ELBO : 1783.998, BCE: 1452.650, KLD_latent: 15.911, KLD_decoder_params_norm: 315.437, Time: 9365.52 |
|Train : Update 169000. Negative ELBO : 1808.450, BCE: 1478.489, KLD_latent: 15.868, KLD_decoder_params_norm: 314.093, Time: 9421.26 |
|Train : Update 170000. Negative ELBO : 1795.535, BCE: 1465.639, KLD_latent: 17.209, KLD_decoder_params_norm: 312.688, Time: 9476.97 |
|Train : Update 171000. Negative ELBO : 1773.789, BCE: 1446.250, KLD_latent: 16.272, KLD_decoder_params_norm: 311.267, Time: 9532.70 |
|Train : Update 172000. Negative ELBO : 1790.632, BCE: 1464.212, KLD_latent: 16.282, KLD_decoder_params_norm: 310.138, Time: 9588.42 |
|Train : Update 173000. Negative ELBO : 1799.520, BCE: 1474.418, KLD_latent: 16.246, KLD_decoder_params_norm: 308.857, Time: 9644.12 |
|Train : Update 174000. Negative ELBO : 1787.886, BCE: 1464.202, KLD_latent: 15.999, KLD_decoder_params_norm: 307.685, Time: 9699.82 |
|Train : Update 175000. Negative ELBO : 1800.261, BCE: 1477.346, KLD_latent: 16.450, KLD_decoder_params_norm: 306.465, Time: 9755.55 |
|Train : Update 176000. Negative ELBO : 1771.839, BCE: 1450.348, KLD_latent: 16.285, KLD_decoder_params_norm: 305.206, Time: 9811.27 |
|Train : Update 177000. Negative ELBO : 1790.572, BCE: 1469.416, KLD_latent: 17.150, KLD_decoder_params_norm: 304.006, Time: 9866.99 |
|Train : Update 178000. Negative ELBO : 1773.297, BCE: 1454.032, KLD_latent: 16.319, KLD_decoder_params_norm: 302.946, Time: 9922.73 |
|Train : Update 179000. Negative ELBO : 1784.380, BCE: 1466.076, KLD_latent: 16.490, KLD_decoder_params_norm: 301.813, Time: 9978.45 |
|Train : Update 180000. Negative ELBO : 1757.360, BCE: 1440.536, KLD_latent: 15.938, KLD_decoder_params_norm: 300.885, Time: 10034.13 |
|Train : Update 181000. Negative ELBO : 1757.085, BCE: 1440.241, KLD_latent: 17.049, KLD_decoder_params_norm: 299.796, Time: 10089.89 |
|Train : Update 182000. Negative ELBO : 1785.497, BCE: 1470.808, KLD_latent: 15.984, KLD_decoder_params_norm: 298.705, Time: 10145.64 |
|Train : Update 183000. Negative ELBO : 1777.918, BCE: 1463.162, KLD_latent: 17.080, KLD_decoder_params_norm: 297.676, Time: 10201.37 |
|Train : Update 184000. Negative ELBO : 1791.260, BCE: 1478.181, KLD_latent: 16.329, KLD_decoder_params_norm: 296.750, Time: 10257.09 |
|Train : Update 185000. Negative ELBO : 1773.695, BCE: 1460.834, KLD_latent: 17.001, KLD_decoder_params_norm: 295.859, Time: 10312.81 |
|Train : Update 186000. Negative ELBO : 1777.609, BCE: 1467.035, KLD_latent: 15.701, KLD_decoder_params_norm: 294.874, Time: 10368.59 |
|Train : Update 187000. Negative ELBO : 1742.691, BCE: 1432.319, KLD_latent: 16.425, KLD_decoder_params_norm: 293.948, Time: 10424.31 |
|Train : Update 188000. Negative ELBO : 1733.106, BCE: 1424.189, KLD_latent: 15.895, KLD_decoder_params_norm: 293.022, Time: 10480.03 |
|Train : Update 189000. Negative ELBO : 1755.112, BCE: 1446.808, KLD_latent: 16.112, KLD_decoder_params_norm: 292.192, Time: 10535.76 |
|Train : Update 190000. Negative ELBO : 1772.805, BCE: 1464.240, KLD_latent: 17.185, KLD_decoder_params_norm: 291.379, Time: 10591.46 |
|Train : Update 191000. Negative ELBO : 1746.376, BCE: 1438.513, KLD_latent: 17.315, KLD_decoder_params_norm: 290.548, Time: 10647.18 |
|Train : Update 192000. Negative ELBO : 1760.971, BCE: 1455.161, KLD_latent: 16.159, KLD_decoder_params_norm: 289.652, Time: 10702.92 |
|Train : Update 193000. Negative ELBO : 1774.791, BCE: 1469.905, KLD_latent: 16.116, KLD_decoder_params_norm: 288.770, Time: 10758.62 |
|Train : Update 194000. Negative ELBO : 1753.647, BCE: 1449.316, KLD_latent: 16.440, KLD_decoder_params_norm: 287.891, Time: 10814.32 |
|Train : Update 195000. Negative ELBO : 1747.649, BCE: 1444.653, KLD_latent: 15.945, KLD_decoder_params_norm: 287.050, Time: 10870.02 |
|Train : Update 196000. Negative ELBO : 1769.377, BCE: 1467.070, KLD_latent: 15.992, KLD_decoder_params_norm: 286.315, Time: 10925.81 |
|Train : Update 197000. Negative ELBO : 1800.842, BCE: 1498.179, KLD_latent: 17.139, KLD_decoder_params_norm: 285.523, Time: 10981.60 |
|Train : Update 198000. Negative ELBO : 1786.685, BCE: 1486.558, KLD_latent: 15.462, KLD_decoder_params_norm: 284.665, Time: 11037.31 |
|Train : Update 199000. Negative ELBO : 1753.564, BCE: 1454.372, KLD_latent: 15.229, KLD_decoder_params_norm: 283.963, Time: 11093.03 |
|Train : Update 200000. Negative ELBO : 1746.233, BCE: 1446.415, KLD_latent: 16.579, KLD_decoder_params_norm: 283.240, Time: 11148.79 |
|Train : Update 201000. Negative ELBO : 1740.866, BCE: 1443.202, KLD_latent: 15.284, KLD_decoder_params_norm: 282.381, Time: 11204.55 |
|Train : Update 202000. Negative ELBO : 1764.299, BCE: 1466.015, KLD_latent: 16.696, KLD_decoder_params_norm: 281.587, Time: 11260.33 |
|Train : Update 203000. Negative ELBO : 1737.895, BCE: 1440.343, KLD_latent: 16.715, KLD_decoder_params_norm: 280.838, Time: 11316.07 |
|Train : Update 204000. Negative ELBO : 1752.271, BCE: 1455.762, KLD_latent: 16.419, KLD_decoder_params_norm: 280.089, Time: 11371.78 |
|Train : Update 205000. Negative ELBO : 1753.027, BCE: 1457.205, KLD_latent: 16.463, KLD_decoder_params_norm: 279.359, Time: 11427.49 |
|Train : Update 206000. Negative ELBO : 1754.743, BCE: 1458.811, KLD_latent: 17.208, KLD_decoder_params_norm: 278.724, Time: 11483.20 |
|Train : Update 207000. Negative ELBO : 1753.347, BCE: 1458.898, KLD_latent: 16.476, KLD_decoder_params_norm: 277.973, Time: 11538.94 |
|Train : Update 208000. Negative ELBO : 1768.179, BCE: 1474.922, KLD_latent: 16.075, KLD_decoder_params_norm: 277.181, Time: 11594.68 |
|Train : Update 209000. Negative ELBO : 1746.278, BCE: 1453.900, KLD_latent: 15.942, KLD_decoder_params_norm: 276.437, Time: 11650.43 |
|Train : Update 210000. Negative ELBO : 1757.430, BCE: 1465.087, KLD_latent: 16.629, KLD_decoder_params_norm: 275.714, Time: 11706.16 |
|Train : Update 211000. Negative ELBO : 1724.961, BCE: 1433.248, KLD_latent: 16.693, KLD_decoder_params_norm: 275.020, Time: 11761.88 |
|Train : Update 212000. Negative ELBO : 1740.435, BCE: 1449.758, KLD_latent: 16.393, KLD_decoder_params_norm: 274.283, Time: 11817.59 |
|Train : Update 213000. Negative ELBO : 1737.516, BCE: 1447.582, KLD_latent: 16.241, KLD_decoder_params_norm: 273.693, Time: 11873.28 |
|Train : Update 214000. Negative ELBO : 1744.574, BCE: 1454.625, KLD_latent: 17.005, KLD_decoder_params_norm: 272.944, Time: 11929.05 |
|Train : Update 215000. Negative ELBO : 1730.094, BCE: 1441.922, KLD_latent: 15.985, KLD_decoder_params_norm: 272.187, Time: 11984.80 |
|Train : Update 216000. Negative ELBO : 1760.454, BCE: 1472.308, KLD_latent: 16.680, KLD_decoder_params_norm: 271.466, Time: 12040.51 |
|Train : Update 217000. Negative ELBO : 1749.351, BCE: 1462.214, KLD_latent: 16.341, KLD_decoder_params_norm: 270.796, Time: 12096.30 |
|Train : Update 218000. Negative ELBO : 1737.330, BCE: 1450.242, KLD_latent: 17.003, KLD_decoder_params_norm: 270.085, Time: 12152.01 |
|Train : Update 219000. Negative ELBO : 1719.630, BCE: 1434.163, KLD_latent: 16.096, KLD_decoder_params_norm: 269.372, Time: 12207.73 |
|Train : Update 220000. Negative ELBO : 1719.363, BCE: 1434.598, KLD_latent: 16.140, KLD_decoder_params_norm: 268.625, Time: 12263.44 |
|Train : Update 221000. Negative ELBO : 1734.352, BCE: 1449.849, KLD_latent: 16.517, KLD_decoder_params_norm: 267.986, Time: 12319.18 |
|Train : Update 222000. Negative ELBO : 1712.254, BCE: 1428.311, KLD_latent: 16.639, KLD_decoder_params_norm: 267.304, Time: 12374.92 |
|Train : Update 223000. Negative ELBO : 1733.394, BCE: 1449.859, KLD_latent: 16.922, KLD_decoder_params_norm: 266.613, Time: 12430.66 |
|Train : Update 224000. Negative ELBO : 1736.240, BCE: 1453.944, KLD_latent: 16.313, KLD_decoder_params_norm: 265.983, Time: 12486.44 |
|Train : Update 225000. Negative ELBO : 1738.912, BCE: 1456.641, KLD_latent: 17.042, KLD_decoder_params_norm: 265.229, Time: 12542.15 |
|Train : Update 226000. Negative ELBO : 1744.831, BCE: 1463.713, KLD_latent: 16.577, KLD_decoder_params_norm: 264.541, Time: 12597.86 |
|Train : Update 227000. Negative ELBO : 1718.222, BCE: 1436.867, KLD_latent: 17.538, KLD_decoder_params_norm: 263.817, Time: 12653.58 |
|Train : Update 228000. Negative ELBO : 1732.382, BCE: 1451.587, KLD_latent: 17.722, KLD_decoder_params_norm: 263.073, Time: 12709.30 |
|Train : Update 229000. Negative ELBO : 1695.805, BCE: 1417.098, KLD_latent: 16.352, KLD_decoder_params_norm: 262.355, Time: 12765.01 |
|Train : Update 230000. Negative ELBO : 1726.405, BCE: 1449.312, KLD_latent: 15.471, KLD_decoder_params_norm: 261.622, Time: 12820.72 |
|Train : Update 231000. Negative ELBO : 1711.976, BCE: 1433.589, KLD_latent: 17.551, KLD_decoder_params_norm: 260.836, Time: 12876.47 |
|Train : Update 232000. Negative ELBO : 1711.850, BCE: 1434.749, KLD_latent: 16.964, KLD_decoder_params_norm: 260.138, Time: 12932.19 |
|Train : Update 233000. Negative ELBO : 1740.367, BCE: 1463.011, KLD_latent: 17.833, KLD_decoder_params_norm: 259.523, Time: 12987.90 |
|Train : Update 234000. Negative ELBO : 1736.465, BCE: 1460.152, KLD_latent: 17.540, KLD_decoder_params_norm: 258.773, Time: 13043.65 |
|Train : Update 235000. Negative ELBO : 1723.476, BCE: 1449.049, KLD_latent: 16.435, KLD_decoder_params_norm: 257.991, Time: 13099.38 |
|Train : Update 236000. Negative ELBO : 1685.551, BCE: 1411.884, KLD_latent: 16.514, KLD_decoder_params_norm: 257.153, Time: 13155.17 |
|Train : Update 237000. Negative ELBO : 1711.297, BCE: 1437.927, KLD_latent: 16.949, KLD_decoder_params_norm: 256.422, Time: 13210.91 |
|Train : Update 238000. Negative ELBO : 1702.802, BCE: 1430.353, KLD_latent: 16.766, KLD_decoder_params_norm: 255.683, Time: 13266.63 |
|Train : Update 239000. Negative ELBO : 1705.067, BCE: 1432.545, KLD_latent: 17.580, KLD_decoder_params_norm: 254.942, Time: 13322.36 |
|Train : Update 240000. Negative ELBO : 1704.262, BCE: 1433.300, KLD_latent: 16.853, KLD_decoder_params_norm: 254.109, Time: 13378.13 |
|Train : Update 241000. Negative ELBO : 1686.988, BCE: 1417.320, KLD_latent: 16.236, KLD_decoder_params_norm: 253.432, Time: 13433.90 |
|Train : Update 242000. Negative ELBO : 1718.072, BCE: 1448.687, KLD_latent: 16.710, KLD_decoder_params_norm: 252.674, Time: 13489.65 |
|Train : Update 243000. Negative ELBO : 1704.094, BCE: 1433.906, KLD_latent: 18.233, KLD_decoder_params_norm: 251.954, Time: 13545.40 |
|Train : Update 244000. Negative ELBO : 1710.420, BCE: 1441.702, KLD_latent: 17.493, KLD_decoder_params_norm: 251.225, Time: 13601.11 |
|Train : Update 245000. Negative ELBO : 1708.603, BCE: 1440.757, KLD_latent: 17.373, KLD_decoder_params_norm: 250.473, Time: 13656.87 |
|Train : Update 246000. Negative ELBO : 1686.825, BCE: 1420.706, KLD_latent: 16.370, KLD_decoder_params_norm: 249.749, Time: 13712.61 |
|Train : Update 247000. Negative ELBO : 1720.860, BCE: 1455.251, KLD_latent: 16.659, KLD_decoder_params_norm: 248.949, Time: 13768.33 |
|Train : Update 248000. Negative ELBO : 1684.318, BCE: 1419.780, KLD_latent: 16.415, KLD_decoder_params_norm: 248.124, Time: 13824.07 |
|Train : Update 249000. Negative ELBO : 1693.687, BCE: 1429.208, KLD_latent: 17.090, KLD_decoder_params_norm: 247.389, Time: 13879.77 |
|Train : Update 250000. Negative ELBO : 1684.680, BCE: 1421.042, KLD_latent: 17.044, KLD_decoder_params_norm: 246.595, Time: 13935.50 |
|Train : Update 251000. Negative ELBO : 1708.802, BCE: 1445.989, KLD_latent: 17.019, KLD_decoder_params_norm: 245.794, Time: 13991.21 |
|Train : Update 252000. Negative ELBO : 1688.581, BCE: 1425.563, KLD_latent: 17.928, KLD_decoder_params_norm: 245.090, Time: 14046.95 |
|Train : Update 253000. Negative ELBO : 1687.331, BCE: 1426.122, KLD_latent: 16.856, KLD_decoder_params_norm: 244.353, Time: 14102.65 |
|Train : Update 254000. Negative ELBO : 1683.172, BCE: 1422.192, KLD_latent: 17.362, KLD_decoder_params_norm: 243.618, Time: 14158.37 |
|Train : Update 255000. Negative ELBO : 1678.323, BCE: 1417.594, KLD_latent: 17.891, KLD_decoder_params_norm: 242.838, Time: 14214.14 |
|Train : Update 256000. Negative ELBO : 1692.574, BCE: 1432.954, KLD_latent: 17.479, KLD_decoder_params_norm: 242.141, Time: 14269.83 |
|Train : Update 257000. Negative ELBO : 1681.511, BCE: 1422.910, KLD_latent: 17.183, KLD_decoder_params_norm: 241.418, Time: 14325.55 |
|Train : Update 258000. Negative ELBO : 1648.723, BCE: 1390.509, KLD_latent: 17.507, KLD_decoder_params_norm: 240.707, Time: 14381.26 |
|Train : Update 259000. Negative ELBO : 1667.447, BCE: 1410.386, KLD_latent: 17.067, KLD_decoder_params_norm: 239.994, Time: 14437.03 |
|Train : Update 260000. Negative ELBO : 1666.566, BCE: 1410.584, KLD_latent: 16.724, KLD_decoder_params_norm: 239.258, Time: 14492.74 |
|Train : Update 261000. Negative ELBO : 1679.666, BCE: 1423.478, KLD_latent: 17.641, KLD_decoder_params_norm: 238.547, Time: 14548.43 |
|Train : Update 262000. Negative ELBO : 1667.255, BCE: 1412.358, KLD_latent: 17.059, KLD_decoder_params_norm: 237.839, Time: 14604.19 |
|Train : Update 263000. Negative ELBO : 1678.464, BCE: 1424.052, KLD_latent: 17.239, KLD_decoder_params_norm: 237.173, Time: 14659.90 |
|Train : Update 264000. Negative ELBO : 1654.442, BCE: 1400.908, KLD_latent: 17.041, KLD_decoder_params_norm: 236.494, Time: 14715.62 |
|Train : Update 265000. Negative ELBO : 1689.834, BCE: 1436.254, KLD_latent: 17.715, KLD_decoder_params_norm: 235.865, Time: 14771.35 |
|Train : Update 266000. Negative ELBO : 1663.874, BCE: 1411.384, KLD_latent: 17.309, KLD_decoder_params_norm: 235.180, Time: 14827.11 |
|Train : Update 267000. Negative ELBO : 1671.507, BCE: 1419.141, KLD_latent: 17.784, KLD_decoder_params_norm: 234.582, Time: 14882.84 |
|Train : Update 268000. Negative ELBO : 1671.823, BCE: 1420.035, KLD_latent: 17.787, KLD_decoder_params_norm: 234.001, Time: 14938.57 |
|Train : Update 269000. Negative ELBO : 1647.974, BCE: 1396.936, KLD_latent: 17.653, KLD_decoder_params_norm: 233.386, Time: 14994.28 |
|Train : Update 270000. Negative ELBO : 1639.476, BCE: 1389.434, KLD_latent: 17.208, KLD_decoder_params_norm: 232.834, Time: 15049.98 |
|Train : Update 271000. Negative ELBO : 1662.685, BCE: 1413.590, KLD_latent: 16.828, KLD_decoder_params_norm: 232.267, Time: 15105.75 |
|Train : Update 272000. Negative ELBO : 1653.298, BCE: 1404.514, KLD_latent: 17.039, KLD_decoder_params_norm: 231.745, Time: 15161.49 |
|Train : Update 273000. Negative ELBO : 1647.185, BCE: 1398.817, KLD_latent: 17.108, KLD_decoder_params_norm: 231.260, Time: 15217.24 |
|Train : Update 274000. Negative ELBO : 1656.536, BCE: 1408.655, KLD_latent: 17.113, KLD_decoder_params_norm: 230.768, Time: 15273.11 |
|Train : Update 275000. Negative ELBO : 1635.438, BCE: 1387.911, KLD_latent: 17.272, KLD_decoder_params_norm: 230.255, Time: 15328.80 |
|Train : Update 276000. Negative ELBO : 1637.281, BCE: 1389.942, KLD_latent: 17.591, KLD_decoder_params_norm: 229.747, Time: 15384.53 |
|Train : Update 277000. Negative ELBO : 1626.675, BCE: 1379.596, KLD_latent: 17.759, KLD_decoder_params_norm: 229.320, Time: 15440.28 |
|Train : Update 278000. Negative ELBO : 1636.793, BCE: 1390.760, KLD_latent: 17.120, KLD_decoder_params_norm: 228.913, Time: 15496.00 |
|Train : Update 279000. Negative ELBO : 1634.915, BCE: 1388.654, KLD_latent: 17.729, KLD_decoder_params_norm: 228.531, Time: 15551.71 |
|Train : Update 280000. Negative ELBO : 1639.454, BCE: 1393.330, KLD_latent: 18.012, KLD_decoder_params_norm: 228.112, Time: 15607.44 |
|Train : Update 281000. Negative ELBO : 1649.224, BCE: 1404.024, KLD_latent: 17.484, KLD_decoder_params_norm: 227.716, Time: 15663.17 |
|Train : Update 282000. Negative ELBO : 1648.657, BCE: 1402.718, KLD_latent: 18.661, KLD_decoder_params_norm: 227.278, Time: 15718.91 |
|Train : Update 283000. Negative ELBO : 1630.804, BCE: 1386.359, KLD_latent: 17.553, KLD_decoder_params_norm: 226.892, Time: 15774.67 |
|Train : Update 284000. Negative ELBO : 1638.729, BCE: 1393.924, KLD_latent: 18.305, KLD_decoder_params_norm: 226.500, Time: 15830.36 |
|Train : Update 285000. Negative ELBO : 1644.577, BCE: 1401.202, KLD_latent: 17.254, KLD_decoder_params_norm: 226.121, Time: 15886.07 |
|Train : Update 286000. Negative ELBO : 1646.512, BCE: 1403.588, KLD_latent: 17.152, KLD_decoder_params_norm: 225.772, Time: 15941.79 |
|Train : Update 287000. Negative ELBO : 1645.694, BCE: 1401.795, KLD_latent: 18.548, KLD_decoder_params_norm: 225.351, Time: 15997.48 |
|Train : Update 288000. Negative ELBO : 1610.864, BCE: 1367.188, KLD_latent: 18.730, KLD_decoder_params_norm: 224.946, Time: 16053.19 |
|Train : Update 289000. Negative ELBO : 1650.201, BCE: 1406.857, KLD_latent: 18.733, KLD_decoder_params_norm: 224.611, Time: 16108.88 |
|Train : Update 290000. Negative ELBO : 1631.249, BCE: 1389.006, KLD_latent: 18.025, KLD_decoder_params_norm: 224.218, Time: 16164.59 |
|Train : Update 291000. Negative ELBO : 1632.297, BCE: 1391.537, KLD_latent: 16.926, KLD_decoder_params_norm: 223.834, Time: 16220.33 |
|Train : Update 292000. Negative ELBO : 1634.484, BCE: 1393.273, KLD_latent: 17.739, KLD_decoder_params_norm: 223.472, Time: 16276.07 |
|Train : Update 293000. Negative ELBO : 1623.263, BCE: 1382.299, KLD_latent: 17.854, KLD_decoder_params_norm: 223.109, Time: 16331.82 |
|Train : Update 294000. Negative ELBO : 1639.788, BCE: 1399.474, KLD_latent: 17.577, KLD_decoder_params_norm: 222.737, Time: 16387.62 |
|Train : Update 295000. Negative ELBO : 1620.147, BCE: 1379.194, KLD_latent: 18.599, KLD_decoder_params_norm: 222.354, Time: 16443.37 |
|Train : Update 296000. Negative ELBO : 1625.596, BCE: 1385.224, KLD_latent: 18.379, KLD_decoder_params_norm: 221.994, Time: 16499.10 |
|Train : Update 297000. Negative ELBO : 1600.851, BCE: 1361.701, KLD_latent: 17.534, KLD_decoder_params_norm: 221.616, Time: 16554.84 |
|Train : Update 298000. Negative ELBO : 1607.485, BCE: 1367.376, KLD_latent: 18.876, KLD_decoder_params_norm: 221.233, Time: 16610.56 |
|Train : Update 299000. Negative ELBO : 1620.293, BCE: 1382.239, KLD_latent: 17.161, KLD_decoder_params_norm: 220.893, Time: 16666.28 |
|Train : Update 300000. Negative ELBO : 1622.985, BCE: 1384.138, KLD_latent: 18.238, KLD_decoder_params_norm: 220.609, Time: 16722.01 |
|Train : Update 301000. Negative ELBO : 1605.344, BCE: 1367.033, KLD_latent: 18.044, KLD_decoder_params_norm: 220.267, Time: 16777.73 |
|Train : Update 302000. Negative ELBO : 1623.521, BCE: 1385.475, KLD_latent: 18.133, KLD_decoder_params_norm: 219.913, Time: 16833.43 |
|Train : Update 303000. Negative ELBO : 1619.764, BCE: 1382.448, KLD_latent: 17.714, KLD_decoder_params_norm: 219.602, Time: 16889.11 |
|Train : Update 304000. Negative ELBO : 1619.895, BCE: 1382.900, KLD_latent: 17.740, KLD_decoder_params_norm: 219.254, Time: 16944.86 |
|Train : Update 305000. Negative ELBO : 1597.299, BCE: 1360.368, KLD_latent: 17.994, KLD_decoder_params_norm: 218.936, Time: 17000.57 |
|Train : Update 306000. Negative ELBO : 1615.892, BCE: 1378.115, KLD_latent: 19.156, KLD_decoder_params_norm: 218.620, Time: 17056.27 |
|Train : Update 307000. Negative ELBO : 1604.932, BCE: 1368.344, KLD_latent: 18.241, KLD_decoder_params_norm: 218.347, Time: 17112.04 |
|Train : Update 308000. Negative ELBO : 1617.873, BCE: 1381.610, KLD_latent: 18.212, KLD_decoder_params_norm: 218.051, Time: 17167.76 |
|Train : Update 309000. Negative ELBO : 1611.119, BCE: 1375.508, KLD_latent: 17.879, KLD_decoder_params_norm: 217.732, Time: 17223.48 |
|Train : Update 310000. Negative ELBO : 1597.258, BCE: 1360.872, KLD_latent: 18.985, KLD_decoder_params_norm: 217.402, Time: 17279.22 |
|Train : Update 311000. Negative ELBO : 1599.577, BCE: 1364.249, KLD_latent: 18.190, KLD_decoder_params_norm: 217.139, Time: 17334.97 |
|Train : Update 312000. Negative ELBO : 1589.356, BCE: 1354.009, KLD_latent: 18.476, KLD_decoder_params_norm: 216.871, Time: 17390.69 |
|Train : Update 313000. Negative ELBO : 1620.441, BCE: 1385.984, KLD_latent: 17.860, KLD_decoder_params_norm: 216.596, Time: 17446.46 |
|Train : Update 314000. Negative ELBO : 1594.628, BCE: 1359.083, KLD_latent: 19.184, KLD_decoder_params_norm: 216.361, Time: 17502.16 |
|Train : Update 315000. Negative ELBO : 1599.945, BCE: 1366.118, KLD_latent: 17.729, KLD_decoder_params_norm: 216.098, Time: 17557.88 |
|Train : Update 316000. Negative ELBO : 1600.056, BCE: 1366.412, KLD_latent: 17.780, KLD_decoder_params_norm: 215.863, Time: 17613.61 |
|Train : Update 317000. Negative ELBO : 1596.072, BCE: 1361.582, KLD_latent: 18.864, KLD_decoder_params_norm: 215.625, Time: 17669.33 |
|Train : Update 318000. Negative ELBO : 1594.030, BCE: 1360.646, KLD_latent: 17.969, KLD_decoder_params_norm: 215.415, Time: 17725.09 |
|Train : Update 319000. Negative ELBO : 1594.096, BCE: 1360.498, KLD_latent: 18.396, KLD_decoder_params_norm: 215.202, Time: 17780.83 |
|Train : Update 320000. Negative ELBO : 1607.388, BCE: 1373.924, KLD_latent: 18.503, KLD_decoder_params_norm: 214.961, Time: 17836.54 |
|Train : Update 321000. Negative ELBO : 1593.216, BCE: 1360.109, KLD_latent: 18.315, KLD_decoder_params_norm: 214.792, Time: 17892.25 |
|Train : Update 322000. Negative ELBO : 1605.735, BCE: 1373.520, KLD_latent: 17.654, KLD_decoder_params_norm: 214.561, Time: 17947.95 |
|Train : Update 323000. Negative ELBO : 1587.658, BCE: 1354.654, KLD_latent: 18.629, KLD_decoder_params_norm: 214.375, Time: 18003.70 |
|Train : Update 324000. Negative ELBO : 1580.361, BCE: 1348.132, KLD_latent: 18.069, KLD_decoder_params_norm: 214.160, Time: 18059.45 |
|Train : Update 325000. Negative ELBO : 1577.223, BCE: 1345.341, KLD_latent: 17.926, KLD_decoder_params_norm: 213.956, Time: 18115.19 |
|Train : Update 326000. Negative ELBO : 1592.562, BCE: 1360.571, KLD_latent: 18.266, KLD_decoder_params_norm: 213.726, Time: 18170.90 |
|Train : Update 327000. Negative ELBO : 1573.218, BCE: 1341.274, KLD_latent: 18.394, KLD_decoder_params_norm: 213.550, Time: 18226.64 |
|Train : Update 328000. Negative ELBO : 1611.406, BCE: 1379.559, KLD_latent: 18.473, KLD_decoder_params_norm: 213.374, Time: 18282.39 |
|Train : Update 329000. Negative ELBO : 1587.189, BCE: 1355.345, KLD_latent: 18.590, KLD_decoder_params_norm: 213.254, Time: 18338.15 |
|Train : Update 330000. Negative ELBO : 1575.268, BCE: 1343.150, KLD_latent: 19.027, KLD_decoder_params_norm: 213.091, Time: 18393.86 |
|Train : Update 331000. Negative ELBO : 1606.146, BCE: 1374.530, KLD_latent: 18.630, KLD_decoder_params_norm: 212.986, Time: 18449.55 |
|Train : Update 332000. Negative ELBO : 1591.415, BCE: 1360.279, KLD_latent: 18.278, KLD_decoder_params_norm: 212.858, Time: 18505.29 |
|Train : Update 333000. Negative ELBO : 1605.449, BCE: 1374.775, KLD_latent: 17.956, KLD_decoder_params_norm: 212.718, Time: 18560.98 |
|Train : Update 334000. Negative ELBO : 1588.748, BCE: 1357.593, KLD_latent: 18.553, KLD_decoder_params_norm: 212.602, Time: 18616.73 |
|Train : Update 335000. Negative ELBO : 1603.795, BCE: 1373.105, KLD_latent: 18.204, KLD_decoder_params_norm: 212.486, Time: 18672.48 |
|Train : Update 336000. Negative ELBO : 1587.825, BCE: 1357.099, KLD_latent: 18.341, KLD_decoder_params_norm: 212.385, Time: 18728.21 |
|Train : Update 337000. Negative ELBO : 1564.328, BCE: 1333.089, KLD_latent: 18.994, KLD_decoder_params_norm: 212.245, Time: 18783.93 |
|Train : Update 338000. Negative ELBO : 1587.485, BCE: 1356.553, KLD_latent: 18.815, KLD_decoder_params_norm: 212.117, Time: 18839.76 |
|Train : Update 339000. Negative ELBO : 1579.370, BCE: 1348.380, KLD_latent: 18.996, KLD_decoder_params_norm: 211.994, Time: 18895.48 |
|Train : Update 340000. Negative ELBO : 1597.904, BCE: 1367.483, KLD_latent: 18.531, KLD_decoder_params_norm: 211.889, Time: 18951.20 |
|Train : Update 341000. Negative ELBO : 1600.688, BCE: 1370.333, KLD_latent: 18.596, KLD_decoder_params_norm: 211.759, Time: 19006.93 |
|Train : Update 342000. Negative ELBO : 1581.626, BCE: 1350.535, KLD_latent: 19.434, KLD_decoder_params_norm: 211.658, Time: 19062.64 |
|Train : Update 343000. Negative ELBO : 1564.480, BCE: 1334.291, KLD_latent: 18.678, KLD_decoder_params_norm: 211.511, Time: 19118.35 |
|Train : Update 344000. Negative ELBO : 1575.991, BCE: 1345.666, KLD_latent: 18.929, KLD_decoder_params_norm: 211.395, Time: 19174.08 |
|Train : Update 345000. Negative ELBO : 1598.014, BCE: 1368.536, KLD_latent: 18.196, KLD_decoder_params_norm: 211.282, Time: 19229.82 |
|Train : Update 346000. Negative ELBO : 1580.913, BCE: 1351.090, KLD_latent: 18.643, KLD_decoder_params_norm: 211.180, Time: 19285.57 |
|Train : Update 347000. Negative ELBO : 1574.087, BCE: 1345.140, KLD_latent: 17.896, KLD_decoder_params_norm: 211.050, Time: 19341.28 |
|Train : Update 348000. Negative ELBO : 1591.240, BCE: 1361.136, KLD_latent: 19.179, KLD_decoder_params_norm: 210.925, Time: 19397.00 |
|Train : Update 349000. Negative ELBO : 1579.530, BCE: 1348.682, KLD_latent: 20.041, KLD_decoder_params_norm: 210.807, Time: 19452.76 |
|Train : Update 350000. Negative ELBO : 1595.144, BCE: 1365.525, KLD_latent: 18.922, KLD_decoder_params_norm: 210.698, Time: 19508.48 |
|Train : Update 351000. Negative ELBO : 1583.092, BCE: 1353.742, KLD_latent: 18.762, KLD_decoder_params_norm: 210.589, Time: 19564.17 |
|Train : Update 352000. Negative ELBO : 1566.841, BCE: 1337.118, KLD_latent: 19.275, KLD_decoder_params_norm: 210.447, Time: 19619.91 |
|Train : Update 353000. Negative ELBO : 1604.930, BCE: 1375.940, KLD_latent: 18.681, KLD_decoder_params_norm: 210.309, Time: 19675.63 |
|Train : Update 354000. Negative ELBO : 1555.282, BCE: 1326.426, KLD_latent: 18.633, KLD_decoder_params_norm: 210.222, Time: 19731.32 |
|Train : Update 355000. Negative ELBO : 1570.218, BCE: 1341.649, KLD_latent: 18.489, KLD_decoder_params_norm: 210.080, Time: 19787.05 |
|Train : Update 356000. Negative ELBO : 1583.551, BCE: 1354.236, KLD_latent: 19.371, KLD_decoder_params_norm: 209.944, Time: 19842.79 |
|Train : Update 357000. Negative ELBO : 1590.981, BCE: 1362.004, KLD_latent: 19.152, KLD_decoder_params_norm: 209.826, Time: 19898.51 |
|Train : Update 358000. Negative ELBO : 1584.065, BCE: 1355.089, KLD_latent: 19.265, KLD_decoder_params_norm: 209.711, Time: 19954.31 |
|Train : Update 359000. Negative ELBO : 1590.884, BCE: 1362.303, KLD_latent: 19.021, KLD_decoder_params_norm: 209.560, Time: 20010.01 |
|Train : Update 360000. Negative ELBO : 1583.231, BCE: 1354.872, KLD_latent: 18.947, KLD_decoder_params_norm: 209.412, Time: 20065.73 |
|Train : Update 361000. Negative ELBO : 1590.483, BCE: 1362.235, KLD_latent: 18.922, KLD_decoder_params_norm: 209.326, Time: 20121.46 |
|Train : Update 362000. Negative ELBO : 1582.756, BCE: 1354.879, KLD_latent: 18.688, KLD_decoder_params_norm: 209.188, Time: 20177.21 |
|Train : Update 363000. Negative ELBO : 1583.307, BCE: 1354.705, KLD_latent: 19.555, KLD_decoder_params_norm: 209.047, Time: 20232.96 |
|Train : Update 364000. Negative ELBO : 1558.517, BCE: 1331.074, KLD_latent: 18.513, KLD_decoder_params_norm: 208.929, Time: 20288.68 |
|Train : Update 365000. Negative ELBO : 1566.269, BCE: 1338.060, KLD_latent: 19.419, KLD_decoder_params_norm: 208.790, Time: 20344.43 |
|Train : Update 366000. Negative ELBO : 1566.588, BCE: 1338.915, KLD_latent: 19.010, KLD_decoder_params_norm: 208.664, Time: 20400.13 |
|Train : Update 367000. Negative ELBO : 1582.833, BCE: 1355.459, KLD_latent: 18.823, KLD_decoder_params_norm: 208.551, Time: 20455.88 |
|Train : Update 368000. Negative ELBO : 1585.700, BCE: 1358.615, KLD_latent: 18.657, KLD_decoder_params_norm: 208.428, Time: 20511.63 |
|Train : Update 369000. Negative ELBO : 1559.677, BCE: 1332.149, KLD_latent: 19.234, KLD_decoder_params_norm: 208.293, Time: 20567.37 |
|Train : Update 370000. Negative ELBO : 1582.148, BCE: 1354.856, KLD_latent: 19.130, KLD_decoder_params_norm: 208.162, Time: 20623.09 |
|Train : Update 371000. Negative ELBO : 1583.231, BCE: 1356.554, KLD_latent: 18.679, KLD_decoder_params_norm: 207.998, Time: 20678.81 |
|Train : Update 372000. Negative ELBO : 1569.865, BCE: 1343.277, KLD_latent: 18.721, KLD_decoder_params_norm: 207.867, Time: 20734.53 |
|Train : Update 373000. Negative ELBO : 1571.682, BCE: 1344.500, KLD_latent: 19.396, KLD_decoder_params_norm: 207.786, Time: 20790.29 |
|Train : Update 374000. Negative ELBO : 1576.935, BCE: 1349.910, KLD_latent: 19.348, KLD_decoder_params_norm: 207.677, Time: 20845.97 |
|Train : Update 375000. Negative ELBO : 1591.063, BCE: 1364.557, KLD_latent: 18.937, KLD_decoder_params_norm: 207.570, Time: 20901.69 |
|Train : Update 376000. Negative ELBO : 1579.927, BCE: 1353.625, KLD_latent: 18.867, KLD_decoder_params_norm: 207.435, Time: 20957.44 |
|Train : Update 377000. Negative ELBO : 1572.193, BCE: 1345.405, KLD_latent: 19.457, KLD_decoder_params_norm: 207.331, Time: 21013.14 |
|Train : Update 378000. Negative ELBO : 1576.596, BCE: 1350.088, KLD_latent: 19.309, KLD_decoder_params_norm: 207.199, Time: 21068.84 |
|Train : Update 379000. Negative ELBO : 1572.775, BCE: 1345.823, KLD_latent: 19.861, KLD_decoder_params_norm: 207.091, Time: 21124.56 |
|Train : Update 380000. Negative ELBO : 1555.655, BCE: 1328.679, KLD_latent: 20.017, KLD_decoder_params_norm: 206.958, Time: 21180.27 |
|Train : Update 381000. Negative ELBO : 1565.774, BCE: 1339.585, KLD_latent: 19.336, KLD_decoder_params_norm: 206.853, Time: 21235.97 |
|Train : Update 382000. Negative ELBO : 1582.468, BCE: 1356.407, KLD_latent: 19.323, KLD_decoder_params_norm: 206.739, Time: 21291.71 |
|Train : Update 383000. Negative ELBO : 1575.917, BCE: 1350.865, KLD_latent: 18.436, KLD_decoder_params_norm: 206.617, Time: 21347.42 |
|Train : Update 384000. Negative ELBO : 1572.679, BCE: 1346.558, KLD_latent: 19.625, KLD_decoder_params_norm: 206.495, Time: 21403.16 |
|Train : Update 385000. Negative ELBO : 1576.453, BCE: 1350.475, KLD_latent: 19.567, KLD_decoder_params_norm: 206.411, Time: 21458.90 |
|Train : Update 386000. Negative ELBO : 1570.972, BCE: 1345.254, KLD_latent: 19.374, KLD_decoder_params_norm: 206.345, Time: 21514.69 |
|Train : Update 387000. Negative ELBO : 1573.253, BCE: 1347.813, KLD_latent: 19.186, KLD_decoder_params_norm: 206.253, Time: 21570.41 |
|Train : Update 388000. Negative ELBO : 1584.710, BCE: 1359.557, KLD_latent: 19.000, KLD_decoder_params_norm: 206.153, Time: 21626.13 |
|Train : Update 389000. Negative ELBO : 1586.780, BCE: 1360.767, KLD_latent: 19.956, KLD_decoder_params_norm: 206.057, Time: 21681.86 |
|Train : Update 390000. Negative ELBO : 1592.441, BCE: 1366.871, KLD_latent: 19.573, KLD_decoder_params_norm: 205.997, Time: 21737.60 |
|Train : Update 391000. Negative ELBO : 1574.066, BCE: 1349.580, KLD_latent: 18.561, KLD_decoder_params_norm: 205.926, Time: 21793.32 |
|Train : Update 392000. Negative ELBO : 1569.874, BCE: 1344.943, KLD_latent: 19.086, KLD_decoder_params_norm: 205.845, Time: 21849.03 |
|Train : Update 393000. Negative ELBO : 1554.221, BCE: 1329.384, KLD_latent: 19.056, KLD_decoder_params_norm: 205.781, Time: 21904.73 |
|Train : Update 394000. Negative ELBO : 1592.605, BCE: 1368.253, KLD_latent: 18.667, KLD_decoder_params_norm: 205.685, Time: 21960.46 |
|Train : Update 395000. Negative ELBO : 1588.039, BCE: 1362.894, KLD_latent: 19.512, KLD_decoder_params_norm: 205.633, Time: 22016.16 |
|Train : Update 396000. Negative ELBO : 1569.812, BCE: 1343.973, KLD_latent: 20.290, KLD_decoder_params_norm: 205.549, Time: 22071.86 |
|Train : Update 397000. Negative ELBO : 1562.887, BCE: 1338.777, KLD_latent: 18.621, KLD_decoder_params_norm: 205.489, Time: 22127.59 |
|Train : Update 398000. Negative ELBO : 1555.123, BCE: 1330.070, KLD_latent: 19.618, KLD_decoder_params_norm: 205.435, Time: 22183.32 |
|Train : Update 399000. Negative ELBO : 1600.767, BCE: 1376.884, KLD_latent: 18.528, KLD_decoder_params_norm: 205.355, Time: 22239.04 |
