Number of sequences in alignment file:	21988
Neff:	10968.11114690509
Alignment sequence length:	136
|Train : Update 0. Negative ELBO : 6006.062, BCE: 364.033, KLD_latent: 225.369, KLD_decoder_params_norm: 5416.660, Time: 1.19 |
|Train : Update 1000. Negative ELBO : 5595.808, BCE: 233.218, KLD_latent: 4.195, KLD_decoder_params_norm: 5358.394, Time: 22.17 |
|Train : Update 2000. Negative ELBO : 5533.094, BCE: 227.855, KLD_latent: 5.645, KLD_decoder_params_norm: 5299.594, Time: 41.40 |
|Train : Update 3000. Negative ELBO : 5473.938, BCE: 226.845, KLD_latent: 6.451, KLD_decoder_params_norm: 5240.642, Time: 60.66 |
|Train : Update 4000. Negative ELBO : 5403.106, BCE: 214.380, KLD_latent: 7.031, KLD_decoder_params_norm: 5181.695, Time: 79.96 |
|Train : Update 5000. Negative ELBO : 5343.648, BCE: 213.054, KLD_latent: 7.763, KLD_decoder_params_norm: 5122.832, Time: 99.24 |
|Train : Update 6000. Negative ELBO : 5285.899, BCE: 213.172, KLD_latent: 8.613, KLD_decoder_params_norm: 5064.115, Time: 118.49 |
|Train : Update 7000. Negative ELBO : 5223.482, BCE: 208.951, KLD_latent: 8.938, KLD_decoder_params_norm: 5005.593, Time: 137.76 |
|Train : Update 8000. Negative ELBO : 5162.807, BCE: 205.834, KLD_latent: 9.677, KLD_decoder_params_norm: 4947.295, Time: 157.11 |
|Train : Update 9000. Negative ELBO : 5100.584, BCE: 201.947, KLD_latent: 9.398, KLD_decoder_params_norm: 4889.239, Time: 176.40 |
|Train : Update 10000. Negative ELBO : 5043.305, BCE: 201.184, KLD_latent: 10.698, KLD_decoder_params_norm: 4831.423, Time: 195.75 |
|Train : Update 11000. Negative ELBO : 4984.820, BCE: 199.909, KLD_latent: 11.060, KLD_decoder_params_norm: 4773.852, Time: 214.97 |
|Train : Update 12000. Negative ELBO : 4924.247, BCE: 196.630, KLD_latent: 11.089, KLD_decoder_params_norm: 4716.528, Time: 234.26 |
|Train : Update 13000. Negative ELBO : 4865.317, BCE: 194.630, KLD_latent: 11.234, KLD_decoder_params_norm: 4659.453, Time: 253.32 |
|Train : Update 14000. Negative ELBO : 4809.749, BCE: 195.904, KLD_latent: 11.216, KLD_decoder_params_norm: 4602.628, Time: 272.45 |
|Train : Update 15000. Negative ELBO : 4747.622, BCE: 190.174, KLD_latent: 11.393, KLD_decoder_params_norm: 4546.055, Time: 291.56 |
|Train : Update 16000. Negative ELBO : 4697.979, BCE: 196.170, KLD_latent: 12.062, KLD_decoder_params_norm: 4489.746, Time: 310.67 |
|Train : Update 17000. Negative ELBO : 4636.465, BCE: 190.220, KLD_latent: 12.543, KLD_decoder_params_norm: 4433.702, Time: 329.81 |
|Train : Update 18000. Negative ELBO : 4583.769, BCE: 193.780, KLD_latent: 12.062, KLD_decoder_params_norm: 4377.927, Time: 348.93 |
|Train : Update 19000. Negative ELBO : 4525.533, BCE: 190.630, KLD_latent: 12.486, KLD_decoder_params_norm: 4322.417, Time: 368.11 |
|Train : Update 20000. Negative ELBO : 4469.424, BCE: 189.604, KLD_latent: 12.626, KLD_decoder_params_norm: 4267.195, Time: 387.36 |
|Train : Update 21000. Negative ELBO : 4415.979, BCE: 190.657, KLD_latent: 13.062, KLD_decoder_params_norm: 4212.260, Time: 406.53 |
|Train : Update 22000. Negative ELBO : 4356.369, BCE: 185.746, KLD_latent: 13.027, KLD_decoder_params_norm: 4157.596, Time: 425.66 |
|Train : Update 23000. Negative ELBO : 4302.629, BCE: 186.359, KLD_latent: 13.065, KLD_decoder_params_norm: 4103.205, Time: 444.91 |
|Train : Update 24000. Negative ELBO : 4252.441, BCE: 189.443, KLD_latent: 13.908, KLD_decoder_params_norm: 4049.090, Time: 464.15 |
|Train : Update 25000. Negative ELBO : 4194.622, BCE: 186.583, KLD_latent: 12.794, KLD_decoder_params_norm: 3995.245, Time: 484.76 |
|Train : Update 26000. Negative ELBO : 4140.802, BCE: 184.847, KLD_latent: 14.295, KLD_decoder_params_norm: 3941.660, Time: 506.64 |
|Train : Update 27000. Negative ELBO : 4088.414, BCE: 185.857, KLD_latent: 14.212, KLD_decoder_params_norm: 3888.345, Time: 528.74 |
|Train : Update 28000. Negative ELBO : 4031.890, BCE: 182.395, KLD_latent: 14.209, KLD_decoder_params_norm: 3835.286, Time: 550.83 |
|Train : Update 29000. Negative ELBO : 3980.498, BCE: 184.302, KLD_latent: 13.711, KLD_decoder_params_norm: 3782.484, Time: 572.65 |
|Train : Update 30000. Negative ELBO : 3925.805, BCE: 181.572, KLD_latent: 14.292, KLD_decoder_params_norm: 3729.941, Time: 594.70 |
|Train : Update 31000. Negative ELBO : 3874.051, BCE: 182.165, KLD_latent: 14.240, KLD_decoder_params_norm: 3677.646, Time: 616.76 |
|Train : Update 32000. Negative ELBO : 3818.724, BCE: 178.742, KLD_latent: 14.400, KLD_decoder_params_norm: 3625.582, Time: 638.62 |
|Train : Update 33000. Negative ELBO : 3767.763, BCE: 179.114, KLD_latent: 14.885, KLD_decoder_params_norm: 3573.764, Time: 660.43 |
|Train : Update 34000. Negative ELBO : 3716.519, BCE: 179.492, KLD_latent: 14.847, KLD_decoder_params_norm: 3522.180, Time: 682.27 |
|Train : Update 35000. Negative ELBO : 3666.117, BCE: 180.277, KLD_latent: 15.013, KLD_decoder_params_norm: 3470.826, Time: 704.25 |
|Train : Update 36000. Negative ELBO : 3613.712, BCE: 179.336, KLD_latent: 14.676, KLD_decoder_params_norm: 3419.700, Time: 726.06 |
|Train : Update 37000. Negative ELBO : 3563.278, BCE: 179.156, KLD_latent: 15.333, KLD_decoder_params_norm: 3368.789, Time: 747.97 |
|Train : Update 38000. Negative ELBO : 3512.919, BCE: 179.682, KLD_latent: 15.155, KLD_decoder_params_norm: 3318.082, Time: 769.75 |
|Train : Update 39000. Negative ELBO : 3456.833, BCE: 174.251, KLD_latent: 14.999, KLD_decoder_params_norm: 3267.583, Time: 791.57 |
|Train : Update 40000. Negative ELBO : 3408.667, BCE: 176.136, KLD_latent: 15.228, KLD_decoder_params_norm: 3217.302, Time: 813.41 |
|Train : Update 41000. Negative ELBO : 3357.325, BCE: 175.404, KLD_latent: 14.700, KLD_decoder_params_norm: 3167.221, Time: 835.41 |
|Train : Update 42000. Negative ELBO : 3309.185, BCE: 176.487, KLD_latent: 15.351, KLD_decoder_params_norm: 3117.347, Time: 857.42 |
|Train : Update 43000. Negative ELBO : 3260.222, BCE: 177.073, KLD_latent: 15.468, KLD_decoder_params_norm: 3067.681, Time: 879.20 |
|Train : Update 44000. Negative ELBO : 3210.582, BCE: 176.872, KLD_latent: 15.488, KLD_decoder_params_norm: 3018.222, Time: 900.91 |
|Train : Update 45000. Negative ELBO : 3162.734, BCE: 178.642, KLD_latent: 15.118, KLD_decoder_params_norm: 2968.973, Time: 922.89 |
|Train : Update 46000. Negative ELBO : 3114.173, BCE: 178.721, KLD_latent: 15.522, KLD_decoder_params_norm: 2919.931, Time: 944.83 |
|Train : Update 47000. Negative ELBO : 3065.725, BCE: 179.144, KLD_latent: 15.494, KLD_decoder_params_norm: 2871.088, Time: 966.61 |
|Train : Update 48000. Negative ELBO : 3011.804, BCE: 174.109, KLD_latent: 15.255, KLD_decoder_params_norm: 2822.440, Time: 988.49 |
|Train : Update 49000. Negative ELBO : 2962.840, BCE: 173.526, KLD_latent: 15.318, KLD_decoder_params_norm: 2773.996, Time: 1010.29 |
|Train : Update 50000. Negative ELBO : 2917.442, BCE: 175.612, KLD_latent: 16.060, KLD_decoder_params_norm: 2725.769, Time: 1032.29 |
|Train : Update 51000. Negative ELBO : 2866.214, BCE: 172.603, KLD_latent: 15.861, KLD_decoder_params_norm: 2677.750, Time: 1054.13 |
|Train : Update 52000. Negative ELBO : 2820.607, BCE: 175.322, KLD_latent: 15.343, KLD_decoder_params_norm: 2629.942, Time: 1075.87 |
|Train : Update 53000. Negative ELBO : 2775.673, BCE: 178.102, KLD_latent: 15.204, KLD_decoder_params_norm: 2582.366, Time: 1097.75 |
|Train : Update 54000. Negative ELBO : 2722.885, BCE: 172.032, KLD_latent: 15.844, KLD_decoder_params_norm: 2535.009, Time: 1119.68 |
|Train : Update 55000. Negative ELBO : 2677.405, BCE: 173.619, KLD_latent: 15.928, KLD_decoder_params_norm: 2487.858, Time: 1141.39 |
|Train : Update 56000. Negative ELBO : 2631.291, BCE: 174.536, KLD_latent: 15.826, KLD_decoder_params_norm: 2440.929, Time: 1163.18 |
|Train : Update 57000. Negative ELBO : 2583.056, BCE: 173.129, KLD_latent: 15.710, KLD_decoder_params_norm: 2394.217, Time: 1185.07 |
|Train : Update 58000. Negative ELBO : 2538.281, BCE: 174.565, KLD_latent: 15.991, KLD_decoder_params_norm: 2347.725, Time: 1206.99 |
|Train : Update 59000. Negative ELBO : 2491.635, BCE: 174.411, KLD_latent: 15.760, KLD_decoder_params_norm: 2301.464, Time: 1228.72 |
|Train : Update 60000. Negative ELBO : 2444.699, BCE: 173.463, KLD_latent: 15.803, KLD_decoder_params_norm: 2255.433, Time: 1250.63 |
|Train : Update 61000. Negative ELBO : 2396.962, BCE: 171.211, KLD_latent: 16.129, KLD_decoder_params_norm: 2209.622, Time: 1272.65 |
|Train : Update 62000. Negative ELBO : 2355.738, BCE: 175.385, KLD_latent: 16.283, KLD_decoder_params_norm: 2164.070, Time: 1294.50 |
|Train : Update 63000. Negative ELBO : 2310.788, BCE: 175.723, KLD_latent: 16.287, KLD_decoder_params_norm: 2118.778, Time: 1316.28 |
|Train : Update 64000. Negative ELBO : 2264.563, BCE: 174.829, KLD_latent: 15.977, KLD_decoder_params_norm: 2073.757, Time: 1338.19 |
|Train : Update 65000. Negative ELBO : 2219.643, BCE: 174.803, KLD_latent: 15.832, KLD_decoder_params_norm: 2029.008, Time: 1360.12 |
|Train : Update 66000. Negative ELBO : 2174.957, BCE: 174.824, KLD_latent: 15.598, KLD_decoder_params_norm: 1984.535, Time: 1381.90 |
|Train : Update 67000. Negative ELBO : 2128.672, BCE: 172.377, KLD_latent: 15.950, KLD_decoder_params_norm: 1940.344, Time: 1403.68 |
|Train : Update 68000. Negative ELBO : 2085.991, BCE: 174.389, KLD_latent: 15.160, KLD_decoder_params_norm: 1896.442, Time: 1425.47 |
|Train : Update 69000. Negative ELBO : 2043.058, BCE: 174.868, KLD_latent: 15.339, KLD_decoder_params_norm: 1852.851, Time: 1447.46 |
|Train : Update 70000. Negative ELBO : 2000.942, BCE: 175.968, KLD_latent: 15.378, KLD_decoder_params_norm: 1809.596, Time: 1469.27 |
|Train : Update 71000. Negative ELBO : 1959.045, BCE: 176.586, KLD_latent: 15.771, KLD_decoder_params_norm: 1766.688, Time: 1491.12 |
|Train : Update 72000. Negative ELBO : 1914.648, BCE: 174.764, KLD_latent: 15.754, KLD_decoder_params_norm: 1724.129, Time: 1512.92 |
|Train : Update 73000. Negative ELBO : 1872.125, BCE: 174.055, KLD_latent: 16.148, KLD_decoder_params_norm: 1681.923, Time: 1534.90 |
|Train : Update 74000. Negative ELBO : 1828.894, BCE: 173.618, KLD_latent: 15.190, KLD_decoder_params_norm: 1640.086, Time: 1556.69 |
|Train : Update 75000. Negative ELBO : 1793.821, BCE: 178.887, KLD_latent: 16.271, KLD_decoder_params_norm: 1598.662, Time: 1578.52 |
|Train : Update 76000. Negative ELBO : 1749.734, BCE: 175.897, KLD_latent: 16.194, KLD_decoder_params_norm: 1557.643, Time: 1600.35 |
|Train : Update 77000. Negative ELBO : 1708.951, BCE: 175.987, KLD_latent: 15.913, KLD_decoder_params_norm: 1517.051, Time: 1622.23 |
|Train : Update 78000. Negative ELBO : 1668.761, BCE: 175.680, KLD_latent: 16.170, KLD_decoder_params_norm: 1476.911, Time: 1644.00 |
|Train : Update 79000. Negative ELBO : 1628.413, BCE: 175.324, KLD_latent: 15.842, KLD_decoder_params_norm: 1437.247, Time: 1665.89 |
|Train : Update 80000. Negative ELBO : 1597.031, BCE: 182.665, KLD_latent: 16.273, KLD_decoder_params_norm: 1398.093, Time: 1687.87 |
|Train : Update 81000. Negative ELBO : 1551.650, BCE: 176.388, KLD_latent: 15.787, KLD_decoder_params_norm: 1359.474, Time: 1709.68 |
|Train : Update 82000. Negative ELBO : 1517.984, BCE: 180.909, KLD_latent: 15.671, KLD_decoder_params_norm: 1321.404, Time: 1731.44 |
|Train : Update 83000. Negative ELBO : 1477.581, BCE: 178.555, KLD_latent: 15.134, KLD_decoder_params_norm: 1283.893, Time: 1753.32 |
|Train : Update 84000. Negative ELBO : 1441.995, BCE: 179.320, KLD_latent: 15.695, KLD_decoder_params_norm: 1246.980, Time: 1775.26 |
|Train : Update 85000. Negative ELBO : 1405.941, BCE: 179.284, KLD_latent: 15.946, KLD_decoder_params_norm: 1210.710, Time: 1797.14 |
|Train : Update 86000. Negative ELBO : 1371.207, BCE: 179.977, KLD_latent: 16.105, KLD_decoder_params_norm: 1175.125, Time: 1818.90 |
|Train : Update 87000. Negative ELBO : 1338.549, BCE: 182.536, KLD_latent: 15.765, KLD_decoder_params_norm: 1140.248, Time: 1840.99 |
|Train : Update 88000. Negative ELBO : 1300.038, BCE: 178.063, KLD_latent: 15.831, KLD_decoder_params_norm: 1106.145, Time: 1863.13 |
|Train : Update 89000. Negative ELBO : 1269.704, BCE: 181.099, KLD_latent: 15.788, KLD_decoder_params_norm: 1072.816, Time: 1885.00 |
|Train : Update 90000. Negative ELBO : 1233.100, BCE: 177.203, KLD_latent: 15.574, KLD_decoder_params_norm: 1040.323, Time: 1907.09 |
|Train : Update 91000. Negative ELBO : 1204.105, BCE: 179.816, KLD_latent: 15.576, KLD_decoder_params_norm: 1008.713, Time: 1929.26 |
|Train : Update 92000. Negative ELBO : 1170.374, BCE: 177.345, KLD_latent: 15.022, KLD_decoder_params_norm: 978.007, Time: 1951.15 |
|Train : Update 93000. Negative ELBO : 1143.873, BCE: 180.309, KLD_latent: 15.314, KLD_decoder_params_norm: 948.250, Time: 1973.13 |
|Train : Update 94000. Negative ELBO : 1115.035, BCE: 180.427, KLD_latent: 15.120, KLD_decoder_params_norm: 919.488, Time: 1995.12 |
|Train : Update 95000. Negative ELBO : 1084.911, BCE: 177.600, KLD_latent: 15.551, KLD_decoder_params_norm: 891.759, Time: 2016.95 |
|Train : Update 96000. Negative ELBO : 1058.368, BCE: 177.668, KLD_latent: 15.595, KLD_decoder_params_norm: 865.104, Time: 2038.96 |
|Train : Update 97000. Negative ELBO : 1037.775, BCE: 182.794, KLD_latent: 15.440, KLD_decoder_params_norm: 839.541, Time: 2060.89 |
|Train : Update 98000. Negative ELBO : 1015.197, BCE: 184.928, KLD_latent: 15.195, KLD_decoder_params_norm: 815.074, Time: 2082.79 |
|Train : Update 99000. Negative ELBO : 989.800, BCE: 182.887, KLD_latent: 15.203, KLD_decoder_params_norm: 791.711, Time: 2104.79 |
|Train : Update 100000. Negative ELBO : 965.773, BCE: 181.148, KLD_latent: 15.196, KLD_decoder_params_norm: 769.429, Time: 2126.81 |
|Train : Update 101000. Negative ELBO : 947.116, BCE: 183.776, KLD_latent: 15.191, KLD_decoder_params_norm: 748.148, Time: 2148.58 |
|Train : Update 102000. Negative ELBO : 925.569, BCE: 182.567, KLD_latent: 15.193, KLD_decoder_params_norm: 727.808, Time: 2170.32 |
|Train : Update 103000. Negative ELBO : 905.857, BCE: 182.472, KLD_latent: 15.096, KLD_decoder_params_norm: 708.289, Time: 2192.25 |
|Train : Update 104000. Negative ELBO : 888.447, BCE: 184.118, KLD_latent: 14.864, KLD_decoder_params_norm: 689.466, Time: 2214.29 |
|Train : Update 105000. Negative ELBO : 867.881, BCE: 181.560, KLD_latent: 15.047, KLD_decoder_params_norm: 671.274, Time: 2236.07 |
|Train : Update 106000. Negative ELBO : 852.374, BCE: 184.022, KLD_latent: 14.712, KLD_decoder_params_norm: 653.640, Time: 2257.90 |
|Train : Update 107000. Negative ELBO : 835.686, BCE: 184.355, KLD_latent: 14.784, KLD_decoder_params_norm: 636.546, Time: 2279.80 |
|Train : Update 108000. Negative ELBO : 817.704, BCE: 183.590, KLD_latent: 14.148, KLD_decoder_params_norm: 619.965, Time: 2301.76 |
|Train : Update 109000. Negative ELBO : 801.241, BCE: 182.896, KLD_latent: 14.475, KLD_decoder_params_norm: 603.869, Time: 2323.59 |
|Train : Update 110000. Negative ELBO : 788.292, BCE: 185.206, KLD_latent: 14.847, KLD_decoder_params_norm: 588.239, Time: 2345.39 |
|Train : Update 111000. Negative ELBO : 769.501, BCE: 182.547, KLD_latent: 13.911, KLD_decoder_params_norm: 573.044, Time: 2367.30 |
|Train : Update 112000. Negative ELBO : 758.511, BCE: 184.991, KLD_latent: 15.259, KLD_decoder_params_norm: 558.260, Time: 2389.24 |
|Train : Update 113000. Negative ELBO : 744.370, BCE: 186.149, KLD_latent: 14.322, KLD_decoder_params_norm: 543.899, Time: 2411.07 |
|Train : Update 114000. Negative ELBO : 730.250, BCE: 185.720, KLD_latent: 14.583, KLD_decoder_params_norm: 529.947, Time: 2432.88 |
|Train : Update 115000. Negative ELBO : 716.659, BCE: 186.043, KLD_latent: 14.230, KLD_decoder_params_norm: 516.386, Time: 2454.68 |
|Train : Update 116000. Negative ELBO : 703.682, BCE: 186.079, KLD_latent: 14.390, KLD_decoder_params_norm: 503.212, Time: 2476.67 |
|Train : Update 117000. Negative ELBO : 691.248, BCE: 186.419, KLD_latent: 14.424, KLD_decoder_params_norm: 490.406, Time: 2498.41 |
|Train : Update 118000. Negative ELBO : 682.136, BCE: 189.754, KLD_latent: 14.419, KLD_decoder_params_norm: 477.964, Time: 2520.22 |
|Train : Update 119000. Negative ELBO : 666.843, BCE: 187.007, KLD_latent: 13.971, KLD_decoder_params_norm: 465.865, Time: 2542.12 |
|Train : Update 120000. Negative ELBO : 657.272, BCE: 188.583, KLD_latent: 14.578, KLD_decoder_params_norm: 454.111, Time: 2563.98 |
|Train : Update 121000. Negative ELBO : 646.013, BCE: 188.847, KLD_latent: 14.482, KLD_decoder_params_norm: 442.684, Time: 2585.87 |
|Train : Update 122000. Negative ELBO : 633.719, BCE: 188.088, KLD_latent: 14.046, KLD_decoder_params_norm: 431.586, Time: 2607.77 |
|Train : Update 123000. Negative ELBO : 627.751, BCE: 192.515, KLD_latent: 14.430, KLD_decoder_params_norm: 420.805, Time: 2629.94 |
|Train : Update 124000. Negative ELBO : 612.403, BCE: 188.008, KLD_latent: 14.059, KLD_decoder_params_norm: 410.336, Time: 2651.76 |
|Train : Update 125000. Negative ELBO : 607.008, BCE: 192.815, KLD_latent: 14.033, KLD_decoder_params_norm: 400.161, Time: 2673.53 |
|Train : Update 126000. Negative ELBO : 593.649, BCE: 189.598, KLD_latent: 13.761, KLD_decoder_params_norm: 390.290, Time: 2695.39 |
|Train : Update 127000. Negative ELBO : 587.835, BCE: 193.075, KLD_latent: 14.048, KLD_decoder_params_norm: 380.712, Time: 2717.31 |
|Train : Update 128000. Negative ELBO : 575.957, BCE: 191.058, KLD_latent: 13.484, KLD_decoder_params_norm: 371.415, Time: 2739.11 |
|Train : Update 129000. Negative ELBO : 571.204, BCE: 194.925, KLD_latent: 13.890, KLD_decoder_params_norm: 362.389, Time: 2761.04 |
|Train : Update 130000. Negative ELBO : 557.781, BCE: 190.388, KLD_latent: 13.757, KLD_decoder_params_norm: 353.636, Time: 2783.03 |
|Train : Update 131000. Negative ELBO : 549.415, BCE: 190.779, KLD_latent: 13.495, KLD_decoder_params_norm: 345.141, Time: 2804.85 |
|Train : Update 132000. Negative ELBO : 541.796, BCE: 191.506, KLD_latent: 13.393, KLD_decoder_params_norm: 336.897, Time: 2826.63 |
|Train : Update 133000. Negative ELBO : 530.689, BCE: 188.496, KLD_latent: 13.292, KLD_decoder_params_norm: 328.902, Time: 2848.56 |
|Train : Update 134000. Negative ELBO : 529.373, BCE: 194.558, KLD_latent: 13.660, KLD_decoder_params_norm: 321.155, Time: 2870.59 |
|Train : Update 135000. Negative ELBO : 525.026, BCE: 197.697, KLD_latent: 13.686, KLD_decoder_params_norm: 313.643, Time: 2892.39 |
|Train : Update 136000. Negative ELBO : 514.021, BCE: 194.232, KLD_latent: 13.431, KLD_decoder_params_norm: 306.358, Time: 2914.28 |
|Train : Update 137000. Negative ELBO : 506.903, BCE: 194.269, KLD_latent: 13.337, KLD_decoder_params_norm: 299.298, Time: 2936.31 |
|Train : Update 138000. Negative ELBO : 500.518, BCE: 194.580, KLD_latent: 13.488, KLD_decoder_params_norm: 292.449, Time: 2958.12 |
|Train : Update 139000. Negative ELBO : 497.016, BCE: 197.720, KLD_latent: 13.493, KLD_decoder_params_norm: 285.804, Time: 2979.92 |
|Train : Update 140000. Negative ELBO : 485.442, BCE: 193.139, KLD_latent: 12.936, KLD_decoder_params_norm: 279.367, Time: 3001.80 |
|Train : Update 141000. Negative ELBO : 476.586, BCE: 190.420, KLD_latent: 13.038, KLD_decoder_params_norm: 273.127, Time: 3023.73 |
|Train : Update 142000. Negative ELBO : 473.960, BCE: 193.890, KLD_latent: 12.991, KLD_decoder_params_norm: 267.079, Time: 3045.63 |
|Train : Update 143000. Negative ELBO : 469.878, BCE: 195.528, KLD_latent: 13.134, KLD_decoder_params_norm: 261.216, Time: 3067.44 |
|Train : Update 144000. Negative ELBO : 469.238, BCE: 200.489, KLD_latent: 13.210, KLD_decoder_params_norm: 255.539, Time: 3089.27 |
|Train : Update 145000. Negative ELBO : 457.343, BCE: 194.557, KLD_latent: 12.755, KLD_decoder_params_norm: 250.030, Time: 3111.20 |
|Train : Update 146000. Negative ELBO : 454.409, BCE: 196.745, KLD_latent: 12.974, KLD_decoder_params_norm: 244.690, Time: 3132.93 |
|Train : Update 147000. Negative ELBO : 445.788, BCE: 193.618, KLD_latent: 12.661, KLD_decoder_params_norm: 239.510, Time: 3154.79 |
|Train : Update 148000. Negative ELBO : 445.479, BCE: 198.103, KLD_latent: 12.887, KLD_decoder_params_norm: 234.489, Time: 3176.68 |
|Train : Update 149000. Negative ELBO : 437.812, BCE: 195.454, KLD_latent: 12.738, KLD_decoder_params_norm: 229.619, Time: 3198.54 |
|Train : Update 150000. Negative ELBO : 432.872, BCE: 195.295, KLD_latent: 12.679, KLD_decoder_params_norm: 224.898, Time: 3220.25 |
|Train : Update 151000. Negative ELBO : 431.596, BCE: 198.347, KLD_latent: 12.929, KLD_decoder_params_norm: 220.319, Time: 3242.09 |
|Train : Update 152000. Negative ELBO : 432.458, BCE: 203.551, KLD_latent: 13.028, KLD_decoder_params_norm: 215.879, Time: 3264.21 |
|Train : Update 153000. Negative ELBO : 424.874, BCE: 201.028, KLD_latent: 12.284, KLD_decoder_params_norm: 211.562, Time: 3286.04 |
|Train : Update 154000. Negative ELBO : 421.162, BCE: 201.358, KLD_latent: 12.436, KLD_decoder_params_norm: 207.368, Time: 3307.84 |
|Train : Update 155000. Negative ELBO : 413.290, BCE: 197.226, KLD_latent: 12.760, KLD_decoder_params_norm: 203.304, Time: 3329.73 |
|Train : Update 156000. Negative ELBO : 412.674, BCE: 201.060, KLD_latent: 12.250, KLD_decoder_params_norm: 199.364, Time: 3351.65 |
|Train : Update 157000. Negative ELBO : 409.792, BCE: 201.639, KLD_latent: 12.615, KLD_decoder_params_norm: 195.538, Time: 3373.48 |
|Train : Update 158000. Negative ELBO : 401.848, BCE: 198.007, KLD_latent: 12.026, KLD_decoder_params_norm: 191.815, Time: 3395.15 |
|Train : Update 159000. Negative ELBO : 399.544, BCE: 198.930, KLD_latent: 12.413, KLD_decoder_params_norm: 188.201, Time: 3416.93 |
|Train : Update 160000. Negative ELBO : 397.760, BCE: 200.443, KLD_latent: 12.633, KLD_decoder_params_norm: 184.684, Time: 3438.77 |
|Train : Update 161000. Negative ELBO : 395.669, BCE: 201.960, KLD_latent: 12.441, KLD_decoder_params_norm: 181.268, Time: 3460.82 |
|Train : Update 162000. Negative ELBO : 388.758, BCE: 198.984, KLD_latent: 11.827, KLD_decoder_params_norm: 177.947, Time: 3482.63 |
|Train : Update 163000. Negative ELBO : 389.728, BCE: 202.536, KLD_latent: 12.478, KLD_decoder_params_norm: 174.713, Time: 3504.51 |
|Train : Update 164000. Negative ELBO : 384.601, BCE: 200.969, KLD_latent: 12.073, KLD_decoder_params_norm: 171.559, Time: 3526.46 |
|Train : Update 165000. Negative ELBO : 377.019, BCE: 196.599, KLD_latent: 11.926, KLD_decoder_params_norm: 168.493, Time: 3548.25 |
|Train : Update 166000. Negative ELBO : 374.334, BCE: 196.758, KLD_latent: 12.067, KLD_decoder_params_norm: 165.509, Time: 3570.04 |
|Train : Update 167000. Negative ELBO : 379.982, BCE: 205.238, KLD_latent: 12.132, KLD_decoder_params_norm: 162.612, Time: 3591.91 |
|Train : Update 168000. Negative ELBO : 373.608, BCE: 202.111, KLD_latent: 11.714, KLD_decoder_params_norm: 159.783, Time: 3613.57 |
|Train : Update 169000. Negative ELBO : 369.356, BCE: 200.404, KLD_latent: 11.921, KLD_decoder_params_norm: 157.031, Time: 3635.51 |
|Train : Update 170000. Negative ELBO : 365.661, BCE: 199.080, KLD_latent: 12.235, KLD_decoder_params_norm: 154.346, Time: 3657.18 |
|Train : Update 171000. Negative ELBO : 362.636, BCE: 199.182, KLD_latent: 11.722, KLD_decoder_params_norm: 151.733, Time: 3678.92 |
|Train : Update 172000. Negative ELBO : 360.684, BCE: 199.754, KLD_latent: 11.748, KLD_decoder_params_norm: 149.182, Time: 3700.70 |
|Train : Update 173000. Negative ELBO : 359.908, BCE: 201.451, KLD_latent: 11.765, KLD_decoder_params_norm: 146.693, Time: 3722.69 |
|Train : Update 174000. Negative ELBO : 358.598, BCE: 202.914, KLD_latent: 11.419, KLD_decoder_params_norm: 144.265, Time: 3744.39 |
|Train : Update 175000. Negative ELBO : 349.201, BCE: 195.607, KLD_latent: 11.700, KLD_decoder_params_norm: 141.894, Time: 3766.22 |
|Train : Update 176000. Negative ELBO : 354.443, BCE: 202.940, KLD_latent: 11.928, KLD_decoder_params_norm: 139.575, Time: 3787.98 |
|Train : Update 177000. Negative ELBO : 351.645, BCE: 202.370, KLD_latent: 11.959, KLD_decoder_params_norm: 137.316, Time: 3809.87 |
|Train : Update 178000. Negative ELBO : 351.272, BCE: 204.251, KLD_latent: 11.909, KLD_decoder_params_norm: 135.112, Time: 3831.64 |
|Train : Update 179000. Negative ELBO : 346.416, BCE: 201.963, KLD_latent: 11.501, KLD_decoder_params_norm: 132.952, Time: 3853.38 |
|Train : Update 180000. Negative ELBO : 346.855, BCE: 204.394, KLD_latent: 11.620, KLD_decoder_params_norm: 130.841, Time: 3875.30 |
|Train : Update 181000. Negative ELBO : 339.009, BCE: 199.017, KLD_latent: 11.210, KLD_decoder_params_norm: 128.782, Time: 3897.11 |
|Train : Update 182000. Negative ELBO : 345.882, BCE: 207.316, KLD_latent: 11.798, KLD_decoder_params_norm: 126.769, Time: 3918.95 |
|Train : Update 183000. Negative ELBO : 336.626, BCE: 200.331, KLD_latent: 11.486, KLD_decoder_params_norm: 124.810, Time: 3940.69 |
|Train : Update 184000. Negative ELBO : 332.911, BCE: 198.318, KLD_latent: 11.696, KLD_decoder_params_norm: 122.897, Time: 3962.68 |
|Train : Update 185000. Negative ELBO : 334.971, BCE: 202.366, KLD_latent: 11.575, KLD_decoder_params_norm: 121.031, Time: 3985.39 |
|Train : Update 186000. Negative ELBO : 338.241, BCE: 207.267, KLD_latent: 11.776, KLD_decoder_params_norm: 119.197, Time: 4007.28 |
|Train : Update 187000. Negative ELBO : 333.039, BCE: 204.254, KLD_latent: 11.372, KLD_decoder_params_norm: 117.414, Time: 4029.16 |
|Train : Update 188000. Negative ELBO : 331.149, BCE: 204.179, KLD_latent: 11.301, KLD_decoder_params_norm: 115.668, Time: 4051.10 |
|Train : Update 189000. Negative ELBO : 326.236, BCE: 201.083, KLD_latent: 11.187, KLD_decoder_params_norm: 113.966, Time: 4072.84 |
|Train : Update 190000. Negative ELBO : 326.079, BCE: 201.912, KLD_latent: 11.863, KLD_decoder_params_norm: 112.304, Time: 4094.57 |
|Train : Update 191000. Negative ELBO : 325.538, BCE: 203.706, KLD_latent: 11.153, KLD_decoder_params_norm: 110.679, Time: 4116.33 |
|Train : Update 192000. Negative ELBO : 323.934, BCE: 203.595, KLD_latent: 11.251, KLD_decoder_params_norm: 109.088, Time: 4138.23 |
|Train : Update 193000. Negative ELBO : 323.433, BCE: 204.813, KLD_latent: 11.087, KLD_decoder_params_norm: 107.533, Time: 4160.04 |
|Train : Update 194000. Negative ELBO : 319.882, BCE: 202.439, KLD_latent: 11.432, KLD_decoder_params_norm: 106.011, Time: 4181.75 |
|Train : Update 195000. Negative ELBO : 318.469, BCE: 202.535, KLD_latent: 11.419, KLD_decoder_params_norm: 104.516, Time: 4203.62 |
|Train : Update 196000. Negative ELBO : 319.102, BCE: 205.037, KLD_latent: 11.002, KLD_decoder_params_norm: 103.062, Time: 4225.46 |
|Train : Update 197000. Negative ELBO : 319.635, BCE: 206.483, KLD_latent: 11.512, KLD_decoder_params_norm: 101.640, Time: 4247.40 |
|Train : Update 198000. Negative ELBO : 312.417, BCE: 200.876, KLD_latent: 11.297, KLD_decoder_params_norm: 100.243, Time: 4269.04 |
|Train : Update 199000. Negative ELBO : 315.060, BCE: 204.515, KLD_latent: 11.666, KLD_decoder_params_norm: 98.879, Time: 4290.85 |
|Train : Update 200000. Negative ELBO : 313.025, BCE: 203.998, KLD_latent: 11.477, KLD_decoder_params_norm: 97.550, Time: 4312.64 |
|Train : Update 201000. Negative ELBO : 308.913, BCE: 201.428, KLD_latent: 11.237, KLD_decoder_params_norm: 96.247, Time: 4334.59 |
|Train : Update 202000. Negative ELBO : 307.941, BCE: 201.359, KLD_latent: 11.611, KLD_decoder_params_norm: 94.971, Time: 4356.43 |
|Train : Update 203000. Negative ELBO : 309.164, BCE: 204.229, KLD_latent: 11.211, KLD_decoder_params_norm: 93.723, Time: 4378.09 |
|Train : Update 204000. Negative ELBO : 304.852, BCE: 200.774, KLD_latent: 11.576, KLD_decoder_params_norm: 92.502, Time: 4399.89 |
|Train : Update 205000. Negative ELBO : 302.147, BCE: 199.706, KLD_latent: 11.135, KLD_decoder_params_norm: 91.306, Time: 4421.74 |
|Train : Update 206000. Negative ELBO : 303.076, BCE: 201.875, KLD_latent: 11.065, KLD_decoder_params_norm: 90.136, Time: 4443.60 |
|Train : Update 207000. Negative ELBO : 307.093, BCE: 206.708, KLD_latent: 11.399, KLD_decoder_params_norm: 88.986, Time: 4465.28 |
|Train : Update 208000. Negative ELBO : 305.088, BCE: 206.214, KLD_latent: 11.014, KLD_decoder_params_norm: 87.860, Time: 4487.06 |
|Train : Update 209000. Negative ELBO : 304.124, BCE: 206.323, KLD_latent: 11.044, KLD_decoder_params_norm: 86.757, Time: 4508.89 |
|Train : Update 210000. Negative ELBO : 301.538, BCE: 204.668, KLD_latent: 11.191, KLD_decoder_params_norm: 85.679, Time: 4530.82 |
|Train : Update 211000. Negative ELBO : 303.465, BCE: 207.695, KLD_latent: 11.151, KLD_decoder_params_norm: 84.619, Time: 4552.53 |
|Train : Update 212000. Negative ELBO : 298.057, BCE: 203.400, KLD_latent: 11.075, KLD_decoder_params_norm: 83.582, Time: 4574.19 |
|Train : Update 213000. Negative ELBO : 295.391, BCE: 201.923, KLD_latent: 10.900, KLD_decoder_params_norm: 82.568, Time: 4595.96 |
|Train : Update 214000. Negative ELBO : 295.684, BCE: 202.905, KLD_latent: 11.206, KLD_decoder_params_norm: 81.574, Time: 4617.86 |
|Train : Update 215000. Negative ELBO : 295.334, BCE: 204.306, KLD_latent: 10.429, KLD_decoder_params_norm: 80.599, Time: 4639.63 |
|Train : Update 216000. Negative ELBO : 297.353, BCE: 206.458, KLD_latent: 11.249, KLD_decoder_params_norm: 79.646, Time: 4661.09 |
|Train : Update 217000. Negative ELBO : 293.085, BCE: 203.609, KLD_latent: 10.767, KLD_decoder_params_norm: 78.708, Time: 4682.93 |
|Train : Update 218000. Negative ELBO : 291.086, BCE: 202.070, KLD_latent: 11.225, KLD_decoder_params_norm: 77.791, Time: 4704.63 |
|Train : Update 219000. Negative ELBO : 293.781, BCE: 206.151, KLD_latent: 10.743, KLD_decoder_params_norm: 76.887, Time: 4726.35 |
|Train : Update 220000. Negative ELBO : 290.747, BCE: 203.807, KLD_latent: 10.939, KLD_decoder_params_norm: 76.001, Time: 4748.15 |
|Train : Update 221000. Negative ELBO : 287.620, BCE: 201.633, KLD_latent: 10.856, KLD_decoder_params_norm: 75.132, Time: 4769.90 |
|Train : Update 222000. Negative ELBO : 286.700, BCE: 201.634, KLD_latent: 10.787, KLD_decoder_params_norm: 74.279, Time: 4791.76 |
|Train : Update 223000. Negative ELBO : 292.957, BCE: 208.584, KLD_latent: 10.926, KLD_decoder_params_norm: 73.447, Time: 4813.45 |
|Train : Update 224000. Negative ELBO : 287.266, BCE: 203.822, KLD_latent: 10.818, KLD_decoder_params_norm: 72.626, Time: 4835.16 |
|Train : Update 225000. Negative ELBO : 283.952, BCE: 201.486, KLD_latent: 10.647, KLD_decoder_params_norm: 71.819, Time: 4857.01 |
|Train : Update 226000. Negative ELBO : 287.686, BCE: 205.904, KLD_latent: 10.756, KLD_decoder_params_norm: 71.026, Time: 4878.99 |
|Train : Update 227000. Negative ELBO : 286.555, BCE: 205.247, KLD_latent: 11.055, KLD_decoder_params_norm: 70.253, Time: 4900.79 |
|Train : Update 228000. Negative ELBO : 284.452, BCE: 204.210, KLD_latent: 10.751, KLD_decoder_params_norm: 69.492, Time: 4922.39 |
|Train : Update 229000. Negative ELBO : 285.151, BCE: 205.634, KLD_latent: 10.771, KLD_decoder_params_norm: 68.746, Time: 4944.23 |
|Train : Update 230000. Negative ELBO : 283.762, BCE: 204.867, KLD_latent: 10.882, KLD_decoder_params_norm: 68.013, Time: 4966.01 |
|Train : Update 231000. Negative ELBO : 283.056, BCE: 205.016, KLD_latent: 10.747, KLD_decoder_params_norm: 67.293, Time: 4987.85 |
|Train : Update 232000. Negative ELBO : 281.170, BCE: 203.791, KLD_latent: 10.794, KLD_decoder_params_norm: 66.585, Time: 5009.49 |
|Train : Update 233000. Negative ELBO : 283.651, BCE: 206.769, KLD_latent: 10.988, KLD_decoder_params_norm: 65.893, Time: 5031.22 |
|Train : Update 234000. Negative ELBO : 281.303, BCE: 205.230, KLD_latent: 10.866, KLD_decoder_params_norm: 65.207, Time: 5052.99 |
|Train : Update 235000. Negative ELBO : 274.928, BCE: 199.790, KLD_latent: 10.602, KLD_decoder_params_norm: 64.536, Time: 5074.89 |
|Train : Update 236000. Negative ELBO : 279.915, BCE: 205.060, KLD_latent: 10.979, KLD_decoder_params_norm: 63.876, Time: 5096.71 |
|Train : Update 237000. Negative ELBO : 282.902, BCE: 208.356, KLD_latent: 11.323, KLD_decoder_params_norm: 63.223, Time: 5118.38 |
|Train : Update 238000. Negative ELBO : 280.867, BCE: 207.324, KLD_latent: 10.957, KLD_decoder_params_norm: 62.586, Time: 5140.31 |
|Train : Update 239000. Negative ELBO : 276.300, BCE: 203.697, KLD_latent: 10.642, KLD_decoder_params_norm: 61.961, Time: 5162.08 |
|Train : Update 240000. Negative ELBO : 277.289, BCE: 205.118, KLD_latent: 10.823, KLD_decoder_params_norm: 61.348, Time: 5183.87 |
|Train : Update 241000. Negative ELBO : 274.051, BCE: 202.738, KLD_latent: 10.566, KLD_decoder_params_norm: 60.747, Time: 5205.63 |
|Train : Update 242000. Negative ELBO : 277.404, BCE: 206.375, KLD_latent: 10.876, KLD_decoder_params_norm: 60.153, Time: 5227.35 |
|Train : Update 243000. Negative ELBO : 274.739, BCE: 204.426, KLD_latent: 10.745, KLD_decoder_params_norm: 59.568, Time: 5249.27 |
|Train : Update 244000. Negative ELBO : 274.790, BCE: 204.904, KLD_latent: 10.889, KLD_decoder_params_norm: 58.998, Time: 5271.21 |
|Train : Update 245000. Negative ELBO : 273.302, BCE: 204.056, KLD_latent: 10.811, KLD_decoder_params_norm: 58.435, Time: 5292.95 |
|Train : Update 246000. Negative ELBO : 270.630, BCE: 201.938, KLD_latent: 10.809, KLD_decoder_params_norm: 57.882, Time: 5314.62 |
|Train : Update 247000. Negative ELBO : 266.928, BCE: 199.240, KLD_latent: 10.349, KLD_decoder_params_norm: 57.339, Time: 5336.50 |
|Train : Update 248000. Negative ELBO : 266.950, BCE: 199.768, KLD_latent: 10.380, KLD_decoder_params_norm: 56.802, Time: 5358.41 |
|Train : Update 249000. Negative ELBO : 271.927, BCE: 205.301, KLD_latent: 10.348, KLD_decoder_params_norm: 56.278, Time: 5380.18 |
|Train : Update 250000. Negative ELBO : 271.416, BCE: 205.107, KLD_latent: 10.547, KLD_decoder_params_norm: 55.762, Time: 5401.92 |
|Train : Update 251000. Negative ELBO : 268.646, BCE: 202.722, KLD_latent: 10.666, KLD_decoder_params_norm: 55.257, Time: 5423.67 |
|Train : Update 252000. Negative ELBO : 268.322, BCE: 202.934, KLD_latent: 10.628, KLD_decoder_params_norm: 54.759, Time: 5445.41 |
|Train : Update 253000. Negative ELBO : 268.723, BCE: 204.043, KLD_latent: 10.409, KLD_decoder_params_norm: 54.271, Time: 5467.25 |
|Train : Update 254000. Negative ELBO : 270.769, BCE: 206.502, KLD_latent: 10.478, KLD_decoder_params_norm: 53.789, Time: 5489.02 |
|Train : Update 255000. Negative ELBO : 268.450, BCE: 204.065, KLD_latent: 11.071, KLD_decoder_params_norm: 53.314, Time: 5510.94 |
|Train : Update 256000. Negative ELBO : 265.461, BCE: 202.028, KLD_latent: 10.587, KLD_decoder_params_norm: 52.846, Time: 5532.89 |
|Train : Update 257000. Negative ELBO : 268.654, BCE: 205.926, KLD_latent: 10.337, KLD_decoder_params_norm: 52.391, Time: 5554.86 |
|Train : Update 258000. Negative ELBO : 270.224, BCE: 207.494, KLD_latent: 10.787, KLD_decoder_params_norm: 51.943, Time: 5576.66 |
|Train : Update 259000. Negative ELBO : 269.635, BCE: 207.750, KLD_latent: 10.386, KLD_decoder_params_norm: 51.500, Time: 5598.57 |
|Train : Update 260000. Negative ELBO : 268.272, BCE: 206.658, KLD_latent: 10.549, KLD_decoder_params_norm: 51.065, Time: 5620.62 |
|Train : Update 261000. Negative ELBO : 266.017, BCE: 204.967, KLD_latent: 10.416, KLD_decoder_params_norm: 50.634, Time: 5642.49 |
|Train : Update 262000. Negative ELBO : 264.902, BCE: 204.283, KLD_latent: 10.408, KLD_decoder_params_norm: 50.211, Time: 5664.32 |
|Train : Update 263000. Negative ELBO : 262.458, BCE: 201.674, KLD_latent: 10.985, KLD_decoder_params_norm: 49.799, Time: 5686.30 |
|Train : Update 264000. Negative ELBO : 265.422, BCE: 205.463, KLD_latent: 10.566, KLD_decoder_params_norm: 49.393, Time: 5708.21 |
|Train : Update 265000. Negative ELBO : 262.733, BCE: 203.318, KLD_latent: 10.417, KLD_decoder_params_norm: 48.998, Time: 5730.05 |
|Train : Update 266000. Negative ELBO : 267.744, BCE: 208.315, KLD_latent: 10.823, KLD_decoder_params_norm: 48.606, Time: 5752.00 |
|Train : Update 267000. Negative ELBO : 263.882, BCE: 204.959, KLD_latent: 10.699, KLD_decoder_params_norm: 48.223, Time: 5774.01 |
|Train : Update 268000. Negative ELBO : 263.931, BCE: 205.348, KLD_latent: 10.736, KLD_decoder_params_norm: 47.846, Time: 5795.78 |
|Train : Update 269000. Negative ELBO : 258.909, BCE: 201.112, KLD_latent: 10.323, KLD_decoder_params_norm: 47.474, Time: 5817.57 |
|Train : Update 270000. Negative ELBO : 264.926, BCE: 207.395, KLD_latent: 10.428, KLD_decoder_params_norm: 47.103, Time: 5839.37 |
|Train : Update 271000. Negative ELBO : 257.593, BCE: 200.411, KLD_latent: 10.440, KLD_decoder_params_norm: 46.741, Time: 5861.26 |
|Train : Update 272000. Negative ELBO : 262.886, BCE: 205.628, KLD_latent: 10.873, KLD_decoder_params_norm: 46.385, Time: 5882.99 |
|Train : Update 273000. Negative ELBO : 258.205, BCE: 201.919, KLD_latent: 10.253, KLD_decoder_params_norm: 46.033, Time: 5904.71 |
|Train : Update 274000. Negative ELBO : 261.476, BCE: 205.336, KLD_latent: 10.450, KLD_decoder_params_norm: 45.690, Time: 5926.64 |
|Train : Update 275000. Negative ELBO : 263.825, BCE: 207.628, KLD_latent: 10.846, KLD_decoder_params_norm: 45.351, Time: 5948.56 |
|Train : Update 276000. Negative ELBO : 259.194, BCE: 203.581, KLD_latent: 10.599, KLD_decoder_params_norm: 45.014, Time: 5970.34 |
|Train : Update 277000. Negative ELBO : 259.332, BCE: 204.021, KLD_latent: 10.627, KLD_decoder_params_norm: 44.684, Time: 5992.03 |
|Train : Update 278000. Negative ELBO : 255.824, BCE: 201.339, KLD_latent: 10.124, KLD_decoder_params_norm: 44.361, Time: 6013.85 |
|Train : Update 279000. Negative ELBO : 254.188, BCE: 199.717, KLD_latent: 10.430, KLD_decoder_params_norm: 44.040, Time: 6035.62 |
|Train : Update 280000. Negative ELBO : 255.757, BCE: 201.447, KLD_latent: 10.585, KLD_decoder_params_norm: 43.725, Time: 6057.63 |
|Train : Update 281000. Negative ELBO : 259.023, BCE: 204.953, KLD_latent: 10.653, KLD_decoder_params_norm: 43.418, Time: 6079.30 |
|Train : Update 282000. Negative ELBO : 256.274, BCE: 202.734, KLD_latent: 10.426, KLD_decoder_params_norm: 43.114, Time: 6101.08 |
|Train : Update 283000. Negative ELBO : 259.054, BCE: 205.931, KLD_latent: 10.309, KLD_decoder_params_norm: 42.814, Time: 6122.88 |
|Train : Update 284000. Negative ELBO : 256.346, BCE: 203.346, KLD_latent: 10.478, KLD_decoder_params_norm: 42.523, Time: 6144.86 |
|Train : Update 285000. Negative ELBO : 257.246, BCE: 204.881, KLD_latent: 10.132, KLD_decoder_params_norm: 42.232, Time: 6166.66 |
|Train : Update 286000. Negative ELBO : 259.331, BCE: 206.917, KLD_latent: 10.468, KLD_decoder_params_norm: 41.946, Time: 6188.36 |
|Train : Update 287000. Negative ELBO : 259.493, BCE: 207.441, KLD_latent: 10.385, KLD_decoder_params_norm: 41.668, Time: 6210.19 |
|Train : Update 288000. Negative ELBO : 258.855, BCE: 206.932, KLD_latent: 10.532, KLD_decoder_params_norm: 41.390, Time: 6232.24 |
|Train : Update 289000. Negative ELBO : 255.601, BCE: 204.008, KLD_latent: 10.478, KLD_decoder_params_norm: 41.115, Time: 6254.02 |
|Train : Update 290000. Negative ELBO : 255.727, BCE: 204.804, KLD_latent: 10.076, KLD_decoder_params_norm: 40.848, Time: 6275.76 |
|Train : Update 291000. Negative ELBO : 256.171, BCE: 204.856, KLD_latent: 10.733, KLD_decoder_params_norm: 40.582, Time: 6297.62 |
|Train : Update 292000. Negative ELBO : 257.678, BCE: 207.122, KLD_latent: 10.235, KLD_decoder_params_norm: 40.321, Time: 6319.49 |
|Train : Update 293000. Negative ELBO : 258.017, BCE: 207.277, KLD_latent: 10.673, KLD_decoder_params_norm: 40.067, Time: 6341.33 |
|Train : Update 294000. Negative ELBO : 257.100, BCE: 206.684, KLD_latent: 10.602, KLD_decoder_params_norm: 39.813, Time: 6363.10 |
|Train : Update 295000. Negative ELBO : 250.096, BCE: 200.364, KLD_latent: 10.165, KLD_decoder_params_norm: 39.567, Time: 6384.84 |
|Train : Update 296000. Negative ELBO : 255.327, BCE: 205.335, KLD_latent: 10.671, KLD_decoder_params_norm: 39.320, Time: 6406.89 |
|Train : Update 297000. Negative ELBO : 255.848, BCE: 205.972, KLD_latent: 10.796, KLD_decoder_params_norm: 39.080, Time: 6428.60 |
|Train : Update 298000. Negative ELBO : 252.368, BCE: 203.048, KLD_latent: 10.477, KLD_decoder_params_norm: 38.843, Time: 6450.38 |
|Train : Update 299000. Negative ELBO : 253.670, BCE: 204.609, KLD_latent: 10.454, KLD_decoder_params_norm: 38.606, Time: 6472.29 |
|Train : Update 300000. Negative ELBO : 255.468, BCE: 206.623, KLD_latent: 10.469, KLD_decoder_params_norm: 38.376, Time: 6494.26 |
|Train : Update 301000. Negative ELBO : 254.128, BCE: 205.774, KLD_latent: 10.207, KLD_decoder_params_norm: 38.147, Time: 6516.09 |
|Train : Update 302000. Negative ELBO : 254.671, BCE: 206.422, KLD_latent: 10.327, KLD_decoder_params_norm: 37.921, Time: 6537.83 |
|Train : Update 303000. Negative ELBO : 246.026, BCE: 198.024, KLD_latent: 10.301, KLD_decoder_params_norm: 37.701, Time: 6559.67 |
|Train : Update 304000. Negative ELBO : 255.639, BCE: 207.722, KLD_latent: 10.433, KLD_decoder_params_norm: 37.484, Time: 6581.51 |
|Train : Update 305000. Negative ELBO : 247.975, BCE: 200.338, KLD_latent: 10.367, KLD_decoder_params_norm: 37.270, Time: 6603.24 |
|Train : Update 306000. Negative ELBO : 255.494, BCE: 208.099, KLD_latent: 10.337, KLD_decoder_params_norm: 37.059, Time: 6624.93 |
|Train : Update 307000. Negative ELBO : 254.444, BCE: 207.242, KLD_latent: 10.354, KLD_decoder_params_norm: 36.848, Time: 6646.80 |
|Train : Update 308000. Negative ELBO : 251.817, BCE: 204.862, KLD_latent: 10.312, KLD_decoder_params_norm: 36.643, Time: 6668.79 |
|Train : Update 309000. Negative ELBO : 253.516, BCE: 206.893, KLD_latent: 10.183, KLD_decoder_params_norm: 36.440, Time: 6690.56 |
|Train : Update 310000. Negative ELBO : 249.703, BCE: 202.890, KLD_latent: 10.569, KLD_decoder_params_norm: 36.244, Time: 6712.23 |
|Train : Update 311000. Negative ELBO : 254.446, BCE: 208.126, KLD_latent: 10.276, KLD_decoder_params_norm: 36.044, Time: 6733.90 |
|Train : Update 312000. Negative ELBO : 249.243, BCE: 202.830, KLD_latent: 10.563, KLD_decoder_params_norm: 35.850, Time: 6755.67 |
|Train : Update 313000. Negative ELBO : 251.419, BCE: 205.447, KLD_latent: 10.313, KLD_decoder_params_norm: 35.658, Time: 6777.68 |
|Train : Update 314000. Negative ELBO : 246.909, BCE: 200.928, KLD_latent: 10.511, KLD_decoder_params_norm: 35.470, Time: 6799.49 |
|Train : Update 315000. Negative ELBO : 250.783, BCE: 205.482, KLD_latent: 10.019, KLD_decoder_params_norm: 35.281, Time: 6821.20 |
|Train : Update 316000. Negative ELBO : 250.360, BCE: 204.907, KLD_latent: 10.355, KLD_decoder_params_norm: 35.098, Time: 6843.10 |
|Train : Update 317000. Negative ELBO : 250.780, BCE: 205.414, KLD_latent: 10.448, KLD_decoder_params_norm: 34.919, Time: 6865.02 |
|Train : Update 318000. Negative ELBO : 248.278, BCE: 203.350, KLD_latent: 10.188, KLD_decoder_params_norm: 34.740, Time: 6886.79 |
|Train : Update 319000. Negative ELBO : 253.614, BCE: 208.448, KLD_latent: 10.603, KLD_decoder_params_norm: 34.563, Time: 6908.50 |
|Train : Update 320000. Negative ELBO : 248.973, BCE: 204.051, KLD_latent: 10.534, KLD_decoder_params_norm: 34.388, Time: 6930.31 |
|Train : Update 321000. Negative ELBO : 253.999, BCE: 209.204, KLD_latent: 10.578, KLD_decoder_params_norm: 34.217, Time: 6952.26 |
|Train : Update 322000. Negative ELBO : 252.993, BCE: 208.506, KLD_latent: 10.439, KLD_decoder_params_norm: 34.048, Time: 6974.15 |
|Train : Update 323000. Negative ELBO : 250.094, BCE: 205.866, KLD_latent: 10.345, KLD_decoder_params_norm: 33.882, Time: 6995.92 |
|Train : Update 324000. Negative ELBO : 245.711, BCE: 201.275, KLD_latent: 10.720, KLD_decoder_params_norm: 33.716, Time: 7017.79 |
|Train : Update 325000. Negative ELBO : 251.301, BCE: 207.403, KLD_latent: 10.343, KLD_decoder_params_norm: 33.555, Time: 7039.74 |
|Train : Update 326000. Negative ELBO : 248.517, BCE: 204.834, KLD_latent: 10.287, KLD_decoder_params_norm: 33.397, Time: 7061.46 |
|Train : Update 327000. Negative ELBO : 247.616, BCE: 204.197, KLD_latent: 10.181, KLD_decoder_params_norm: 33.238, Time: 7083.09 |
|Train : Update 328000. Negative ELBO : 248.634, BCE: 205.212, KLD_latent: 10.341, KLD_decoder_params_norm: 33.082, Time: 7104.81 |
|Train : Update 329000. Negative ELBO : 251.036, BCE: 207.822, KLD_latent: 10.285, KLD_decoder_params_norm: 32.930, Time: 7126.56 |
|Train : Update 330000. Negative ELBO : 248.483, BCE: 205.304, KLD_latent: 10.400, KLD_decoder_params_norm: 32.779, Time: 7148.45 |
|Train : Update 331000. Negative ELBO : 250.028, BCE: 206.927, KLD_latent: 10.469, KLD_decoder_params_norm: 32.631, Time: 7170.17 |
|Train : Update 332000. Negative ELBO : 245.254, BCE: 202.578, KLD_latent: 10.193, KLD_decoder_params_norm: 32.483, Time: 7191.89 |
|Train : Update 333000. Negative ELBO : 246.465, BCE: 204.228, KLD_latent: 9.899, KLD_decoder_params_norm: 32.337, Time: 7213.69 |
|Train : Update 334000. Negative ELBO : 247.308, BCE: 204.787, KLD_latent: 10.326, KLD_decoder_params_norm: 32.196, Time: 7235.46 |
|Train : Update 335000. Negative ELBO : 248.251, BCE: 205.687, KLD_latent: 10.513, KLD_decoder_params_norm: 32.051, Time: 7257.12 |
|Train : Update 336000. Negative ELBO : 251.346, BCE: 209.296, KLD_latent: 10.135, KLD_decoder_params_norm: 31.914, Time: 7278.86 |
|Train : Update 337000. Negative ELBO : 249.326, BCE: 207.003, KLD_latent: 10.545, KLD_decoder_params_norm: 31.777, Time: 7300.71 |
|Train : Update 338000. Negative ELBO : 244.847, BCE: 202.423, KLD_latent: 10.783, KLD_decoder_params_norm: 31.641, Time: 7322.41 |
|Train : Update 339000. Negative ELBO : 247.387, BCE: 205.510, KLD_latent: 10.369, KLD_decoder_params_norm: 31.508, Time: 7344.31 |
|Train : Update 340000. Negative ELBO : 244.997, BCE: 203.398, KLD_latent: 10.224, KLD_decoder_params_norm: 31.375, Time: 7366.05 |
|Train : Update 341000. Negative ELBO : 245.704, BCE: 204.168, KLD_latent: 10.290, KLD_decoder_params_norm: 31.246, Time: 7387.82 |
|Train : Update 342000. Negative ELBO : 247.421, BCE: 206.170, KLD_latent: 10.134, KLD_decoder_params_norm: 31.117, Time: 7409.61 |
|Train : Update 343000. Negative ELBO : 250.126, BCE: 208.895, KLD_latent: 10.241, KLD_decoder_params_norm: 30.990, Time: 7431.59 |
|Train : Update 344000. Negative ELBO : 250.727, BCE: 209.603, KLD_latent: 10.262, KLD_decoder_params_norm: 30.863, Time: 7453.34 |
|Train : Update 345000. Negative ELBO : 244.897, BCE: 203.822, KLD_latent: 10.338, KLD_decoder_params_norm: 30.736, Time: 7475.11 |
|Train : Update 346000. Negative ELBO : 247.916, BCE: 206.931, KLD_latent: 10.369, KLD_decoder_params_norm: 30.616, Time: 7496.91 |
|Train : Update 347000. Negative ELBO : 248.137, BCE: 207.219, KLD_latent: 10.424, KLD_decoder_params_norm: 30.493, Time: 7518.79 |
|Train : Update 348000. Negative ELBO : 246.292, BCE: 205.731, KLD_latent: 10.185, KLD_decoder_params_norm: 30.375, Time: 7540.63 |
|Train : Update 349000. Negative ELBO : 241.600, BCE: 201.058, KLD_latent: 10.283, KLD_decoder_params_norm: 30.258, Time: 7562.33 |
|Train : Update 350000. Negative ELBO : 244.621, BCE: 203.998, KLD_latent: 10.482, KLD_decoder_params_norm: 30.141, Time: 7584.08 |
|Train : Update 351000. Negative ELBO : 242.740, BCE: 202.463, KLD_latent: 10.251, KLD_decoder_params_norm: 30.027, Time: 7605.81 |
|Train : Update 352000. Negative ELBO : 242.560, BCE: 202.202, KLD_latent: 10.442, KLD_decoder_params_norm: 29.916, Time: 7627.66 |
|Train : Update 353000. Negative ELBO : 241.317, BCE: 201.106, KLD_latent: 10.406, KLD_decoder_params_norm: 29.805, Time: 7649.54 |
|Train : Update 354000. Negative ELBO : 240.784, BCE: 201.105, KLD_latent: 9.984, KLD_decoder_params_norm: 29.696, Time: 7671.34 |
|Train : Update 355000. Negative ELBO : 246.930, BCE: 206.982, KLD_latent: 10.363, KLD_decoder_params_norm: 29.585, Time: 7693.17 |
|Train : Update 356000. Negative ELBO : 249.591, BCE: 209.679, KLD_latent: 10.434, KLD_decoder_params_norm: 29.478, Time: 7715.10 |
|Train : Update 357000. Negative ELBO : 248.052, BCE: 208.292, KLD_latent: 10.389, KLD_decoder_params_norm: 29.371, Time: 7736.85 |
|Train : Update 358000. Negative ELBO : 242.766, BCE: 203.346, KLD_latent: 10.156, KLD_decoder_params_norm: 29.265, Time: 7758.61 |
|Train : Update 359000. Negative ELBO : 244.015, BCE: 204.619, KLD_latent: 10.236, KLD_decoder_params_norm: 29.160, Time: 7780.36 |
|Train : Update 360000. Negative ELBO : 241.857, BCE: 202.534, KLD_latent: 10.266, KLD_decoder_params_norm: 29.056, Time: 7802.26 |
|Train : Update 361000. Negative ELBO : 247.007, BCE: 207.778, KLD_latent: 10.274, KLD_decoder_params_norm: 28.956, Time: 7824.23 |
|Train : Update 362000. Negative ELBO : 245.683, BCE: 206.879, KLD_latent: 9.947, KLD_decoder_params_norm: 28.857, Time: 7845.93 |
|Train : Update 363000. Negative ELBO : 244.274, BCE: 205.168, KLD_latent: 10.345, KLD_decoder_params_norm: 28.760, Time: 7867.69 |
|Train : Update 364000. Negative ELBO : 244.606, BCE: 205.610, KLD_latent: 10.334, KLD_decoder_params_norm: 28.662, Time: 7889.65 |
|Train : Update 365000. Negative ELBO : 243.563, BCE: 204.567, KLD_latent: 10.431, KLD_decoder_params_norm: 28.566, Time: 7911.38 |
|Train : Update 366000. Negative ELBO : 244.071, BCE: 205.301, KLD_latent: 10.301, KLD_decoder_params_norm: 28.470, Time: 7933.03 |
|Train : Update 367000. Negative ELBO : 238.569, BCE: 200.021, KLD_latent: 10.172, KLD_decoder_params_norm: 28.375, Time: 7954.98 |
|Train : Update 368000. Negative ELBO : 241.163, BCE: 202.777, KLD_latent: 10.102, KLD_decoder_params_norm: 28.283, Time: 7976.84 |
|Train : Update 369000. Negative ELBO : 242.982, BCE: 204.822, KLD_latent: 9.969, KLD_decoder_params_norm: 28.191, Time: 7998.68 |
|Train : Update 370000. Negative ELBO : 244.849, BCE: 206.610, KLD_latent: 10.140, KLD_decoder_params_norm: 28.099, Time: 8020.35 |
|Train : Update 371000. Negative ELBO : 246.543, BCE: 208.691, KLD_latent: 9.844, KLD_decoder_params_norm: 28.008, Time: 8042.22 |
|Train : Update 372000. Negative ELBO : 242.144, BCE: 203.604, KLD_latent: 10.621, KLD_decoder_params_norm: 27.919, Time: 8064.08 |
|Train : Update 373000. Negative ELBO : 242.954, BCE: 204.995, KLD_latent: 10.127, KLD_decoder_params_norm: 27.832, Time: 8085.87 |
|Train : Update 374000. Negative ELBO : 242.097, BCE: 204.009, KLD_latent: 10.343, KLD_decoder_params_norm: 27.744, Time: 8107.56 |
|Train : Update 375000. Negative ELBO : 244.944, BCE: 207.070, KLD_latent: 10.215, KLD_decoder_params_norm: 27.658, Time: 8129.25 |
|Train : Update 376000. Negative ELBO : 242.348, BCE: 204.639, KLD_latent: 10.135, KLD_decoder_params_norm: 27.574, Time: 8151.02 |
|Train : Update 377000. Negative ELBO : 241.859, BCE: 203.852, KLD_latent: 10.518, KLD_decoder_params_norm: 27.490, Time: 8172.88 |
|Train : Update 378000. Negative ELBO : 246.779, BCE: 208.952, KLD_latent: 10.422, KLD_decoder_params_norm: 27.405, Time: 8194.63 |
|Train : Update 379000. Negative ELBO : 243.724, BCE: 206.035, KLD_latent: 10.368, KLD_decoder_params_norm: 27.322, Time: 8216.30 |
|Train : Update 380000. Negative ELBO : 240.071, BCE: 202.490, KLD_latent: 10.342, KLD_decoder_params_norm: 27.239, Time: 8238.22 |
|Train : Update 381000. Negative ELBO : 243.395, BCE: 205.980, KLD_latent: 10.255, KLD_decoder_params_norm: 27.160, Time: 8260.19 |
|Train : Update 382000. Negative ELBO : 243.044, BCE: 205.668, KLD_latent: 10.299, KLD_decoder_params_norm: 27.077, Time: 8281.87 |
|Train : Update 383000. Negative ELBO : 238.834, BCE: 201.528, KLD_latent: 10.306, KLD_decoder_params_norm: 27.000, Time: 8303.60 |
|Train : Update 384000. Negative ELBO : 246.574, BCE: 209.158, KLD_latent: 10.495, KLD_decoder_params_norm: 26.922, Time: 8325.35 |
|Train : Update 385000. Negative ELBO : 244.004, BCE: 206.825, KLD_latent: 10.336, KLD_decoder_params_norm: 26.843, Time: 8347.20 |
|Train : Update 386000. Negative ELBO : 244.879, BCE: 207.789, KLD_latent: 10.323, KLD_decoder_params_norm: 26.767, Time: 8369.15 |
|Train : Update 387000. Negative ELBO : 244.990, BCE: 207.998, KLD_latent: 10.300, KLD_decoder_params_norm: 26.693, Time: 8390.88 |
|Train : Update 388000. Negative ELBO : 243.938, BCE: 206.827, KLD_latent: 10.495, KLD_decoder_params_norm: 26.616, Time: 8412.56 |
|Train : Update 389000. Negative ELBO : 239.015, BCE: 202.129, KLD_latent: 10.343, KLD_decoder_params_norm: 26.543, Time: 8434.39 |
|Train : Update 390000. Negative ELBO : 245.981, BCE: 209.525, KLD_latent: 9.987, KLD_decoder_params_norm: 26.469, Time: 8456.29 |
|Train : Update 391000. Negative ELBO : 239.248, BCE: 202.861, KLD_latent: 9.988, KLD_decoder_params_norm: 26.399, Time: 8478.17 |
|Train : Update 392000. Negative ELBO : 246.968, BCE: 210.310, KLD_latent: 10.331, KLD_decoder_params_norm: 26.326, Time: 8500.15 |
|Train : Update 393000. Negative ELBO : 241.405, BCE: 204.892, KLD_latent: 10.257, KLD_decoder_params_norm: 26.256, Time: 8522.06 |
|Train : Update 394000. Negative ELBO : 243.149, BCE: 206.757, KLD_latent: 10.207, KLD_decoder_params_norm: 26.185, Time: 8544.04 |
|Train : Update 395000. Negative ELBO : 243.568, BCE: 207.353, KLD_latent: 10.101, KLD_decoder_params_norm: 26.114, Time: 8565.83 |
|Train : Update 396000. Negative ELBO : 238.376, BCE: 201.952, KLD_latent: 10.379, KLD_decoder_params_norm: 26.045, Time: 8587.86 |
|Train : Update 397000. Negative ELBO : 238.252, BCE: 202.195, KLD_latent: 10.081, KLD_decoder_params_norm: 25.976, Time: 8609.92 |
|Train : Update 398000. Negative ELBO : 240.395, BCE: 204.514, KLD_latent: 9.973, KLD_decoder_params_norm: 25.908, Time: 8631.74 |
|Train : Update 399000. Negative ELBO : 243.580, BCE: 207.740, KLD_latent: 10.000, KLD_decoder_params_norm: 25.841, Time: 8653.44 |
