Number of sequences in alignment file:	13406
Neff:	1347.0137049159798
Alignment sequence length:	1273
|Train : Update 0. Negative ELBO : 352823.531, BCE: 4542.578, KLD_latent: 225.451, KLD_decoder_params_norm: 348055.531, Time: 2.17 |
|Train : Update 1000. Negative ELBO : 345364.688, BCE: 1126.521, KLD_latent: 29.635, KLD_decoder_params_norm: 344208.531, Time: 174.69 |
|Train : Update 2000. Negative ELBO : 341439.656, BCE: 1055.639, KLD_latent: 35.034, KLD_decoder_params_norm: 340349.000, Time: 346.35 |
|Train : Update 3000. Negative ELBO : 337530.281, BCE: 1008.494, KLD_latent: 35.007, KLD_decoder_params_norm: 336486.781, Time: 514.28 |
|Train : Update 4000. Negative ELBO : 333641.125, BCE: 978.402, KLD_latent: 39.202, KLD_decoder_params_norm: 332623.531, Time: 689.60 |
|Train : Update 5000. Negative ELBO : 329760.844, BCE: 964.480, KLD_latent: 36.513, KLD_decoder_params_norm: 328759.875, Time: 859.77 |
|Train : Update 6000. Negative ELBO : 325886.875, BCE: 953.798, KLD_latent: 36.821, KLD_decoder_params_norm: 324896.250, Time: 1030.42 |
|Train : Update 7000. Negative ELBO : 322017.812, BCE: 945.324, KLD_latent: 39.913, KLD_decoder_params_norm: 321032.594, Time: 1204.27 |
|Train : Update 8000. Negative ELBO : 318144.875, BCE: 942.079, KLD_latent: 33.634, KLD_decoder_params_norm: 317169.156, Time: 1369.27 |
|Train : Update 9000. Negative ELBO : 314277.438, BCE: 932.768, KLD_latent: 38.691, KLD_decoder_params_norm: 313305.969, Time: 1541.96 |
|Train : Update 10000. Negative ELBO : 310405.062, BCE: 926.245, KLD_latent: 35.734, KLD_decoder_params_norm: 309443.094, Time: 1711.49 |
|Train : Update 11000. Negative ELBO : 306546.094, BCE: 927.626, KLD_latent: 37.992, KLD_decoder_params_norm: 305580.469, Time: 1882.24 |
|Train : Update 12000. Negative ELBO : 302677.625, BCE: 922.082, KLD_latent: 37.420, KLD_decoder_params_norm: 301718.125, Time: 2055.48 |
|Train : Update 13000. Negative ELBO : 298815.188, BCE: 922.348, KLD_latent: 36.638, KLD_decoder_params_norm: 297856.219, Time: 2223.88 |
|Train : Update 14000. Negative ELBO : 294951.750, BCE: 919.310, KLD_latent: 37.750, KLD_decoder_params_norm: 293994.688, Time: 2399.65 |
|Train : Update 15000. Negative ELBO : 291090.875, BCE: 914.878, KLD_latent: 42.388, KLD_decoder_params_norm: 290133.625, Time: 2567.14 |
|Train : Update 16000. Negative ELBO : 287232.125, BCE: 917.824, KLD_latent: 41.128, KLD_decoder_params_norm: 286273.188, Time: 2736.71 |
|Train : Update 17000. Negative ELBO : 283361.906, BCE: 908.860, KLD_latent: 39.879, KLD_decoder_params_norm: 282413.156, Time: 2904.27 |
|Train : Update 18000. Negative ELBO : 279500.062, BCE: 911.403, KLD_latent: 34.991, KLD_decoder_params_norm: 278553.656, Time: 3070.02 |
|Train : Update 19000. Negative ELBO : 275640.719, BCE: 909.403, KLD_latent: 36.588, KLD_decoder_params_norm: 274694.719, Time: 3240.53 |
|Train : Update 20000. Negative ELBO : 271783.219, BCE: 909.223, KLD_latent: 37.701, KLD_decoder_params_norm: 270836.312, Time: 3404.96 |
|Train : Update 21000. Negative ELBO : 267922.188, BCE: 908.051, KLD_latent: 34.846, KLD_decoder_params_norm: 266979.281, Time: 3575.20 |
|Train : Update 22000. Negative ELBO : 264070.281, BCE: 909.398, KLD_latent: 38.070, KLD_decoder_params_norm: 263122.812, Time: 3741.64 |
|Train : Update 23000. Negative ELBO : 260208.531, BCE: 904.878, KLD_latent: 36.637, KLD_decoder_params_norm: 259267.016, Time: 3911.61 |
|Train : Update 24000. Negative ELBO : 256355.906, BCE: 905.717, KLD_latent: 38.037, KLD_decoder_params_norm: 255412.156, Time: 4080.14 |
|Train : Update 25000. Negative ELBO : 252516.000, BCE: 922.654, KLD_latent: 35.436, KLD_decoder_params_norm: 251557.906, Time: 4248.15 |
|Train : Update 26000. Negative ELBO : 248644.766, BCE: 902.989, KLD_latent: 37.267, KLD_decoder_params_norm: 247704.516, Time: 4415.51 |
|Train : Update 27000. Negative ELBO : 244794.719, BCE: 907.563, KLD_latent: 35.123, KLD_decoder_params_norm: 243852.031, Time: 4581.86 |
|Train : Update 28000. Negative ELBO : 240941.219, BCE: 906.082, KLD_latent: 34.784, KLD_decoder_params_norm: 240000.359, Time: 4754.02 |
|Train : Update 29000. Negative ELBO : 237091.500, BCE: 907.506, KLD_latent: 34.541, KLD_decoder_params_norm: 236149.453, Time: 4918.75 |
|Train : Update 30000. Negative ELBO : 233240.797, BCE: 905.610, KLD_latent: 35.743, KLD_decoder_params_norm: 232299.438, Time: 5089.12 |
|Train : Update 31000. Negative ELBO : 229393.328, BCE: 908.024, KLD_latent: 35.119, KLD_decoder_params_norm: 228450.172, Time: 5253.74 |
|Train : Update 32000. Negative ELBO : 225540.734, BCE: 904.680, KLD_latent: 34.128, KLD_decoder_params_norm: 224601.922, Time: 5421.97 |
|Train : Update 33000. Negative ELBO : 221696.438, BCE: 906.391, KLD_latent: 35.134, KLD_decoder_params_norm: 220754.906, Time: 5588.92 |
|Train : Update 34000. Negative ELBO : 217848.703, BCE: 903.685, KLD_latent: 36.000, KLD_decoder_params_norm: 216909.016, Time: 5754.46 |
|Train : Update 35000. Negative ELBO : 214003.453, BCE: 904.864, KLD_latent: 34.287, KLD_decoder_params_norm: 213064.312, Time: 5924.87 |
|Train : Update 36000. Negative ELBO : 210160.984, BCE: 903.915, KLD_latent: 36.156, KLD_decoder_params_norm: 209220.906, Time: 6089.16 |
|Train : Update 37000. Negative ELBO : 206320.438, BCE: 904.634, KLD_latent: 36.849, KLD_decoder_params_norm: 205378.953, Time: 6260.79 |
|Train : Update 38000. Negative ELBO : 202479.047, BCE: 903.296, KLD_latent: 37.453, KLD_decoder_params_norm: 201538.297, Time: 6425.20 |
|Train : Update 39000. Negative ELBO : 198638.156, BCE: 905.443, KLD_latent: 33.443, KLD_decoder_params_norm: 197699.281, Time: 6594.78 |
|Train : Update 40000. Negative ELBO : 194805.000, BCE: 905.684, KLD_latent: 37.458, KLD_decoder_params_norm: 193861.859, Time: 6760.39 |
|Train : Update 41000. Negative ELBO : 190968.266, BCE: 905.720, KLD_latent: 36.422, KLD_decoder_params_norm: 190026.125, Time: 6928.18 |
|Train : Update 42000. Negative ELBO : 187137.938, BCE: 909.237, KLD_latent: 36.397, KLD_decoder_params_norm: 186192.312, Time: 7095.70 |
|Train : Update 43000. Negative ELBO : 183304.406, BCE: 907.323, KLD_latent: 36.648, KLD_decoder_params_norm: 182360.438, Time: 7259.43 |
|Train : Update 44000. Negative ELBO : 179476.891, BCE: 912.042, KLD_latent: 34.158, KLD_decoder_params_norm: 178530.688, Time: 7429.62 |
|Train : Update 45000. Negative ELBO : 175646.547, BCE: 907.699, KLD_latent: 35.919, KLD_decoder_params_norm: 174702.922, Time: 7595.72 |
|Train : Update 46000. Negative ELBO : 171820.797, BCE: 907.775, KLD_latent: 35.373, KLD_decoder_params_norm: 170877.641, Time: 7765.33 |
|Train : Update 47000. Negative ELBO : 168001.953, BCE: 913.583, KLD_latent: 33.429, KLD_decoder_params_norm: 167054.953, Time: 7930.61 |
|Train : Update 48000. Negative ELBO : 164180.812, BCE: 907.983, KLD_latent: 37.737, KLD_decoder_params_norm: 163235.094, Time: 8097.71 |
|Train : Update 49000. Negative ELBO : 160364.781, BCE: 910.512, KLD_latent: 35.756, KLD_decoder_params_norm: 159418.516, Time: 8265.12 |
|Train : Update 50000. Negative ELBO : 156553.438, BCE: 911.987, KLD_latent: 36.152, KLD_decoder_params_norm: 155605.297, Time: 8431.35 |
|Train : Update 51000. Negative ELBO : 152745.312, BCE: 912.870, KLD_latent: 36.512, KLD_decoder_params_norm: 151795.922, Time: 8602.76 |
|Train : Update 52000. Negative ELBO : 148938.406, BCE: 911.808, KLD_latent: 35.739, KLD_decoder_params_norm: 147990.859, Time: 8765.48 |
|Train : Update 53000. Negative ELBO : 145140.062, BCE: 913.308, KLD_latent: 35.979, KLD_decoder_params_norm: 144190.766, Time: 8936.25 |
|Train : Update 54000. Negative ELBO : 141344.484, BCE: 913.269, KLD_latent: 35.051, KLD_decoder_params_norm: 140396.172, Time: 9101.24 |
|Train : Update 55000. Negative ELBO : 137556.031, BCE: 912.123, KLD_latent: 36.346, KLD_decoder_params_norm: 136607.562, Time: 9269.32 |
|Train : Update 56000. Negative ELBO : 133771.516, BCE: 910.231, KLD_latent: 35.687, KLD_decoder_params_norm: 132825.594, Time: 9436.67 |
|Train : Update 57000. Negative ELBO : 130007.281, BCE: 920.949, KLD_latent: 35.735, KLD_decoder_params_norm: 129050.594, Time: 9602.68 |
|Train : Update 58000. Negative ELBO : 126239.180, BCE: 921.889, KLD_latent: 34.410, KLD_decoder_params_norm: 125282.883, Time: 9773.10 |
|Train : Update 59000. Negative ELBO : 122484.664, BCE: 926.545, KLD_latent: 35.284, KLD_decoder_params_norm: 121522.836, Time: 9936.57 |
|Train : Update 60000. Negative ELBO : 118728.602, BCE: 922.938, KLD_latent: 34.982, KLD_decoder_params_norm: 117770.680, Time: 10107.04 |
|Train : Update 61000. Negative ELBO : 114983.531, BCE: 923.419, KLD_latent: 35.029, KLD_decoder_params_norm: 114025.078, Time: 10272.35 |
|Train : Update 62000. Negative ELBO : 111250.031, BCE: 926.214, KLD_latent: 34.535, KLD_decoder_params_norm: 110289.281, Time: 10440.53 |
|Train : Update 63000. Negative ELBO : 107523.992, BCE: 924.234, KLD_latent: 35.231, KLD_decoder_params_norm: 106564.523, Time: 10607.93 |
|Train : Update 64000. Negative ELBO : 103814.484, BCE: 925.147, KLD_latent: 37.474, KLD_decoder_params_norm: 102851.859, Time: 10774.04 |
|Train : Update 65000. Negative ELBO : 100111.688, BCE: 924.965, KLD_latent: 34.396, KLD_decoder_params_norm: 99152.320, Time: 10943.89 |
|Train : Update 66000. Negative ELBO : 96432.781, BCE: 930.518, KLD_latent: 35.481, KLD_decoder_params_norm: 95466.781, Time: 11107.90 |
|Train : Update 67000. Negative ELBO : 92765.914, BCE: 934.393, KLD_latent: 35.251, KLD_decoder_params_norm: 91796.273, Time: 11278.53 |
|Train : Update 68000. Negative ELBO : 89117.312, BCE: 940.147, KLD_latent: 34.616, KLD_decoder_params_norm: 88142.547, Time: 11443.33 |
|Train : Update 69000. Negative ELBO : 85486.953, BCE: 944.223, KLD_latent: 35.516, KLD_decoder_params_norm: 84507.219, Time: 11613.15 |
|Train : Update 70000. Negative ELBO : 81866.188, BCE: 939.519, KLD_latent: 33.992, KLD_decoder_params_norm: 80892.680, Time: 11778.62 |
|Train : Update 71000. Negative ELBO : 78278.289, BCE: 943.121, KLD_latent: 34.734, KLD_decoder_params_norm: 77300.438, Time: 11945.31 |
|Train : Update 72000. Negative ELBO : 74711.008, BCE: 945.053, KLD_latent: 33.300, KLD_decoder_params_norm: 73732.656, Time: 12113.75 |
|Train : Update 73000. Negative ELBO : 71174.672, BCE: 948.761, KLD_latent: 34.439, KLD_decoder_params_norm: 70191.477, Time: 12279.31 |
|Train : Update 74000. Negative ELBO : 67669.172, BCE: 953.817, KLD_latent: 35.387, KLD_decoder_params_norm: 66679.961, Time: 12449.07 |
|Train : Update 75000. Negative ELBO : 64189.406, BCE: 954.211, KLD_latent: 34.519, KLD_decoder_params_norm: 63200.676, Time: 12612.26 |
|Train : Update 76000. Negative ELBO : 60752.691, BCE: 960.419, KLD_latent: 35.629, KLD_decoder_params_norm: 59756.645, Time: 12780.81 |
|Train : Update 77000. Negative ELBO : 57345.887, BCE: 959.067, KLD_latent: 35.355, KLD_decoder_params_norm: 56351.465, Time: 12947.72 |
|Train : Update 78000. Negative ELBO : 53990.863, BCE: 967.402, KLD_latent: 34.579, KLD_decoder_params_norm: 52988.883, Time: 13115.67 |
|Train : Update 79000. Negative ELBO : 50685.684, BCE: 978.974, KLD_latent: 33.988, KLD_decoder_params_norm: 49672.723, Time: 13284.26 |
|Train : Update 80000. Negative ELBO : 47425.160, BCE: 983.005, KLD_latent: 34.565, KLD_decoder_params_norm: 46407.590, Time: 13447.80 |
|Train : Update 81000. Negative ELBO : 44212.008, BCE: 982.091, KLD_latent: 31.958, KLD_decoder_params_norm: 43197.961, Time: 13617.53 |
|Train : Update 82000. Negative ELBO : 41083.293, BCE: 999.717, KLD_latent: 33.743, KLD_decoder_params_norm: 40049.836, Time: 13782.40 |
|Train : Update 83000. Negative ELBO : 37996.191, BCE: 994.579, KLD_latent: 32.892, KLD_decoder_params_norm: 36968.723, Time: 13950.32 |
|Train : Update 84000. Negative ELBO : 34988.754, BCE: 994.411, KLD_latent: 33.604, KLD_decoder_params_norm: 33960.738, Time: 14116.36 |
|Train : Update 85000. Negative ELBO : 32072.688, BCE: 1006.504, KLD_latent: 33.682, KLD_decoder_params_norm: 31032.502, Time: 14281.66 |
|Train : Update 86000. Negative ELBO : 29239.455, BCE: 1012.777, KLD_latent: 35.457, KLD_decoder_params_norm: 28191.221, Time: 14450.50 |
|Train : Update 87000. Negative ELBO : 26488.654, BCE: 1011.393, KLD_latent: 32.239, KLD_decoder_params_norm: 25445.023, Time: 14613.45 |
|Train : Update 88000. Negative ELBO : 23857.939, BCE: 1024.101, KLD_latent: 31.548, KLD_decoder_params_norm: 22802.291, Time: 14782.93 |
|Train : Update 89000. Negative ELBO : 21339.545, BCE: 1035.602, KLD_latent: 31.353, KLD_decoder_params_norm: 20272.590, Time: 14945.77 |
|Train : Update 90000. Negative ELBO : 18935.496, BCE: 1038.856, KLD_latent: 31.208, KLD_decoder_params_norm: 17865.432, Time: 15112.35 |
|Train : Update 91000. Negative ELBO : 16683.562, BCE: 1061.469, KLD_latent: 31.329, KLD_decoder_params_norm: 15590.765, Time: 15277.89 |
|Train : Update 92000. Negative ELBO : 14550.646, BCE: 1060.100, KLD_latent: 30.967, KLD_decoder_params_norm: 13459.578, Time: 15442.81 |
|Train : Update 93000. Negative ELBO : 12575.098, BCE: 1061.409, KLD_latent: 30.272, KLD_decoder_params_norm: 11483.416, Time: 15613.90 |
|Train : Update 94000. Negative ELBO : 10784.396, BCE: 1081.780, KLD_latent: 28.860, KLD_decoder_params_norm: 9673.756, Time: 15776.76 |
|Train : Update 95000. Negative ELBO : 9156.884, BCE: 1086.880, KLD_latent: 29.128, KLD_decoder_params_norm: 8040.876, Time: 15946.49 |
|Train : Update 96000. Negative ELBO : 7708.151, BCE: 1083.604, KLD_latent: 28.498, KLD_decoder_params_norm: 6596.050, Time: 16110.84 |
|Train : Update 97000. Negative ELBO : 6493.017, BCE: 1114.764, KLD_latent: 30.212, KLD_decoder_params_norm: 5348.041, Time: 16278.07 |
|Train : Update 98000. Negative ELBO : 5441.080, BCE: 1108.243, KLD_latent: 29.466, KLD_decoder_params_norm: 4303.371, Time: 16444.28 |
|Train : Update 99000. Negative ELBO : 4636.464, BCE: 1144.408, KLD_latent: 28.539, KLD_decoder_params_norm: 3463.517, Time: 16608.82 |
|Train : Update 100000. Negative ELBO : 4011.538, BCE: 1161.069, KLD_latent: 27.494, KLD_decoder_params_norm: 2822.975, Time: 16779.13 |
|Train : Update 101000. Negative ELBO : 3528.643, BCE: 1136.759, KLD_latent: 27.535, KLD_decoder_params_norm: 2364.349, Time: 16941.48 |
|Train : Update 102000. Negative ELBO : 3223.224, BCE: 1142.444, KLD_latent: 25.909, KLD_decoder_params_norm: 2054.871, Time: 17110.15 |
|Train : Update 103000. Negative ELBO : 3020.310, BCE: 1146.023, KLD_latent: 24.752, KLD_decoder_params_norm: 1849.535, Time: 17274.42 |
|Train : Update 104000. Negative ELBO : 2872.075, BCE: 1143.918, KLD_latent: 24.293, KLD_decoder_params_norm: 1703.864, Time: 17440.70 |
|Train : Update 105000. Negative ELBO : 2805.606, BCE: 1189.367, KLD_latent: 26.082, KLD_decoder_params_norm: 1590.158, Time: 17608.33 |
|Train : Update 106000. Negative ELBO : 2683.877, BCE: 1162.748, KLD_latent: 24.590, KLD_decoder_params_norm: 1496.539, Time: 17771.86 |
|Train : Update 107000. Negative ELBO : 2621.238, BCE: 1179.985, KLD_latent: 24.372, KLD_decoder_params_norm: 1416.881, Time: 17942.50 |
|Train : Update 108000. Negative ELBO : 2552.927, BCE: 1179.274, KLD_latent: 26.322, KLD_decoder_params_norm: 1347.330, Time: 18105.81 |
|Train : Update 109000. Negative ELBO : 2475.621, BCE: 1165.228, KLD_latent: 24.832, KLD_decoder_params_norm: 1285.561, Time: 18275.72 |
|Train : Update 110000. Negative ELBO : 2460.756, BCE: 1205.559, KLD_latent: 24.967, KLD_decoder_params_norm: 1230.230, Time: 18442.14 |
|Train : Update 111000. Negative ELBO : 2387.751, BCE: 1183.499, KLD_latent: 24.040, KLD_decoder_params_norm: 1180.212, Time: 18608.81 |
|Train : Update 112000. Negative ELBO : 2315.073, BCE: 1157.461, KLD_latent: 23.283, KLD_decoder_params_norm: 1134.329, Time: 18775.40 |
|Train : Update 113000. Negative ELBO : 2306.449, BCE: 1190.935, KLD_latent: 23.726, KLD_decoder_params_norm: 1091.788, Time: 18939.67 |
|Train : Update 114000. Negative ELBO : 2238.234, BCE: 1162.842, KLD_latent: 22.735, KLD_decoder_params_norm: 1052.657, Time: 19110.83 |
|Train : Update 115000. Negative ELBO : 2288.610, BCE: 1245.907, KLD_latent: 26.562, KLD_decoder_params_norm: 1016.141, Time: 19274.19 |
|Train : Update 116000. Negative ELBO : 2175.232, BCE: 1169.328, KLD_latent: 23.815, KLD_decoder_params_norm: 982.089, Time: 19444.20 |
|Train : Update 117000. Negative ELBO : 2196.734, BCE: 1222.207, KLD_latent: 24.441, KLD_decoder_params_norm: 950.085, Time: 19610.63 |
|Train : Update 118000. Negative ELBO : 2134.817, BCE: 1191.974, KLD_latent: 22.799, KLD_decoder_params_norm: 920.044, Time: 19776.79 |
|Train : Update 119000. Negative ELBO : 2086.770, BCE: 1172.687, KLD_latent: 22.080, KLD_decoder_params_norm: 892.003, Time: 19946.31 |
|Train : Update 120000. Negative ELBO : 2055.892, BCE: 1167.722, KLD_latent: 22.520, KLD_decoder_params_norm: 865.650, Time: 20111.15 |
|Train : Update 121000. Negative ELBO : 2075.019, BCE: 1210.081, KLD_latent: 24.231, KLD_decoder_params_norm: 840.706, Time: 20280.37 |
|Train : Update 122000. Negative ELBO : 2030.244, BCE: 1191.260, KLD_latent: 21.454, KLD_decoder_params_norm: 817.529, Time: 20444.44 |
|Train : Update 123000. Negative ELBO : 2005.879, BCE: 1188.720, KLD_latent: 21.685, KLD_decoder_params_norm: 795.473, Time: 20614.56 |
|Train : Update 124000. Negative ELBO : 1995.190, BCE: 1197.743, KLD_latent: 22.799, KLD_decoder_params_norm: 774.648, Time: 20780.91 |
|Train : Update 125000. Negative ELBO : 1963.786, BCE: 1186.354, KLD_latent: 22.406, KLD_decoder_params_norm: 755.026, Time: 20948.26 |
|Train : Update 126000. Negative ELBO : 1971.886, BCE: 1212.651, KLD_latent: 22.819, KLD_decoder_params_norm: 736.416, Time: 21116.70 |
|Train : Update 127000. Negative ELBO : 1935.959, BCE: 1196.430, KLD_latent: 20.671, KLD_decoder_params_norm: 718.858, Time: 21280.34 |
|Train : Update 128000. Negative ELBO : 1923.496, BCE: 1199.822, KLD_latent: 21.200, KLD_decoder_params_norm: 702.474, Time: 21449.56 |
|Train : Update 129000. Negative ELBO : 1889.906, BCE: 1181.400, KLD_latent: 21.470, KLD_decoder_params_norm: 687.036, Time: 21613.82 |
|Train : Update 130000. Negative ELBO : 1910.614, BCE: 1216.044, KLD_latent: 22.624, KLD_decoder_params_norm: 671.945, Time: 21781.21 |
|Train : Update 131000. Negative ELBO : 1900.217, BCE: 1219.019, KLD_latent: 23.184, KLD_decoder_params_norm: 658.014, Time: 21948.93 |
|Train : Update 132000. Negative ELBO : 1863.688, BCE: 1197.094, KLD_latent: 21.998, KLD_decoder_params_norm: 644.596, Time: 22115.55 |
|Train : Update 133000. Negative ELBO : 1827.811, BCE: 1174.481, KLD_latent: 21.229, KLD_decoder_params_norm: 632.100, Time: 22288.52 |
|Train : Update 134000. Negative ELBO : 1851.943, BCE: 1209.320, KLD_latent: 22.559, KLD_decoder_params_norm: 620.064, Time: 22454.26 |
|Train : Update 135000. Negative ELBO : 1826.250, BCE: 1195.607, KLD_latent: 21.705, KLD_decoder_params_norm: 608.938, Time: 22628.06 |
|Train : Update 136000. Negative ELBO : 1799.387, BCE: 1179.752, KLD_latent: 21.708, KLD_decoder_params_norm: 597.927, Time: 22793.74 |
|Train : Update 137000. Negative ELBO : 1794.984, BCE: 1183.780, KLD_latent: 23.607, KLD_decoder_params_norm: 587.597, Time: 22964.64 |
|Train : Update 138000. Negative ELBO : 1803.746, BCE: 1204.593, KLD_latent: 21.577, KLD_decoder_params_norm: 577.577, Time: 23135.68 |
|Train : Update 139000. Negative ELBO : 1797.792, BCE: 1207.933, KLD_latent: 21.791, KLD_decoder_params_norm: 568.069, Time: 23304.99 |
|Train : Update 140000. Negative ELBO : 1775.553, BCE: 1196.363, KLD_latent: 20.243, KLD_decoder_params_norm: 558.947, Time: 23475.74 |
|Train : Update 141000. Negative ELBO : 1768.687, BCE: 1196.431, KLD_latent: 22.123, KLD_decoder_params_norm: 550.133, Time: 23640.07 |
|Train : Update 142000. Negative ELBO : 1774.275, BCE: 1209.824, KLD_latent: 22.510, KLD_decoder_params_norm: 541.941, Time: 23807.66 |
|Train : Update 143000. Negative ELBO : 1757.547, BCE: 1198.928, KLD_latent: 24.595, KLD_decoder_params_norm: 534.025, Time: 23975.34 |
|Train : Update 144000. Negative ELBO : 1754.498, BCE: 1206.710, KLD_latent: 21.476, KLD_decoder_params_norm: 526.312, Time: 24140.08 |
|Train : Update 145000. Negative ELBO : 1743.418, BCE: 1200.641, KLD_latent: 23.714, KLD_decoder_params_norm: 519.062, Time: 24309.10 |
|Train : Update 146000. Negative ELBO : 1716.587, BCE: 1184.203, KLD_latent: 20.586, KLD_decoder_params_norm: 511.798, Time: 24471.28 |
|Train : Update 147000. Negative ELBO : 1722.156, BCE: 1195.219, KLD_latent: 22.133, KLD_decoder_params_norm: 504.804, Time: 24640.44 |
|Train : Update 148000. Negative ELBO : 1725.864, BCE: 1205.069, KLD_latent: 22.418, KLD_decoder_params_norm: 498.377, Time: 24808.26 |
|Train : Update 149000. Negative ELBO : 1682.431, BCE: 1169.429, KLD_latent: 20.930, KLD_decoder_params_norm: 492.072, Time: 24977.35 |
|Train : Update 150000. Negative ELBO : 1716.404, BCE: 1208.460, KLD_latent: 22.004, KLD_decoder_params_norm: 485.940, Time: 25146.31 |
|Train : Update 151000. Negative ELBO : 1679.745, BCE: 1178.963, KLD_latent: 20.771, KLD_decoder_params_norm: 480.011, Time: 25309.49 |
|Train : Update 152000. Negative ELBO : 1689.536, BCE: 1194.557, KLD_latent: 20.691, KLD_decoder_params_norm: 474.287, Time: 25480.08 |
|Train : Update 153000. Negative ELBO : 1703.740, BCE: 1212.657, KLD_latent: 22.447, KLD_decoder_params_norm: 468.636, Time: 25643.23 |
|Train : Update 154000. Negative ELBO : 1694.729, BCE: 1210.078, KLD_latent: 21.384, KLD_decoder_params_norm: 463.267, Time: 25812.78 |
|Train : Update 155000. Negative ELBO : 1693.568, BCE: 1213.114, KLD_latent: 22.464, KLD_decoder_params_norm: 457.991, Time: 25978.52 |
|Train : Update 156000. Negative ELBO : 1656.859, BCE: 1182.520, KLD_latent: 21.302, KLD_decoder_params_norm: 453.037, Time: 26145.71 |
|Train : Update 157000. Negative ELBO : 1695.867, BCE: 1224.828, KLD_latent: 22.956, KLD_decoder_params_norm: 448.082, Time: 26314.79 |
|Train : Update 158000. Negative ELBO : 1711.058, BCE: 1245.121, KLD_latent: 22.564, KLD_decoder_params_norm: 443.374, Time: 26478.40 |
|Train : Update 159000. Negative ELBO : 1658.450, BCE: 1199.114, KLD_latent: 20.482, KLD_decoder_params_norm: 438.854, Time: 26648.35 |
|Train : Update 160000. Negative ELBO : 1623.204, BCE: 1168.075, KLD_latent: 20.696, KLD_decoder_params_norm: 434.433, Time: 26812.99 |
|Train : Update 161000. Negative ELBO : 1623.826, BCE: 1172.697, KLD_latent: 20.940, KLD_decoder_params_norm: 430.188, Time: 26981.47 |
|Train : Update 162000. Negative ELBO : 1634.462, BCE: 1187.410, KLD_latent: 21.060, KLD_decoder_params_norm: 425.993, Time: 27148.37 |
|Train : Update 163000. Negative ELBO : 1643.259, BCE: 1200.128, KLD_latent: 21.300, KLD_decoder_params_norm: 421.831, Time: 27314.80 |
|Train : Update 164000. Negative ELBO : 1624.902, BCE: 1185.679, KLD_latent: 20.912, KLD_decoder_params_norm: 418.311, Time: 27485.13 |
|Train : Update 165000. Negative ELBO : 1636.209, BCE: 1200.657, KLD_latent: 21.156, KLD_decoder_params_norm: 414.396, Time: 27648.94 |
|Train : Update 166000. Negative ELBO : 1616.671, BCE: 1182.975, KLD_latent: 23.037, KLD_decoder_params_norm: 410.660, Time: 27818.69 |
|Train : Update 167000. Negative ELBO : 1627.289, BCE: 1198.836, KLD_latent: 21.473, KLD_decoder_params_norm: 406.980, Time: 27983.94 |
|Train : Update 168000. Negative ELBO : 1630.953, BCE: 1204.346, KLD_latent: 23.182, KLD_decoder_params_norm: 403.425, Time: 28153.58 |
|Train : Update 169000. Negative ELBO : 1604.021, BCE: 1182.697, KLD_latent: 21.094, KLD_decoder_params_norm: 400.231, Time: 28320.35 |
|Train : Update 170000. Negative ELBO : 1599.981, BCE: 1182.895, KLD_latent: 20.139, KLD_decoder_params_norm: 396.946, Time: 28485.88 |
|Train : Update 171000. Negative ELBO : 1628.845, BCE: 1213.959, KLD_latent: 21.206, KLD_decoder_params_norm: 393.679, Time: 28654.50 |
|Train : Update 172000. Negative ELBO : 1646.068, BCE: 1232.692, KLD_latent: 22.824, KLD_decoder_params_norm: 390.551, Time: 28817.72 |
|Train : Update 173000. Negative ELBO : 1607.116, BCE: 1198.441, KLD_latent: 21.109, KLD_decoder_params_norm: 387.566, Time: 28986.87 |
|Train : Update 174000. Negative ELBO : 1599.102, BCE: 1191.367, KLD_latent: 22.847, KLD_decoder_params_norm: 384.888, Time: 29157.15 |
|Train : Update 175000. Negative ELBO : 1623.375, BCE: 1218.975, KLD_latent: 22.534, KLD_decoder_params_norm: 381.867, Time: 29326.13 |
|Train : Update 176000. Negative ELBO : 1596.381, BCE: 1195.689, KLD_latent: 21.659, KLD_decoder_params_norm: 379.034, Time: 29496.02 |
|Train : Update 177000. Negative ELBO : 1625.295, BCE: 1226.056, KLD_latent: 22.673, KLD_decoder_params_norm: 376.566, Time: 29663.03 |
|Train : Update 178000. Negative ELBO : 1601.605, BCE: 1207.404, KLD_latent: 20.209, KLD_decoder_params_norm: 373.992, Time: 29836.96 |
|Train : Update 179000. Negative ELBO : 1604.088, BCE: 1211.157, KLD_latent: 21.597, KLD_decoder_params_norm: 371.335, Time: 30000.56 |
|Train : Update 180000. Negative ELBO : 1580.025, BCE: 1190.770, KLD_latent: 20.426, KLD_decoder_params_norm: 368.829, Time: 30170.93 |
|Train : Update 181000. Negative ELBO : 1615.173, BCE: 1226.607, KLD_latent: 21.989, KLD_decoder_params_norm: 366.577, Time: 30337.11 |
|Train : Update 182000. Negative ELBO : 1617.085, BCE: 1231.308, KLD_latent: 21.315, KLD_decoder_params_norm: 364.462, Time: 30503.92 |
|Train : Update 183000. Negative ELBO : 1570.918, BCE: 1188.245, KLD_latent: 20.663, KLD_decoder_params_norm: 362.010, Time: 30671.45 |
|Train : Update 184000. Negative ELBO : 1595.890, BCE: 1213.881, KLD_latent: 22.158, KLD_decoder_params_norm: 359.851, Time: 30836.74 |
|Train : Update 185000. Negative ELBO : 1600.395, BCE: 1221.448, KLD_latent: 21.551, KLD_decoder_params_norm: 357.396, Time: 31006.47 |
|Train : Update 186000. Negative ELBO : 1577.864, BCE: 1201.489, KLD_latent: 20.856, KLD_decoder_params_norm: 355.519, Time: 31169.23 |
|Train : Update 187000. Negative ELBO : 1566.676, BCE: 1192.352, KLD_latent: 20.939, KLD_decoder_params_norm: 353.384, Time: 31339.74 |
|Train : Update 188000. Negative ELBO : 1563.710, BCE: 1190.088, KLD_latent: 22.424, KLD_decoder_params_norm: 351.197, Time: 31504.42 |
|Train : Update 189000. Negative ELBO : 1534.438, BCE: 1164.423, KLD_latent: 20.710, KLD_decoder_params_norm: 349.305, Time: 31673.45 |
|Train : Update 190000. Negative ELBO : 1575.336, BCE: 1207.573, KLD_latent: 20.350, KLD_decoder_params_norm: 347.414, Time: 31840.61 |
|Train : Update 191000. Negative ELBO : 1578.370, BCE: 1210.790, KLD_latent: 21.972, KLD_decoder_params_norm: 345.608, Time: 32005.85 |
|Train : Update 192000. Negative ELBO : 1552.590, BCE: 1188.704, KLD_latent: 20.274, KLD_decoder_params_norm: 343.612, Time: 32175.73 |
|Train : Update 193000. Negative ELBO : 1548.762, BCE: 1186.222, KLD_latent: 20.545, KLD_decoder_params_norm: 341.996, Time: 32338.71 |
|Train : Update 194000. Negative ELBO : 1572.081, BCE: 1210.154, KLD_latent: 21.815, KLD_decoder_params_norm: 340.113, Time: 32508.50 |
|Train : Update 195000. Negative ELBO : 1539.595, BCE: 1180.810, KLD_latent: 20.264, KLD_decoder_params_norm: 338.522, Time: 32672.43 |
|Train : Update 196000. Negative ELBO : 1570.874, BCE: 1213.230, KLD_latent: 20.868, KLD_decoder_params_norm: 336.775, Time: 32839.24 |
|Train : Update 197000. Negative ELBO : 1595.541, BCE: 1237.769, KLD_latent: 22.576, KLD_decoder_params_norm: 335.195, Time: 33008.40 |
|Train : Update 198000. Negative ELBO : 1530.048, BCE: 1176.476, KLD_latent: 19.816, KLD_decoder_params_norm: 333.757, Time: 33175.18 |
|Train : Update 199000. Negative ELBO : 1535.316, BCE: 1182.119, KLD_latent: 20.794, KLD_decoder_params_norm: 332.403, Time: 33347.88 |
|Train : Update 200000. Negative ELBO : 1572.165, BCE: 1219.639, KLD_latent: 21.742, KLD_decoder_params_norm: 330.784, Time: 33515.39 |
|Train : Update 201000. Negative ELBO : 1566.404, BCE: 1214.814, KLD_latent: 22.085, KLD_decoder_params_norm: 329.506, Time: 33689.66 |
|Train : Update 202000. Negative ELBO : 1559.407, BCE: 1211.572, KLD_latent: 19.898, KLD_decoder_params_norm: 327.937, Time: 33858.47 |
|Train : Update 203000. Negative ELBO : 1570.592, BCE: 1222.423, KLD_latent: 21.471, KLD_decoder_params_norm: 326.698, Time: 34025.53 |
|Train : Update 204000. Negative ELBO : 1529.685, BCE: 1183.713, KLD_latent: 20.735, KLD_decoder_params_norm: 325.237, Time: 34192.92 |
|Train : Update 205000. Negative ELBO : 1517.922, BCE: 1173.562, KLD_latent: 20.496, KLD_decoder_params_norm: 323.864, Time: 34357.19 |
|Train : Update 206000. Negative ELBO : 1557.059, BCE: 1213.123, KLD_latent: 21.471, KLD_decoder_params_norm: 322.466, Time: 34527.96 |
|Train : Update 207000. Negative ELBO : 1558.158, BCE: 1214.608, KLD_latent: 22.363, KLD_decoder_params_norm: 321.187, Time: 34691.69 |
|Train : Update 208000. Negative ELBO : 1537.461, BCE: 1196.819, KLD_latent: 20.590, KLD_decoder_params_norm: 320.052, Time: 34861.68 |
|Train : Update 209000. Negative ELBO : 1493.955, BCE: 1155.280, KLD_latent: 19.796, KLD_decoder_params_norm: 318.879, Time: 35027.43 |
|Train : Update 210000. Negative ELBO : 1530.395, BCE: 1192.525, KLD_latent: 20.267, KLD_decoder_params_norm: 317.603, Time: 35193.83 |
|Train : Update 211000. Negative ELBO : 1538.767, BCE: 1200.246, KLD_latent: 22.283, KLD_decoder_params_norm: 316.238, Time: 35361.95 |
|Train : Update 212000. Negative ELBO : 1519.771, BCE: 1183.062, KLD_latent: 21.598, KLD_decoder_params_norm: 315.110, Time: 35525.28 |
|Train : Update 213000. Negative ELBO : 1565.473, BCE: 1229.817, KLD_latent: 21.452, KLD_decoder_params_norm: 314.204, Time: 35694.29 |
|Train : Update 214000. Negative ELBO : 1569.198, BCE: 1234.766, KLD_latent: 21.490, KLD_decoder_params_norm: 312.942, Time: 35858.83 |
|Train : Update 215000. Negative ELBO : 1504.040, BCE: 1171.443, KLD_latent: 20.625, KLD_decoder_params_norm: 311.972, Time: 36026.27 |
|Train : Update 216000. Negative ELBO : 1513.693, BCE: 1182.955, KLD_latent: 20.147, KLD_decoder_params_norm: 310.591, Time: 36192.84 |
|Train : Update 217000. Negative ELBO : 1510.083, BCE: 1180.375, KLD_latent: 20.144, KLD_decoder_params_norm: 309.564, Time: 36362.58 |
|Train : Update 218000. Negative ELBO : 1499.518, BCE: 1170.867, KLD_latent: 20.042, KLD_decoder_params_norm: 308.609, Time: 36531.67 |
|Train : Update 219000. Negative ELBO : 1527.423, BCE: 1199.217, KLD_latent: 20.343, KLD_decoder_params_norm: 307.863, Time: 36696.52 |
|Train : Update 220000. Negative ELBO : 1521.109, BCE: 1192.908, KLD_latent: 21.516, KLD_decoder_params_norm: 306.685, Time: 36866.36 |
|Train : Update 221000. Negative ELBO : 1545.872, BCE: 1218.345, KLD_latent: 21.745, KLD_decoder_params_norm: 305.782, Time: 37029.92 |
|Train : Update 222000. Negative ELBO : 1516.418, BCE: 1190.810, KLD_latent: 20.887, KLD_decoder_params_norm: 304.722, Time: 37197.69 |
|Train : Update 223000. Negative ELBO : 1570.229, BCE: 1244.608, KLD_latent: 21.789, KLD_decoder_params_norm: 303.832, Time: 37364.16 |
|Train : Update 224000. Negative ELBO : 1513.446, BCE: 1189.703, KLD_latent: 20.916, KLD_decoder_params_norm: 302.827, Time: 37530.79 |
|Train : Update 225000. Negative ELBO : 1512.534, BCE: 1189.368, KLD_latent: 21.110, KLD_decoder_params_norm: 302.055, Time: 37699.83 |
|Train : Update 226000. Negative ELBO : 1571.405, BCE: 1248.156, KLD_latent: 22.016, KLD_decoder_params_norm: 301.233, Time: 37865.19 |
|Train : Update 227000. Negative ELBO : 1512.197, BCE: 1191.208, KLD_latent: 20.608, KLD_decoder_params_norm: 300.381, Time: 38036.49 |
|Train : Update 228000. Negative ELBO : 1547.842, BCE: 1226.689, KLD_latent: 21.721, KLD_decoder_params_norm: 299.432, Time: 38199.18 |
|Train : Update 229000. Negative ELBO : 1508.611, BCE: 1189.186, KLD_latent: 20.812, KLD_decoder_params_norm: 298.613, Time: 38367.60 |
|Train : Update 230000. Negative ELBO : 1539.354, BCE: 1220.479, KLD_latent: 21.216, KLD_decoder_params_norm: 297.658, Time: 38534.03 |
|Train : Update 231000. Negative ELBO : 1510.602, BCE: 1193.234, KLD_latent: 20.477, KLD_decoder_params_norm: 296.891, Time: 38701.76 |
|Train : Update 232000. Negative ELBO : 1515.619, BCE: 1199.055, KLD_latent: 20.630, KLD_decoder_params_norm: 295.934, Time: 38870.28 |
|Train : Update 233000. Negative ELBO : 1528.483, BCE: 1213.196, KLD_latent: 20.133, KLD_decoder_params_norm: 295.154, Time: 39032.48 |
|Train : Update 234000. Negative ELBO : 1514.957, BCE: 1200.016, KLD_latent: 20.700, KLD_decoder_params_norm: 294.241, Time: 39202.05 |
|Train : Update 235000. Negative ELBO : 1541.013, BCE: 1225.801, KLD_latent: 21.578, KLD_decoder_params_norm: 293.633, Time: 39366.92 |
|Train : Update 236000. Negative ELBO : 1497.307, BCE: 1183.929, KLD_latent: 20.512, KLD_decoder_params_norm: 292.866, Time: 39534.13 |
|Train : Update 237000. Negative ELBO : 1541.594, BCE: 1228.220, KLD_latent: 21.301, KLD_decoder_params_norm: 292.072, Time: 39701.50 |
|Train : Update 238000. Negative ELBO : 1511.363, BCE: 1198.647, KLD_latent: 21.357, KLD_decoder_params_norm: 291.359, Time: 39868.25 |
|Train : Update 239000. Negative ELBO : 1502.033, BCE: 1191.328, KLD_latent: 20.373, KLD_decoder_params_norm: 290.332, Time: 40037.99 |
|Train : Update 240000. Negative ELBO : 1519.366, BCE: 1207.937, KLD_latent: 21.620, KLD_decoder_params_norm: 289.809, Time: 40203.21 |
|Train : Update 241000. Negative ELBO : 1474.046, BCE: 1165.288, KLD_latent: 19.813, KLD_decoder_params_norm: 288.945, Time: 40374.09 |
|Train : Update 242000. Negative ELBO : 1492.552, BCE: 1184.178, KLD_latent: 20.192, KLD_decoder_params_norm: 288.182, Time: 40538.82 |
|Train : Update 243000. Negative ELBO : 1524.485, BCE: 1215.700, KLD_latent: 21.405, KLD_decoder_params_norm: 287.380, Time: 40708.61 |
|Train : Update 244000. Negative ELBO : 1516.991, BCE: 1209.793, KLD_latent: 20.517, KLD_decoder_params_norm: 286.681, Time: 40876.17 |
|Train : Update 245000. Negative ELBO : 1533.188, BCE: 1226.136, KLD_latent: 20.994, KLD_decoder_params_norm: 286.058, Time: 41043.30 |
|Train : Update 246000. Negative ELBO : 1492.308, BCE: 1185.955, KLD_latent: 21.207, KLD_decoder_params_norm: 285.145, Time: 41213.44 |
|Train : Update 247000. Negative ELBO : 1520.062, BCE: 1213.263, KLD_latent: 22.342, KLD_decoder_params_norm: 284.457, Time: 41377.95 |
|Train : Update 248000. Negative ELBO : 1518.137, BCE: 1213.375, KLD_latent: 20.865, KLD_decoder_params_norm: 283.897, Time: 41548.52 |
|Train : Update 249000. Negative ELBO : 1499.074, BCE: 1195.221, KLD_latent: 20.763, KLD_decoder_params_norm: 283.089, Time: 41714.35 |
|Train : Update 250000. Negative ELBO : 1486.205, BCE: 1182.718, KLD_latent: 20.963, KLD_decoder_params_norm: 282.524, Time: 41881.90 |
|Train : Update 251000. Negative ELBO : 1496.404, BCE: 1194.083, KLD_latent: 20.356, KLD_decoder_params_norm: 281.964, Time: 42049.79 |
|Train : Update 252000. Negative ELBO : 1479.758, BCE: 1178.361, KLD_latent: 20.200, KLD_decoder_params_norm: 281.197, Time: 42214.89 |
|Train : Update 253000. Negative ELBO : 1510.886, BCE: 1208.615, KLD_latent: 21.719, KLD_decoder_params_norm: 280.552, Time: 42384.80 |
|Train : Update 254000. Negative ELBO : 1476.710, BCE: 1176.350, KLD_latent: 20.512, KLD_decoder_params_norm: 279.848, Time: 42548.20 |
|Train : Update 255000. Negative ELBO : 1499.673, BCE: 1199.344, KLD_latent: 21.082, KLD_decoder_params_norm: 279.248, Time: 42717.82 |
|Train : Update 256000. Negative ELBO : 1494.571, BCE: 1194.489, KLD_latent: 21.484, KLD_decoder_params_norm: 278.598, Time: 42883.94 |
|Train : Update 257000. Negative ELBO : 1467.408, BCE: 1167.452, KLD_latent: 22.052, KLD_decoder_params_norm: 277.905, Time: 43052.03 |
|Train : Update 258000. Negative ELBO : 1480.550, BCE: 1182.469, KLD_latent: 20.675, KLD_decoder_params_norm: 277.407, Time: 43220.66 |
|Train : Update 259000. Negative ELBO : 1476.095, BCE: 1178.755, KLD_latent: 20.475, KLD_decoder_params_norm: 276.864, Time: 43386.85 |
|Train : Update 260000. Negative ELBO : 1542.480, BCE: 1244.046, KLD_latent: 22.236, KLD_decoder_params_norm: 276.197, Time: 43556.63 |
|Train : Update 261000. Negative ELBO : 1512.731, BCE: 1216.275, KLD_latent: 20.867, KLD_decoder_params_norm: 275.588, Time: 43719.35 |
|Train : Update 262000. Negative ELBO : 1493.076, BCE: 1197.147, KLD_latent: 20.965, KLD_decoder_params_norm: 274.964, Time: 43887.82 |
|Train : Update 263000. Negative ELBO : 1450.615, BCE: 1156.475, KLD_latent: 19.874, KLD_decoder_params_norm: 274.265, Time: 44053.03 |
|Train : Update 264000. Negative ELBO : 1491.635, BCE: 1197.289, KLD_latent: 20.559, KLD_decoder_params_norm: 273.787, Time: 44219.19 |
|Train : Update 265000. Negative ELBO : 1478.356, BCE: 1185.104, KLD_latent: 20.059, KLD_decoder_params_norm: 273.193, Time: 44387.07 |
|Train : Update 266000. Negative ELBO : 1483.792, BCE: 1190.663, KLD_latent: 20.502, KLD_decoder_params_norm: 272.627, Time: 44551.17 |
|Train : Update 267000. Negative ELBO : 1491.145, BCE: 1197.732, KLD_latent: 21.482, KLD_decoder_params_norm: 271.931, Time: 44721.82 |
|Train : Update 268000. Negative ELBO : 1454.358, BCE: 1163.520, KLD_latent: 19.552, KLD_decoder_params_norm: 271.286, Time: 44890.09 |
|Train : Update 269000. Negative ELBO : 1508.581, BCE: 1216.510, KLD_latent: 21.236, KLD_decoder_params_norm: 270.834, Time: 45062.75 |
|Train : Update 270000. Negative ELBO : 1488.672, BCE: 1197.696, KLD_latent: 20.656, KLD_decoder_params_norm: 270.321, Time: 45230.16 |
|Train : Update 271000. Negative ELBO : 1473.881, BCE: 1184.054, KLD_latent: 20.145, KLD_decoder_params_norm: 269.682, Time: 45399.24 |
|Train : Update 272000. Negative ELBO : 1506.269, BCE: 1215.180, KLD_latent: 21.830, KLD_decoder_params_norm: 269.259, Time: 45568.88 |
|Train : Update 273000. Negative ELBO : 1464.609, BCE: 1175.755, KLD_latent: 20.303, KLD_decoder_params_norm: 268.552, Time: 45734.40 |
|Train : Update 274000. Negative ELBO : 1476.140, BCE: 1187.279, KLD_latent: 20.825, KLD_decoder_params_norm: 268.036, Time: 45904.38 |
|Train : Update 275000. Negative ELBO : 1432.047, BCE: 1144.560, KLD_latent: 20.054, KLD_decoder_params_norm: 267.433, Time: 46070.69 |
|Train : Update 276000. Negative ELBO : 1474.828, BCE: 1187.205, KLD_latent: 20.818, KLD_decoder_params_norm: 266.804, Time: 46239.61 |
|Train : Update 277000. Negative ELBO : 1498.256, BCE: 1210.822, KLD_latent: 21.152, KLD_decoder_params_norm: 266.282, Time: 46406.24 |
|Train : Update 278000. Negative ELBO : 1497.600, BCE: 1211.485, KLD_latent: 20.396, KLD_decoder_params_norm: 265.720, Time: 46573.30 |
|Train : Update 279000. Negative ELBO : 1462.154, BCE: 1176.347, KLD_latent: 20.701, KLD_decoder_params_norm: 265.106, Time: 46741.12 |
|Train : Update 280000. Negative ELBO : 1454.764, BCE: 1169.546, KLD_latent: 20.605, KLD_decoder_params_norm: 264.613, Time: 46906.72 |
|Train : Update 281000. Negative ELBO : 1466.310, BCE: 1181.999, KLD_latent: 20.379, KLD_decoder_params_norm: 263.932, Time: 47077.91 |
|Train : Update 282000. Negative ELBO : 1490.645, BCE: 1206.415, KLD_latent: 20.920, KLD_decoder_params_norm: 263.310, Time: 47241.51 |
|Train : Update 283000. Negative ELBO : 1439.764, BCE: 1156.176, KLD_latent: 20.757, KLD_decoder_params_norm: 262.831, Time: 47409.56 |
|Train : Update 284000. Negative ELBO : 1459.809, BCE: 1176.070, KLD_latent: 21.480, KLD_decoder_params_norm: 262.259, Time: 47575.51 |
|Train : Update 285000. Negative ELBO : 1489.814, BCE: 1207.770, KLD_latent: 20.319, KLD_decoder_params_norm: 261.725, Time: 47740.19 |
|Train : Update 286000. Negative ELBO : 1463.601, BCE: 1181.656, KLD_latent: 20.649, KLD_decoder_params_norm: 261.296, Time: 47909.44 |
|Train : Update 287000. Negative ELBO : 1460.308, BCE: 1178.946, KLD_latent: 20.620, KLD_decoder_params_norm: 260.742, Time: 48071.89 |
|Train : Update 288000. Negative ELBO : 1444.333, BCE: 1165.123, KLD_latent: 19.032, KLD_decoder_params_norm: 260.179, Time: 48240.92 |
|Train : Update 289000. Negative ELBO : 1490.662, BCE: 1209.811, KLD_latent: 21.298, KLD_decoder_params_norm: 259.554, Time: 48406.56 |
|Train : Update 290000. Negative ELBO : 1474.473, BCE: 1194.589, KLD_latent: 20.989, KLD_decoder_params_norm: 258.895, Time: 48574.29 |
|Train : Update 291000. Negative ELBO : 1456.429, BCE: 1177.802, KLD_latent: 20.240, KLD_decoder_params_norm: 258.387, Time: 48742.25 |
|Train : Update 292000. Negative ELBO : 1455.610, BCE: 1177.647, KLD_latent: 20.190, KLD_decoder_params_norm: 257.773, Time: 48907.56 |
|Train : Update 293000. Negative ELBO : 1501.495, BCE: 1222.992, KLD_latent: 21.283, KLD_decoder_params_norm: 257.220, Time: 49077.50 |
|Train : Update 294000. Negative ELBO : 1452.609, BCE: 1176.389, KLD_latent: 19.519, KLD_decoder_params_norm: 256.700, Time: 49240.61 |
|Train : Update 295000. Negative ELBO : 1430.991, BCE: 1154.686, KLD_latent: 20.181, KLD_decoder_params_norm: 256.124, Time: 49411.18 |
|Train : Update 296000. Negative ELBO : 1433.568, BCE: 1158.067, KLD_latent: 19.997, KLD_decoder_params_norm: 255.504, Time: 49576.25 |
|Train : Update 297000. Negative ELBO : 1486.719, BCE: 1210.979, KLD_latent: 20.822, KLD_decoder_params_norm: 254.918, Time: 49744.89 |
|Train : Update 298000. Negative ELBO : 1454.571, BCE: 1180.135, KLD_latent: 20.109, KLD_decoder_params_norm: 254.327, Time: 49912.83 |
|Train : Update 299000. Negative ELBO : 1464.762, BCE: 1190.160, KLD_latent: 20.755, KLD_decoder_params_norm: 253.848, Time: 50077.27 |
|Train : Update 300000. Negative ELBO : 1448.600, BCE: 1174.391, KLD_latent: 20.899, KLD_decoder_params_norm: 253.310, Time: 50247.37 |
|Train : Update 301000. Negative ELBO : 1495.435, BCE: 1220.734, KLD_latent: 21.992, KLD_decoder_params_norm: 252.709, Time: 50410.66 |
|Train : Update 302000. Negative ELBO : 1482.642, BCE: 1209.237, KLD_latent: 21.257, KLD_decoder_params_norm: 252.148, Time: 50578.17 |
|Train : Update 303000. Negative ELBO : 1441.051, BCE: 1170.132, KLD_latent: 19.303, KLD_decoder_params_norm: 251.616, Time: 50744.03 |
|Train : Update 304000. Negative ELBO : 1423.522, BCE: 1151.736, KLD_latent: 20.667, KLD_decoder_params_norm: 251.119, Time: 50911.13 |
|Train : Update 305000. Negative ELBO : 1439.111, BCE: 1168.771, KLD_latent: 19.786, KLD_decoder_params_norm: 250.553, Time: 51079.96 |
|Train : Update 306000. Negative ELBO : 1422.625, BCE: 1154.042, KLD_latent: 18.590, KLD_decoder_params_norm: 249.992, Time: 51243.05 |
|Train : Update 307000. Negative ELBO : 1450.353, BCE: 1180.241, KLD_latent: 20.661, KLD_decoder_params_norm: 249.452, Time: 51414.71 |
|Train : Update 308000. Negative ELBO : 1456.408, BCE: 1187.569, KLD_latent: 20.056, KLD_decoder_params_norm: 248.784, Time: 51578.93 |
|Train : Update 309000. Negative ELBO : 1426.060, BCE: 1157.953, KLD_latent: 19.985, KLD_decoder_params_norm: 248.122, Time: 51747.53 |
|Train : Update 310000. Negative ELBO : 1426.533, BCE: 1159.092, KLD_latent: 19.836, KLD_decoder_params_norm: 247.605, Time: 51913.64 |
|Train : Update 311000. Negative ELBO : 1454.830, BCE: 1186.963, KLD_latent: 20.698, KLD_decoder_params_norm: 247.169, Time: 52081.34 |
|Train : Update 312000. Negative ELBO : 1464.777, BCE: 1197.728, KLD_latent: 20.467, KLD_decoder_params_norm: 246.582, Time: 52249.59 |
|Train : Update 313000. Negative ELBO : 1432.627, BCE: 1166.765, KLD_latent: 19.787, KLD_decoder_params_norm: 246.075, Time: 52413.84 |
|Train : Update 314000. Negative ELBO : 1408.376, BCE: 1143.781, KLD_latent: 19.045, KLD_decoder_params_norm: 245.551, Time: 52585.33 |
|Train : Update 315000. Negative ELBO : 1444.176, BCE: 1178.401, KLD_latent: 20.719, KLD_decoder_params_norm: 245.056, Time: 52750.60 |
|Train : Update 316000. Negative ELBO : 1437.295, BCE: 1172.707, KLD_latent: 20.094, KLD_decoder_params_norm: 244.495, Time: 52917.96 |
|Train : Update 317000. Negative ELBO : 1461.367, BCE: 1196.713, KLD_latent: 20.713, KLD_decoder_params_norm: 243.941, Time: 53085.63 |
|Train : Update 318000. Negative ELBO : 1413.403, BCE: 1149.703, KLD_latent: 20.351, KLD_decoder_params_norm: 243.349, Time: 53250.88 |
|Train : Update 319000. Negative ELBO : 1417.653, BCE: 1152.653, KLD_latent: 22.120, KLD_decoder_params_norm: 242.879, Time: 53421.64 |
|Train : Update 320000. Negative ELBO : 1430.995, BCE: 1167.836, KLD_latent: 20.833, KLD_decoder_params_norm: 242.326, Time: 53584.34 |
|Train : Update 321000. Negative ELBO : 1383.638, BCE: 1121.999, KLD_latent: 19.850, KLD_decoder_params_norm: 241.789, Time: 53753.87 |
|Train : Update 322000. Negative ELBO : 1442.834, BCE: 1180.803, KLD_latent: 20.734, KLD_decoder_params_norm: 241.297, Time: 53918.65 |
|Train : Update 323000. Negative ELBO : 1433.695, BCE: 1172.913, KLD_latent: 20.011, KLD_decoder_params_norm: 240.770, Time: 54084.88 |
|Train : Update 324000. Negative ELBO : 1409.970, BCE: 1149.278, KLD_latent: 20.383, KLD_decoder_params_norm: 240.309, Time: 54253.93 |
|Train : Update 325000. Negative ELBO : 1439.463, BCE: 1179.718, KLD_latent: 19.884, KLD_decoder_params_norm: 239.861, Time: 54419.20 |
|Train : Update 326000. Negative ELBO : 1446.851, BCE: 1187.096, KLD_latent: 20.411, KLD_decoder_params_norm: 239.344, Time: 54589.34 |
|Train : Update 327000. Negative ELBO : 1422.501, BCE: 1163.584, KLD_latent: 20.023, KLD_decoder_params_norm: 238.894, Time: 54750.70 |
|Train : Update 328000. Negative ELBO : 1450.133, BCE: 1190.747, KLD_latent: 21.007, KLD_decoder_params_norm: 238.378, Time: 54920.91 |
|Train : Update 329000. Negative ELBO : 1461.361, BCE: 1202.870, KLD_latent: 20.534, KLD_decoder_params_norm: 237.957, Time: 55087.53 |
|Train : Update 330000. Negative ELBO : 1389.173, BCE: 1130.700, KLD_latent: 20.892, KLD_decoder_params_norm: 237.581, Time: 55255.78 |
|Train : Update 331000. Negative ELBO : 1428.113, BCE: 1170.094, KLD_latent: 20.806, KLD_decoder_params_norm: 237.214, Time: 55423.62 |
|Train : Update 332000. Negative ELBO : 1395.281, BCE: 1138.669, KLD_latent: 19.746, KLD_decoder_params_norm: 236.866, Time: 55588.68 |
|Train : Update 333000. Negative ELBO : 1418.049, BCE: 1160.689, KLD_latent: 20.960, KLD_decoder_params_norm: 236.401, Time: 55758.58 |
|Train : Update 334000. Negative ELBO : 1418.189, BCE: 1162.071, KLD_latent: 20.139, KLD_decoder_params_norm: 235.980, Time: 55921.51 |
|Train : Update 335000. Negative ELBO : 1400.850, BCE: 1143.984, KLD_latent: 21.305, KLD_decoder_params_norm: 235.561, Time: 56091.49 |
|Train : Update 336000. Negative ELBO : 1435.690, BCE: 1178.089, KLD_latent: 22.457, KLD_decoder_params_norm: 235.144, Time: 56256.27 |
|Train : Update 337000. Negative ELBO : 1410.575, BCE: 1156.219, KLD_latent: 19.587, KLD_decoder_params_norm: 234.769, Time: 56424.12 |
|Train : Update 338000. Negative ELBO : 1415.789, BCE: 1161.076, KLD_latent: 20.281, KLD_decoder_params_norm: 234.431, Time: 56593.38 |
|Train : Update 339000. Negative ELBO : 1410.291, BCE: 1155.542, KLD_latent: 20.641, KLD_decoder_params_norm: 234.108, Time: 56758.92 |
|Train : Update 340000. Negative ELBO : 1417.324, BCE: 1161.344, KLD_latent: 22.230, KLD_decoder_params_norm: 233.750, Time: 56930.07 |
|Train : Update 341000. Negative ELBO : 1436.165, BCE: 1181.672, KLD_latent: 21.099, KLD_decoder_params_norm: 233.394, Time: 57093.28 |
|Train : Update 342000. Negative ELBO : 1391.829, BCE: 1138.451, KLD_latent: 20.381, KLD_decoder_params_norm: 232.996, Time: 57262.67 |
|Train : Update 343000. Negative ELBO : 1397.524, BCE: 1145.157, KLD_latent: 19.647, KLD_decoder_params_norm: 232.720, Time: 57428.84 |
|Train : Update 344000. Negative ELBO : 1421.213, BCE: 1168.915, KLD_latent: 19.833, KLD_decoder_params_norm: 232.465, Time: 57596.01 |
|Train : Update 345000. Negative ELBO : 1424.811, BCE: 1171.770, KLD_latent: 20.913, KLD_decoder_params_norm: 232.128, Time: 57763.38 |
|Train : Update 346000. Negative ELBO : 1407.348, BCE: 1154.463, KLD_latent: 21.006, KLD_decoder_params_norm: 231.878, Time: 57926.88 |
|Train : Update 347000. Negative ELBO : 1402.886, BCE: 1150.984, KLD_latent: 20.361, KLD_decoder_params_norm: 231.541, Time: 58097.19 |
|Train : Update 348000. Negative ELBO : 1405.765, BCE: 1154.339, KLD_latent: 20.125, KLD_decoder_params_norm: 231.301, Time: 58261.90 |
|Train : Update 349000. Negative ELBO : 1411.434, BCE: 1160.349, KLD_latent: 20.071, KLD_decoder_params_norm: 231.014, Time: 58432.12 |
|Train : Update 350000. Negative ELBO : 1418.659, BCE: 1167.215, KLD_latent: 20.699, KLD_decoder_params_norm: 230.745, Time: 58598.25 |
|Train : Update 351000. Negative ELBO : 1403.292, BCE: 1153.861, KLD_latent: 19.006, KLD_decoder_params_norm: 230.424, Time: 58763.90 |
|Train : Update 352000. Negative ELBO : 1452.185, BCE: 1200.459, KLD_latent: 21.564, KLD_decoder_params_norm: 230.162, Time: 58931.84 |
|Train : Update 353000. Negative ELBO : 1412.061, BCE: 1161.267, KLD_latent: 20.831, KLD_decoder_params_norm: 229.963, Time: 59095.53 |
|Train : Update 354000. Negative ELBO : 1406.292, BCE: 1156.224, KLD_latent: 20.414, KLD_decoder_params_norm: 229.654, Time: 59265.92 |
|Train : Update 355000. Negative ELBO : 1383.008, BCE: 1133.669, KLD_latent: 20.007, KLD_decoder_params_norm: 229.333, Time: 59429.72 |
|Train : Update 356000. Negative ELBO : 1426.886, BCE: 1177.250, KLD_latent: 20.500, KLD_decoder_params_norm: 229.136, Time: 59598.70 |
|Train : Update 357000. Negative ELBO : 1389.017, BCE: 1139.428, KLD_latent: 20.685, KLD_decoder_params_norm: 228.905, Time: 59764.74 |
|Train : Update 358000. Negative ELBO : 1418.970, BCE: 1170.610, KLD_latent: 19.745, KLD_decoder_params_norm: 228.614, Time: 59931.94 |
|Train : Update 359000. Negative ELBO : 1406.717, BCE: 1158.058, KLD_latent: 20.308, KLD_decoder_params_norm: 228.351, Time: 60101.39 |
|Train : Update 360000. Negative ELBO : 1397.061, BCE: 1148.506, KLD_latent: 20.469, KLD_decoder_params_norm: 228.086, Time: 60265.37 |
|Train : Update 361000. Negative ELBO : 1414.800, BCE: 1166.482, KLD_latent: 20.442, KLD_decoder_params_norm: 227.875, Time: 60435.08 |
|Train : Update 362000. Negative ELBO : 1402.009, BCE: 1153.414, KLD_latent: 20.941, KLD_decoder_params_norm: 227.655, Time: 60598.83 |
|Train : Update 363000. Negative ELBO : 1371.314, BCE: 1124.971, KLD_latent: 18.827, KLD_decoder_params_norm: 227.517, Time: 60767.57 |
|Train : Update 364000. Negative ELBO : 1387.401, BCE: 1140.352, KLD_latent: 19.798, KLD_decoder_params_norm: 227.251, Time: 60934.08 |
|Train : Update 365000. Negative ELBO : 1416.095, BCE: 1168.699, KLD_latent: 20.378, KLD_decoder_params_norm: 227.019, Time: 61101.19 |
|Train : Update 366000. Negative ELBO : 1397.578, BCE: 1149.410, KLD_latent: 21.409, KLD_decoder_params_norm: 226.760, Time: 61271.78 |
|Train : Update 367000. Negative ELBO : 1377.034, BCE: 1130.930, KLD_latent: 19.511, KLD_decoder_params_norm: 226.593, Time: 61436.50 |
|Train : Update 368000. Negative ELBO : 1428.064, BCE: 1181.697, KLD_latent: 20.003, KLD_decoder_params_norm: 226.364, Time: 61609.30 |
|Train : Update 369000. Negative ELBO : 1402.773, BCE: 1155.639, KLD_latent: 20.989, KLD_decoder_params_norm: 226.144, Time: 61774.20 |
|Train : Update 370000. Negative ELBO : 1391.885, BCE: 1145.184, KLD_latent: 20.768, KLD_decoder_params_norm: 225.933, Time: 61943.25 |
|Train : Update 371000. Negative ELBO : 1436.019, BCE: 1189.417, KLD_latent: 20.937, KLD_decoder_params_norm: 225.665, Time: 62109.28 |
|Train : Update 372000. Negative ELBO : 1425.202, BCE: 1178.076, KLD_latent: 21.679, KLD_decoder_params_norm: 225.447, Time: 62275.16 |
|Train : Update 373000. Negative ELBO : 1424.666, BCE: 1179.138, KLD_latent: 20.277, KLD_decoder_params_norm: 225.251, Time: 62444.15 |
|Train : Update 374000. Negative ELBO : 1406.467, BCE: 1160.878, KLD_latent: 20.562, KLD_decoder_params_norm: 225.027, Time: 62608.73 |
|Train : Update 375000. Negative ELBO : 1367.926, BCE: 1123.566, KLD_latent: 19.521, KLD_decoder_params_norm: 224.839, Time: 62778.05 |
|Train : Update 376000. Negative ELBO : 1389.717, BCE: 1144.781, KLD_latent: 20.310, KLD_decoder_params_norm: 224.626, Time: 62941.51 |
|Train : Update 377000. Negative ELBO : 1405.035, BCE: 1159.411, KLD_latent: 21.218, KLD_decoder_params_norm: 224.406, Time: 63110.42 |
|Train : Update 378000. Negative ELBO : 1378.178, BCE: 1133.692, KLD_latent: 20.285, KLD_decoder_params_norm: 224.201, Time: 63275.89 |
|Train : Update 379000. Negative ELBO : 1408.686, BCE: 1164.035, KLD_latent: 20.594, KLD_decoder_params_norm: 224.057, Time: 63443.11 |
|Train : Update 380000. Negative ELBO : 1453.551, BCE: 1208.470, KLD_latent: 21.229, KLD_decoder_params_norm: 223.851, Time: 63611.54 |
|Train : Update 381000. Negative ELBO : 1397.286, BCE: 1153.188, KLD_latent: 20.465, KLD_decoder_params_norm: 223.633, Time: 63776.06 |
|Train : Update 382000. Negative ELBO : 1395.085, BCE: 1151.810, KLD_latent: 19.848, KLD_decoder_params_norm: 223.427, Time: 63945.90 |
|Train : Update 383000. Negative ELBO : 1415.186, BCE: 1171.864, KLD_latent: 20.088, KLD_decoder_params_norm: 223.233, Time: 64111.00 |
|Train : Update 384000. Negative ELBO : 1365.841, BCE: 1123.513, KLD_latent: 19.237, KLD_decoder_params_norm: 223.092, Time: 64279.90 |
|Train : Update 385000. Negative ELBO : 1377.892, BCE: 1135.179, KLD_latent: 19.834, KLD_decoder_params_norm: 222.879, Time: 64448.24 |
|Train : Update 386000. Negative ELBO : 1426.635, BCE: 1183.146, KLD_latent: 20.726, KLD_decoder_params_norm: 222.764, Time: 64615.07 |
|Train : Update 387000. Negative ELBO : 1381.937, BCE: 1139.013, KLD_latent: 20.343, KLD_decoder_params_norm: 222.581, Time: 64784.16 |
|Train : Update 388000. Negative ELBO : 1418.567, BCE: 1175.313, KLD_latent: 20.840, KLD_decoder_params_norm: 222.414, Time: 64947.77 |
|Train : Update 389000. Negative ELBO : 1396.121, BCE: 1153.745, KLD_latent: 20.101, KLD_decoder_params_norm: 222.274, Time: 65118.95 |
|Train : Update 390000. Negative ELBO : 1397.411, BCE: 1155.447, KLD_latent: 19.898, KLD_decoder_params_norm: 222.066, Time: 65282.78 |
|Train : Update 391000. Negative ELBO : 1372.937, BCE: 1130.921, KLD_latent: 20.128, KLD_decoder_params_norm: 221.887, Time: 65451.55 |
|Train : Update 392000. Negative ELBO : 1392.889, BCE: 1150.063, KLD_latent: 21.081, KLD_decoder_params_norm: 221.744, Time: 65618.76 |
|Train : Update 393000. Negative ELBO : 1393.917, BCE: 1151.524, KLD_latent: 20.808, KLD_decoder_params_norm: 221.585, Time: 65784.54 |
|Train : Update 394000. Negative ELBO : 1364.229, BCE: 1123.092, KLD_latent: 19.681, KLD_decoder_params_norm: 221.455, Time: 65953.53 |
|Train : Update 395000. Negative ELBO : 1388.447, BCE: 1146.867, KLD_latent: 20.315, KLD_decoder_params_norm: 221.265, Time: 66116.32 |
|Train : Update 396000. Negative ELBO : 1392.035, BCE: 1149.907, KLD_latent: 20.987, KLD_decoder_params_norm: 221.140, Time: 66285.72 |
|Train : Update 397000. Negative ELBO : 1399.692, BCE: 1158.176, KLD_latent: 20.502, KLD_decoder_params_norm: 221.014, Time: 66450.15 |
|Train : Update 398000. Negative ELBO : 1386.904, BCE: 1145.200, KLD_latent: 20.840, KLD_decoder_params_norm: 220.864, Time: 66617.92 |
|Train : Update 399000. Negative ELBO : 1387.601, BCE: 1146.941, KLD_latent: 19.972, KLD_decoder_params_norm: 220.688, Time: 66785.18 |
