mutant,mutated_sequence,DMS_score,esm1b_t33_650M_UR50S
E247G:R277L:Y286K,MAANGSQRPIIAFMSDLGTTDDSVAQCKGLMHSICPGVTVVDVCHSMTPWDVEEGARYIVDLPRFFPEGTVFATTTYPATGTTTRSVAVRIRQAAKGGARGQWAGSGDGFERADGSYIYIAPNNGLLTTVLEEHGYIEAYEVTSTKVIPANPEPTFYSREMVAIPSAHLAAGFPLAEVGRRLDDSEIVRFHRPAVEISGEALSGVVTAIDHPFGNIWTNIHRTDLEKAGIGQGKHLKIILDDVLPFGAPLTPTFADAGAIGNIAFYLNSRGYLSLALNAASLAYPKNLKAGLKVRVEAR,16.31,-12.981902599334717
D241G:E247V,MAANGSQRPIIAFMSDLGTTDDSVAQCKGLMHSICPGVTVVDVCHSMTPWDVEEGARYIVDLPRFFPEGTVFATTTYPATGTTTRSVAVRIRQAAKGGARGQWAGSGDGFERADGSYIYIAPNNGLLTTVLEEHGYIEAYEVTSTKVIPANPEPTFYSREMVAIPSAHLAAGFPLAEVGRRLDDSEIVRFHRPAVEISGEALSGVVTAIDHPFGNIWTNIHRTDLEKAGIGQGKHLKIILGDVLPFVAPLTPTFADAGAIGNIAFYLNSRGYLSLARNAASLAYPYNLKAGLKVRVEAR,31.38,-7.457668781280518
P285R:N287P,MAANGSQRPIIAFMSDLGTTDDSVAQCKGLMHSICPGVTVVDVCHSMTPWDVEEGARYIVDLPRFFPEGTVFATTTYPATGTTTRSVAVRIRQAAKGGARGQWAGSGDGFERADGSYIYIAPNNGLLTTVLEEHGYIEAYEVTSTKVIPANPEPTFYSREMVAIPSAHLAAGFPLAEVGRRLDDSEIVRFHRPAVEISGEALSGVVTAIDHPFGNIWTNIHRTDLEKAGIGQGKHLKIILDDVLPFEAPLTPTFADAGAIGNIAFYLNSRGYLSLARNAASLAYRYPLKAGLKVRVEAR,12.97,-4.982571840286255
K237T:E247D:Y286P,MAANGSQRPIIAFMSDLGTTDDSVAQCKGLMHSICPGVTVVDVCHSMTPWDVEEGARYIVDLPRFFPEGTVFATTTYPATGTTTRSVAVRIRQAAKGGARGQWAGSGDGFERADGSYIYIAPNNGLLTTVLEEHGYIEAYEVTSTKVIPANPEPTFYSREMVAIPSAHLAAGFPLAEVGRRLDDSEIVRFHRPAVEISGEALSGVVTAIDHPFGNIWTNIHRTDLEKAGIGQGKHLTIILDDVLPFDAPLTPTFADAGAIGNIAFYLNSRGYLSLARNAASLAYPPNLKAGLKVRVEAR,4.6,-14.507022619247437
P285V:Y286A:N287R,MAANGSQRPIIAFMSDLGTTDDSVAQCKGLMHSICPGVTVVDVCHSMTPWDVEEGARYIVDLPRFFPEGTVFATTTYPATGTTTRSVAVRIRQAAKGGARGQWAGSGDGFERADGSYIYIAPNNGLLTTVLEEHGYIEAYEVTSTKVIPANPEPTFYSREMVAIPSAHLAAGFPLAEVGRRLDDSEIVRFHRPAVEISGEALSGVVTAIDHPFGNIWTNIHRTDLEKAGIGQGKHLKIILDDVLPFEAPLTPTFADAGAIGNIAFYLNSRGYLSLARNAASLAYVARLKAGLKVRVEAR,2.4,-11.026476383209229
P285G:N287L,MAANGSQRPIIAFMSDLGTTDDSVAQCKGLMHSICPGVTVVDVCHSMTPWDVEEGARYIVDLPRFFPEGTVFATTTYPATGTTTRSVAVRIRQAAKGGARGQWAGSGDGFERADGSYIYIAPNNGLLTTVLEEHGYIEAYEVTSTKVIPANPEPTFYSREMVAIPSAHLAAGFPLAEVGRRLDDSEIVRFHRPAVEISGEALSGVVTAIDHPFGNIWTNIHRTDLEKAGIGQGKHLKIILDDVLPFEAPLTPTFADAGAIGNIAFYLNSRGYLSLARNAASLAYGYLLKAGLKVRVEAR,1.71,-8.047367095947266
E247S,MAANGSQRPIIAFMSDLGTTDDSVAQCKGLMHSICPGVTVVDVCHSMTPWDVEEGARYIVDLPRFFPEGTVFATTTYPATGTTTRSVAVRIRQAAKGGARGQWAGSGDGFERADGSYIYIAPNNGLLTTVLEEHGYIEAYEVTSTKVIPANPEPTFYSREMVAIPSAHLAAGFPLAEVGRRLDDSEIVRFHRPAVEISGEALSGVVTAIDHPFGNIWTNIHRTDLEKAGIGQGKHLKIILDDVLPFSAPLTPTFADAGAIGNIAFYLNSRGYLSLARNAASLAYPYNLKAGLKVRVEAR,99.43,-4.634041786193848
D241G:E247M:N287L,MAANGSQRPIIAFMSDLGTTDDSVAQCKGLMHSICPGVTVVDVCHSMTPWDVEEGARYIVDLPRFFPEGTVFATTTYPATGTTTRSVAVRIRQAAKGGARGQWAGSGDGFERADGSYIYIAPNNGLLTTVLEEHGYIEAYEVTSTKVIPANPEPTFYSREMVAIPSAHLAAGFPLAEVGRRLDDSEIVRFHRPAVEISGEALSGVVTAIDHPFGNIWTNIHRTDLEKAGIGQGKHLKIILGDVLPFMAPLTPTFADAGAIGNIAFYLNSRGYLSLARNAASLAYPYLLKAGLKVRVEAR,0.0,-15.261330604553223
E247V:R277F:N287K,MAANGSQRPIIAFMSDLGTTDDSVAQCKGLMHSICPGVTVVDVCHSMTPWDVEEGARYIVDLPRFFPEGTVFATTTYPATGTTTRSVAVRIRQAAKGGARGQWAGSGDGFERADGSYIYIAPNNGLLTTVLEEHGYIEAYEVTSTKVIPANPEPTFYSREMVAIPSAHLAAGFPLAEVGRRLDDSEIVRFHRPAVEISGEALSGVVTAIDHPFGNIWTNIHRTDLEKAGIGQGKHLKIILDDVLPFVAPLTPTFADAGAIGNIAFYLNSRGYLSLAFNAASLAYPYKLKAGLKVRVEAR,0.0,-12.383764743804932
E247N:R277G:Y286N,MAANGSQRPIIAFMSDLGTTDDSVAQCKGLMHSICPGVTVVDVCHSMTPWDVEEGARYIVDLPRFFPEGTVFATTTYPATGTTTRSVAVRIRQAAKGGARGQWAGSGDGFERADGSYIYIAPNNGLLTTVLEEHGYIEAYEVTSTKVIPANPEPTFYSREMVAIPSAHLAAGFPLAEVGRRLDDSEIVRFHRPAVEISGEALSGVVTAIDHPFGNIWTNIHRTDLEKAGIGQGKHLKIILDDVLPFNAPLTPTFADAGAIGNIAFYLNSRGYLSLAGNAASLAYPNNLKAGLKVRVEAR,0.0,-16.59759521484375
E247D,MAANGSQRPIIAFMSDLGTTDDSVAQCKGLMHSICPGVTVVDVCHSMTPWDVEEGARYIVDLPRFFPEGTVFATTTYPATGTTTRSVAVRIRQAAKGGARGQWAGSGDGFERADGSYIYIAPNNGLLTTVLEEHGYIEAYEVTSTKVIPANPEPTFYSREMVAIPSAHLAAGFPLAEVGRRLDDSEIVRFHRPAVEISGEALSGVVTAIDHPFGNIWTNIHRTDLEKAGIGQGKHLKIILDDVLPFDAPLTPTFADAGAIGNIAFYLNSRGYLSLARNAASLAYPYNLKAGLKVRVEAR,9.39,-3.155205011367798
E247Y:P285D,MAANGSQRPIIAFMSDLGTTDDSVAQCKGLMHSICPGVTVVDVCHSMTPWDVEEGARYIVDLPRFFPEGTVFATTTYPATGTTTRSVAVRIRQAAKGGARGQWAGSGDGFERADGSYIYIAPNNGLLTTVLEEHGYIEAYEVTSTKVIPANPEPTFYSREMVAIPSAHLAAGFPLAEVGRRLDDSEIVRFHRPAVEISGEALSGVVTAIDHPFGNIWTNIHRTDLEKAGIGQGKHLKIILDDVLPFYAPLTPTFADAGAIGNIAFYLNSRGYLSLARNAASLAYDYNLKAGLKVRVEAR,96.0,-6.7733094692230225
D241E:E247L:Y286I,MAANGSQRPIIAFMSDLGTTDDSVAQCKGLMHSICPGVTVVDVCHSMTPWDVEEGARYIVDLPRFFPEGTVFATTTYPATGTTTRSVAVRIRQAAKGGARGQWAGSGDGFERADGSYIYIAPNNGLLTTVLEEHGYIEAYEVTSTKVIPANPEPTFYSREMVAIPSAHLAAGFPLAEVGRRLDDSEIVRFHRPAVEISGEALSGVVTAIDHPFGNIWTNIHRTDLEKAGIGQGKHLKIILEDVLPFLAPLTPTFADAGAIGNIAFYLNSRGYLSLARNAASLAYPINLKAGLKVRVEAR,0.0,-15.866464138031006
Y286P:N287H,MAANGSQRPIIAFMSDLGTTDDSVAQCKGLMHSICPGVTVVDVCHSMTPWDVEEGARYIVDLPRFFPEGTVFATTTYPATGTTTRSVAVRIRQAAKGGARGQWAGSGDGFERADGSYIYIAPNNGLLTTVLEEHGYIEAYEVTSTKVIPANPEPTFYSREMVAIPSAHLAAGFPLAEVGRRLDDSEIVRFHRPAVEISGEALSGVVTAIDHPFGNIWTNIHRTDLEKAGIGQGKHLKIILDDVLPFEAPLTPTFADAGAIGNIAFYLNSRGYLSLARNAASLAYPPHLKAGLKVRVEAR,0.0,-12.6922287940979
R277W:Y286S:N287K,MAANGSQRPIIAFMSDLGTTDDSVAQCKGLMHSICPGVTVVDVCHSMTPWDVEEGARYIVDLPRFFPEGTVFATTTYPATGTTTRSVAVRIRQAAKGGARGQWAGSGDGFERADGSYIYIAPNNGLLTTVLEEHGYIEAYEVTSTKVIPANPEPTFYSREMVAIPSAHLAAGFPLAEVGRRLDDSEIVRFHRPAVEISGEALSGVVTAIDHPFGNIWTNIHRTDLEKAGIGQGKHLKIILDDVLPFEAPLTPTFADAGAIGNIAFYLNSRGYLSLAWNAASLAYPSKLKAGLKVRVEAR,0.0,-17.041078567504883
R277F:N287L,MAANGSQRPIIAFMSDLGTTDDSVAQCKGLMHSICPGVTVVDVCHSMTPWDVEEGARYIVDLPRFFPEGTVFATTTYPATGTTTRSVAVRIRQAAKGGARGQWAGSGDGFERADGSYIYIAPNNGLLTTVLEEHGYIEAYEVTSTKVIPANPEPTFYSREMVAIPSAHLAAGFPLAEVGRRLDDSEIVRFHRPAVEISGEALSGVVTAIDHPFGNIWTNIHRTDLEKAGIGQGKHLKIILDDVLPFEAPLTPTFADAGAIGNIAFYLNSRGYLSLAFNAASLAYPYLLKAGLKVRVEAR,0.0,-10.280145645141602
P285L:Y286I,MAANGSQRPIIAFMSDLGTTDDSVAQCKGLMHSICPGVTVVDVCHSMTPWDVEEGARYIVDLPRFFPEGTVFATTTYPATGTTTRSVAVRIRQAAKGGARGQWAGSGDGFERADGSYIYIAPNNGLLTTVLEEHGYIEAYEVTSTKVIPANPEPTFYSREMVAIPSAHLAAGFPLAEVGRRLDDSEIVRFHRPAVEISGEALSGVVTAIDHPFGNIWTNIHRTDLEKAGIGQGKHLKIILDDVLPFEAPLTPTFADAGAIGNIAFYLNSRGYLSLARNAASLAYLINLKAGLKVRVEAR,75.28736,-7.234328269958496
K237Q:D241E:R277F:P285Q:Y286I,MAANGSQRPIIAFMSDLGTTDDSVAQCKGLMHSICPGVTVVDVCHSMTPWDVEEGARYIVDLPRFFPEGTVFATTTYPATGTTTRSVAVRIRQAAKGGARGQWAGSGDGFERADGSYIYIAPNNGLLTTVLEEHGYIEAYEVTSTKVIPANPEPTFYSREMVAIPSAHLAAGFPLAEVGRRLDDSEIVRFHRPAVEISGEALSGVVTAIDHPFGNIWTNIHRTDLEKAGIGQGKHLQIILEDVLPFEAPLTPTFADAGAIGNIAFYLNSRGYLSLAFNAASLAYQINLKAGLKVRVEAR,0.0,-20.56295680999756
N287T,MAANGSQRPIIAFMSDLGTTDDSVAQCKGLMHSICPGVTVVDVCHSMTPWDVEEGARYIVDLPRFFPEGTVFATTTYPATGTTTRSVAVRIRQAAKGGARGQWAGSGDGFERADGSYIYIAPNNGLLTTVLEEHGYIEAYEVTSTKVIPANPEPTFYSREMVAIPSAHLAAGFPLAEVGRRLDDSEIVRFHRPAVEISGEALSGVVTAIDHPFGNIWTNIHRTDLEKAGIGQGKHLKIILDDVLPFEAPLTPTFADAGAIGNIAFYLNSRGYLSLARNAASLAYPYTLKAGLKVRVEAR,48.85057,-5.869470596313477
K237M:D241I:P285S:N287A,MAANGSQRPIIAFMSDLGTTDDSVAQCKGLMHSICPGVTVVDVCHSMTPWDVEEGARYIVDLPRFFPEGTVFATTTYPATGTTTRSVAVRIRQAAKGGARGQWAGSGDGFERADGSYIYIAPNNGLLTTVLEEHGYIEAYEVTSTKVIPANPEPTFYSREMVAIPSAHLAAGFPLAEVGRRLDDSEIVRFHRPAVEISGEALSGVVTAIDHPFGNIWTNIHRTDLEKAGIGQGKHLMIILIDVLPFEAPLTPTFADAGAIGNIAFYLNSRGYLSLARNAASLAYSYALKAGLKVRVEAR,0.0,-20.932812690734863
K237I:E247I:R277V:Y286T:N287S,MAANGSQRPIIAFMSDLGTTDDSVAQCKGLMHSICPGVTVVDVCHSMTPWDVEEGARYIVDLPRFFPEGTVFATTTYPATGTTTRSVAVRIRQAAKGGARGQWAGSGDGFERADGSYIYIAPNNGLLTTVLEEHGYIEAYEVTSTKVIPANPEPTFYSREMVAIPSAHLAAGFPLAEVGRRLDDSEIVRFHRPAVEISGEALSGVVTAIDHPFGNIWTNIHRTDLEKAGIGQGKHLIIILDDVLPFIAPLTPTFADAGAIGNIAFYLNSRGYLSLAVNAASLAYPTSLKAGLKVRVEAR,0.0,-21.06274104118347
K237N:E247N:Y286L:N287T,MAANGSQRPIIAFMSDLGTTDDSVAQCKGLMHSICPGVTVVDVCHSMTPWDVEEGARYIVDLPRFFPEGTVFATTTYPATGTTTRSVAVRIRQAAKGGARGQWAGSGDGFERADGSYIYIAPNNGLLTTVLEEHGYIEAYEVTSTKVIPANPEPTFYSREMVAIPSAHLAAGFPLAEVGRRLDDSEIVRFHRPAVEISGEALSGVVTAIDHPFGNIWTNIHRTDLEKAGIGQGKHLNIILDDVLPFNAPLTPTFADAGAIGNIAFYLNSRGYLSLARNAASLAYPLTLKAGLKVRVEAR,1.724138,-18.81470775604248
N287Y,MAANGSQRPIIAFMSDLGTTDDSVAQCKGLMHSICPGVTVVDVCHSMTPWDVEEGARYIVDLPRFFPEGTVFATTTYPATGTTTRSVAVRIRQAAKGGARGQWAGSGDGFERADGSYIYIAPNNGLLTTVLEEHGYIEAYEVTSTKVIPANPEPTFYSREMVAIPSAHLAAGFPLAEVGRRLDDSEIVRFHRPAVEISGEALSGVVTAIDHPFGNIWTNIHRTDLEKAGIGQGKHLKIILDDVLPFEAPLTPTFADAGAIGNIAFYLNSRGYLSLARNAASLAYPYYLKAGLKVRVEAR,95.97701,-7.025078296661377
D241H:R277W:P285N,MAANGSQRPIIAFMSDLGTTDDSVAQCKGLMHSICPGVTVVDVCHSMTPWDVEEGARYIVDLPRFFPEGTVFATTTYPATGTTTRSVAVRIRQAAKGGARGQWAGSGDGFERADGSYIYIAPNNGLLTTVLEEHGYIEAYEVTSTKVIPANPEPTFYSREMVAIPSAHLAAGFPLAEVGRRLDDSEIVRFHRPAVEISGEALSGVVTAIDHPFGNIWTNIHRTDLEKAGIGQGKHLKIILHDVLPFEAPLTPTFADAGAIGNIAFYLNSRGYLSLAWNAASLAYNYNLKAGLKVRVEAR,0.0,-15.814489364624023
K237Y:R277M:P285S,MAANGSQRPIIAFMSDLGTTDDSVAQCKGLMHSICPGVTVVDVCHSMTPWDVEEGARYIVDLPRFFPEGTVFATTTYPATGTTTRSVAVRIRQAAKGGARGQWAGSGDGFERADGSYIYIAPNNGLLTTVLEEHGYIEAYEVTSTKVIPANPEPTFYSREMVAIPSAHLAAGFPLAEVGRRLDDSEIVRFHRPAVEISGEALSGVVTAIDHPFGNIWTNIHRTDLEKAGIGQGKHLYIILDDVLPFEAPLTPTFADAGAIGNIAFYLNSRGYLSLAMNAASLAYSYNLKAGLKVRVEAR,18.3908,-11.041571140289307
K237L:E247R:Y286P:N287S,MAANGSQRPIIAFMSDLGTTDDSVAQCKGLMHSICPGVTVVDVCHSMTPWDVEEGARYIVDLPRFFPEGTVFATTTYPATGTTTRSVAVRIRQAAKGGARGQWAGSGDGFERADGSYIYIAPNNGLLTTVLEEHGYIEAYEVTSTKVIPANPEPTFYSREMVAIPSAHLAAGFPLAEVGRRLDDSEIVRFHRPAVEISGEALSGVVTAIDHPFGNIWTNIHRTDLEKAGIGQGKHLLIILDDVLPFRAPLTPTFADAGAIGNIAFYLNSRGYLSLARNAASLAYPPSLKAGLKVRVEAR,0.0,-23.106804370880127
D241S:N287M,MAANGSQRPIIAFMSDLGTTDDSVAQCKGLMHSICPGVTVVDVCHSMTPWDVEEGARYIVDLPRFFPEGTVFATTTYPATGTTTRSVAVRIRQAAKGGARGQWAGSGDGFERADGSYIYIAPNNGLLTTVLEEHGYIEAYEVTSTKVIPANPEPTFYSREMVAIPSAHLAAGFPLAEVGRRLDDSEIVRFHRPAVEISGEALSGVVTAIDHPFGNIWTNIHRTDLEKAGIGQGKHLKIILSDVLPFEAPLTPTFADAGAIGNIAFYLNSRGYLSLARNAASLAYPYMLKAGLKVRVEAR,0.574713,-13.169597625732422
Y286L:N287V,MAANGSQRPIIAFMSDLGTTDDSVAQCKGLMHSICPGVTVVDVCHSMTPWDVEEGARYIVDLPRFFPEGTVFATTTYPATGTTTRSVAVRIRQAAKGGARGQWAGSGDGFERADGSYIYIAPNNGLLTTVLEEHGYIEAYEVTSTKVIPANPEPTFYSREMVAIPSAHLAAGFPLAEVGRRLDDSEIVRFHRPAVEISGEALSGVVTAIDHPFGNIWTNIHRTDLEKAGIGQGKHLKIILDDVLPFEAPLTPTFADAGAIGNIAFYLNSRGYLSLARNAASLAYPLVLKAGLKVRVEAR,5.747126,-9.270485401153564
D241V:E247V:R277S:Y286L:N287P,MAANGSQRPIIAFMSDLGTTDDSVAQCKGLMHSICPGVTVVDVCHSMTPWDVEEGARYIVDLPRFFPEGTVFATTTYPATGTTTRSVAVRIRQAAKGGARGQWAGSGDGFERADGSYIYIAPNNGLLTTVLEEHGYIEAYEVTSTKVIPANPEPTFYSREMVAIPSAHLAAGFPLAEVGRRLDDSEIVRFHRPAVEISGEALSGVVTAIDHPFGNIWTNIHRTDLEKAGIGQGKHLKIILVDVLPFVAPLTPTFADAGAIGNIAFYLNSRGYLSLASNAASLAYPLPLKAGLKVRVEAR,0.0,-24.307430267333984
Y286V:N287D,MAANGSQRPIIAFMSDLGTTDDSVAQCKGLMHSICPGVTVVDVCHSMTPWDVEEGARYIVDLPRFFPEGTVFATTTYPATGTTTRSVAVRIRQAAKGGARGQWAGSGDGFERADGSYIYIAPNNGLLTTVLEEHGYIEAYEVTSTKVIPANPEPTFYSREMVAIPSAHLAAGFPLAEVGRRLDDSEIVRFHRPAVEISGEALSGVVTAIDHPFGNIWTNIHRTDLEKAGIGQGKHLKIILDDVLPFEAPLTPTFADAGAIGNIAFYLNSRGYLSLARNAASLAYPVDLKAGLKVRVEAR,3.835227,-9.786279201507568
K237Q:D241R:E247W:P285F:Y286A,MAANGSQRPIIAFMSDLGTTDDSVAQCKGLMHSICPGVTVVDVCHSMTPWDVEEGARYIVDLPRFFPEGTVFATTTYPATGTTTRSVAVRIRQAAKGGARGQWAGSGDGFERADGSYIYIAPNNGLLTTVLEEHGYIEAYEVTSTKVIPANPEPTFYSREMVAIPSAHLAAGFPLAEVGRRLDDSEIVRFHRPAVEISGEALSGVVTAIDHPFGNIWTNIHRTDLEKAGIGQGKHLQIILRDVLPFWAPLTPTFADAGAIGNIAFYLNSRGYLSLARNAASLAYFANLKAGLKVRVEAR,0.0,-25.04561185836792
D241S:N287H,MAANGSQRPIIAFMSDLGTTDDSVAQCKGLMHSICPGVTVVDVCHSMTPWDVEEGARYIVDLPRFFPEGTVFATTTYPATGTTTRSVAVRIRQAAKGGARGQWAGSGDGFERADGSYIYIAPNNGLLTTVLEEHGYIEAYEVTSTKVIPANPEPTFYSREMVAIPSAHLAAGFPLAEVGRRLDDSEIVRFHRPAVEISGEALSGVVTAIDHPFGNIWTNIHRTDLEKAGIGQGKHLKIILSDVLPFEAPLTPTFADAGAIGNIAFYLNSRGYLSLARNAASLAYPYHLKAGLKVRVEAR,80.39773,-10.174753189086914
P285R:N287T,MAANGSQRPIIAFMSDLGTTDDSVAQCKGLMHSICPGVTVVDVCHSMTPWDVEEGARYIVDLPRFFPEGTVFATTTYPATGTTTRSVAVRIRQAAKGGARGQWAGSGDGFERADGSYIYIAPNNGLLTTVLEEHGYIEAYEVTSTKVIPANPEPTFYSREMVAIPSAHLAAGFPLAEVGRRLDDSEIVRFHRPAVEISGEALSGVVTAIDHPFGNIWTNIHRTDLEKAGIGQGKHLKIILDDVLPFEAPLTPTFADAGAIGNIAFYLNSRGYLSLARNAASLAYRYTLKAGLKVRVEAR,94.88636,-5.635735273361206
E247H:R277F:N287K,MAANGSQRPIIAFMSDLGTTDDSVAQCKGLMHSICPGVTVVDVCHSMTPWDVEEGARYIVDLPRFFPEGTVFATTTYPATGTTTRSVAVRIRQAAKGGARGQWAGSGDGFERADGSYIYIAPNNGLLTTVLEEHGYIEAYEVTSTKVIPANPEPTFYSREMVAIPSAHLAAGFPLAEVGRRLDDSEIVRFHRPAVEISGEALSGVVTAIDHPFGNIWTNIHRTDLEKAGIGQGKHLKIILDDVLPFHAPLTPTFADAGAIGNIAFYLNSRGYLSLAFNAASLAYPYKLKAGLKVRVEAR,87.21591,-13.412594318389893
E247R:R277F:Y286P:N287D,MAANGSQRPIIAFMSDLGTTDDSVAQCKGLMHSICPGVTVVDVCHSMTPWDVEEGARYIVDLPRFFPEGTVFATTTYPATGTTTRSVAVRIRQAAKGGARGQWAGSGDGFERADGSYIYIAPNNGLLTTVLEEHGYIEAYEVTSTKVIPANPEPTFYSREMVAIPSAHLAAGFPLAEVGRRLDDSEIVRFHRPAVEISGEALSGVVTAIDHPFGNIWTNIHRTDLEKAGIGQGKHLKIILDDVLPFRAPLTPTFADAGAIGNIAFYLNSRGYLSLAFNAASLAYPPDLKAGLKVRVEAR,0.0,-20.5580153465271
P285T:N287T,MAANGSQRPIIAFMSDLGTTDDSVAQCKGLMHSICPGVTVVDVCHSMTPWDVEEGARYIVDLPRFFPEGTVFATTTYPATGTTTRSVAVRIRQAAKGGARGQWAGSGDGFERADGSYIYIAPNNGLLTTVLEEHGYIEAYEVTSTKVIPANPEPTFYSREMVAIPSAHLAAGFPLAEVGRRLDDSEIVRFHRPAVEISGEALSGVVTAIDHPFGNIWTNIHRTDLEKAGIGQGKHLKIILDDVLPFEAPLTPTFADAGAIGNIAFYLNSRGYLSLARNAASLAYTYTLKAGLKVRVEAR,0.0,-6.453573942184448
K237Y:R277L,MAANGSQRPIIAFMSDLGTTDDSVAQCKGLMHSICPGVTVVDVCHSMTPWDVEEGARYIVDLPRFFPEGTVFATTTYPATGTTTRSVAVRIRQAAKGGARGQWAGSGDGFERADGSYIYIAPNNGLLTTVLEEHGYIEAYEVTSTKVIPANPEPTFYSREMVAIPSAHLAAGFPLAEVGRRLDDSEIVRFHRPAVEISGEALSGVVTAIDHPFGNIWTNIHRTDLEKAGIGQGKHLYIILDDVLPFEAPLTPTFADAGAIGNIAFYLNSRGYLSLALNAASLAYPYNLKAGLKVRVEAR,1.136364,-7.965266227722168
E247A:R277I:P285I:Y286K,MAANGSQRPIIAFMSDLGTTDDSVAQCKGLMHSICPGVTVVDVCHSMTPWDVEEGARYIVDLPRFFPEGTVFATTTYPATGTTTRSVAVRIRQAAKGGARGQWAGSGDGFERADGSYIYIAPNNGLLTTVLEEHGYIEAYEVTSTKVIPANPEPTFYSREMVAIPSAHLAAGFPLAEVGRRLDDSEIVRFHRPAVEISGEALSGVVTAIDHPFGNIWTNIHRTDLEKAGIGQGKHLKIILDDVLPFAAPLTPTFADAGAIGNIAFYLNSRGYLSLAINAASLAYIKNLKAGLKVRVEAR,0.0,-14.302720069885254
K237L:D241A:P285D:Y286C,MAANGSQRPIIAFMSDLGTTDDSVAQCKGLMHSICPGVTVVDVCHSMTPWDVEEGARYIVDLPRFFPEGTVFATTTYPATGTTTRSVAVRIRQAAKGGARGQWAGSGDGFERADGSYIYIAPNNGLLTTVLEEHGYIEAYEVTSTKVIPANPEPTFYSREMVAIPSAHLAAGFPLAEVGRRLDDSEIVRFHRPAVEISGEALSGVVTAIDHPFGNIWTNIHRTDLEKAGIGQGKHLLIILADVLPFEAPLTPTFADAGAIGNIAFYLNSRGYLSLARNAASLAYDCNLKAGLKVRVEAR,1.704545,-19.653862237930298
D241S:E247S:R277L:P285H:Y286L,MAANGSQRPIIAFMSDLGTTDDSVAQCKGLMHSICPGVTVVDVCHSMTPWDVEEGARYIVDLPRFFPEGTVFATTTYPATGTTTRSVAVRIRQAAKGGARGQWAGSGDGFERADGSYIYIAPNNGLLTTVLEEHGYIEAYEVTSTKVIPANPEPTFYSREMVAIPSAHLAAGFPLAEVGRRLDDSEIVRFHRPAVEISGEALSGVVTAIDHPFGNIWTNIHRTDLEKAGIGQGKHLKIILSDVLPFSAPLTPTFADAGAIGNIAFYLNSRGYLSLALNAASLAYHLNLKAGLKVRVEAR,0.0,-16.80023956298828
