mutant,mutated_sequence,DMS_score,prediction_epistatic,prediction_independent
E247G:R277L:Y286K,MAANGSQRPIIAFMSDLGTTDDSVAQCKGLMHSICPGVTVVDVCHSMTPWDVEEGARYIVDLPRFFPEGTVFATTTYPATGTTTRSVAVRIRQAAKGGARGQWAGSGDGFERADGSYIYIAPNNGLLTTVLEEHGYIEAYEVTSTKVIPANPEPTFYSREMVAIPSAHLAAGFPLAEVGRRLDDSEIVRFHRPAVEISGEALSGVVTAIDHPFGNIWTNIHRTDLEKAGIGQGKHLKIILDDVLPFGAPLTPTFADAGAIGNIAFYLNSRGYLSLALNAASLAYPKNLKAGLKVRVEAR,16.31,-15.070965069799286,-5.476061261214094
D241G:E247V,MAANGSQRPIIAFMSDLGTTDDSVAQCKGLMHSICPGVTVVDVCHSMTPWDVEEGARYIVDLPRFFPEGTVFATTTYPATGTTTRSVAVRIRQAAKGGARGQWAGSGDGFERADGSYIYIAPNNGLLTTVLEEHGYIEAYEVTSTKVIPANPEPTFYSREMVAIPSAHLAAGFPLAEVGRRLDDSEIVRFHRPAVEISGEALSGVVTAIDHPFGNIWTNIHRTDLEKAGIGQGKHLKIILGDVLPFVAPLTPTFADAGAIGNIAFYLNSRGYLSLARNAASLAYPYNLKAGLKVRVEAR,31.38,-7.646223861709586,2.4079556114413547
P285R:N287P,MAANGSQRPIIAFMSDLGTTDDSVAQCKGLMHSICPGVTVVDVCHSMTPWDVEEGARYIVDLPRFFPEGTVFATTTYPATGTTTRSVAVRIRQAAKGGARGQWAGSGDGFERADGSYIYIAPNNGLLTTVLEEHGYIEAYEVTSTKVIPANPEPTFYSREMVAIPSAHLAAGFPLAEVGRRLDDSEIVRFHRPAVEISGEALSGVVTAIDHPFGNIWTNIHRTDLEKAGIGQGKHLKIILDDVLPFEAPLTPTFADAGAIGNIAFYLNSRGYLSLARNAASLAYRYPLKAGLKVRVEAR,12.97,-8.241575193460449,1.8540163184587835
K237T:E247D:Y286P,MAANGSQRPIIAFMSDLGTTDDSVAQCKGLMHSICPGVTVVDVCHSMTPWDVEEGARYIVDLPRFFPEGTVFATTTYPATGTTTRSVAVRIRQAAKGGARGQWAGSGDGFERADGSYIYIAPNNGLLTTVLEEHGYIEAYEVTSTKVIPANPEPTFYSREMVAIPSAHLAAGFPLAEVGRRLDDSEIVRFHRPAVEISGEALSGVVTAIDHPFGNIWTNIHRTDLEKAGIGQGKHLTIILDDVLPFDAPLTPTFADAGAIGNIAFYLNSRGYLSLARNAASLAYPPNLKAGLKVRVEAR,4.6,-12.789046739548212,-4.839058898380429
P285V:Y286A:N287R,MAANGSQRPIIAFMSDLGTTDDSVAQCKGLMHSICPGVTVVDVCHSMTPWDVEEGARYIVDLPRFFPEGTVFATTTYPATGTTTRSVAVRIRQAAKGGARGQWAGSGDGFERADGSYIYIAPNNGLLTTVLEEHGYIEAYEVTSTKVIPANPEPTFYSREMVAIPSAHLAAGFPLAEVGRRLDDSEIVRFHRPAVEISGEALSGVVTAIDHPFGNIWTNIHRTDLEKAGIGQGKHLKIILDDVLPFEAPLTPTFADAGAIGNIAFYLNSRGYLSLARNAASLAYVARLKAGLKVRVEAR,2.4,-14.281664805625041,0.528920149702979
P285G:N287L,MAANGSQRPIIAFMSDLGTTDDSVAQCKGLMHSICPGVTVVDVCHSMTPWDVEEGARYIVDLPRFFPEGTVFATTTYPATGTTTRSVAVRIRQAAKGGARGQWAGSGDGFERADGSYIYIAPNNGLLTTVLEEHGYIEAYEVTSTKVIPANPEPTFYSREMVAIPSAHLAAGFPLAEVGRRLDDSEIVRFHRPAVEISGEALSGVVTAIDHPFGNIWTNIHRTDLEKAGIGQGKHLKIILDDVLPFEAPLTPTFADAGAIGNIAFYLNSRGYLSLARNAASLAYGYLLKAGLKVRVEAR,1.71,-12.572617570476723,-1.8221060436902061
E247S,MAANGSQRPIIAFMSDLGTTDDSVAQCKGLMHSICPGVTVVDVCHSMTPWDVEEGARYIVDLPRFFPEGTVFATTTYPATGTTTRSVAVRIRQAAKGGARGQWAGSGDGFERADGSYIYIAPNNGLLTTVLEEHGYIEAYEVTSTKVIPANPEPTFYSREMVAIPSAHLAAGFPLAEVGRRLDDSEIVRFHRPAVEISGEALSGVVTAIDHPFGNIWTNIHRTDLEKAGIGQGKHLKIILDDVLPFSAPLTPTFADAGAIGNIAFYLNSRGYLSLARNAASLAYPYNLKAGLKVRVEAR,99.43,-2.282108553989019,-0.44037347255040327
D241G:E247M:N287L,MAANGSQRPIIAFMSDLGTTDDSVAQCKGLMHSICPGVTVVDVCHSMTPWDVEEGARYIVDLPRFFPEGTVFATTTYPATGTTTRSVAVRIRQAAKGGARGQWAGSGDGFERADGSYIYIAPNNGLLTTVLEEHGYIEAYEVTSTKVIPANPEPTFYSREMVAIPSAHLAAGFPLAEVGRRLDDSEIVRFHRPAVEISGEALSGVVTAIDHPFGNIWTNIHRTDLEKAGIGQGKHLKIILGDVLPFMAPLTPTFADAGAIGNIAFYLNSRGYLSLARNAASLAYPYLLKAGLKVRVEAR,0.0,-15.817169264730182,-3.6729584544637106
E247V:R277F:N287K,MAANGSQRPIIAFMSDLGTTDDSVAQCKGLMHSICPGVTVVDVCHSMTPWDVEEGARYIVDLPRFFPEGTVFATTTYPATGTTTRSVAVRIRQAAKGGARGQWAGSGDGFERADGSYIYIAPNNGLLTTVLEEHGYIEAYEVTSTKVIPANPEPTFYSREMVAIPSAHLAAGFPLAEVGRRLDDSEIVRFHRPAVEISGEALSGVVTAIDHPFGNIWTNIHRTDLEKAGIGQGKHLKIILDDVLPFVAPLTPTFADAGAIGNIAFYLNSRGYLSLAFNAASLAYPYKLKAGLKVRVEAR,0.0,-13.803711687351324,-1.2773403336119415
E247N:R277G:Y286N,MAANGSQRPIIAFMSDLGTTDDSVAQCKGLMHSICPGVTVVDVCHSMTPWDVEEGARYIVDLPRFFPEGTVFATTTYPATGTTTRSVAVRIRQAAKGGARGQWAGSGDGFERADGSYIYIAPNNGLLTTVLEEHGYIEAYEVTSTKVIPANPEPTFYSREMVAIPSAHLAAGFPLAEVGRRLDDSEIVRFHRPAVEISGEALSGVVTAIDHPFGNIWTNIHRTDLEKAGIGQGKHLKIILDDVLPFNAPLTPTFADAGAIGNIAFYLNSRGYLSLAGNAASLAYPNNLKAGLKVRVEAR,0.0,-17.343178997302175,-7.458044926458725
E247D,MAANGSQRPIIAFMSDLGTTDDSVAQCKGLMHSICPGVTVVDVCHSMTPWDVEEGARYIVDLPRFFPEGTVFATTTYPATGTTTRSVAVRIRQAAKGGARGQWAGSGDGFERADGSYIYIAPNNGLLTTVLEEHGYIEAYEVTSTKVIPANPEPTFYSREMVAIPSAHLAAGFPLAEVGRRLDDSEIVRFHRPAVEISGEALSGVVTAIDHPFGNIWTNIHRTDLEKAGIGQGKHLKIILDDVLPFDAPLTPTFADAGAIGNIAFYLNSRGYLSLARNAASLAYPYNLKAGLKVRVEAR,9.39,-2.7119659336458426,-1.0466777659707287
E247Y:P285D,MAANGSQRPIIAFMSDLGTTDDSVAQCKGLMHSICPGVTVVDVCHSMTPWDVEEGARYIVDLPRFFPEGTVFATTTYPATGTTTRSVAVRIRQAAKGGARGQWAGSGDGFERADGSYIYIAPNNGLLTTVLEEHGYIEAYEVTSTKVIPANPEPTFYSREMVAIPSAHLAAGFPLAEVGRRLDDSEIVRFHRPAVEISGEALSGVVTAIDHPFGNIWTNIHRTDLEKAGIGQGKHLKIILDDVLPFYAPLTPTFADAGAIGNIAFYLNSRGYLSLARNAASLAYDYNLKAGLKVRVEAR,96.0,-10.11242886922264,0.13641179834821093
D241E:E247L:Y286I,MAANGSQRPIIAFMSDLGTTDDSVAQCKGLMHSICPGVTVVDVCHSMTPWDVEEGARYIVDLPRFFPEGTVFATTTYPATGTTTRSVAVRIRQAAKGGARGQWAGSGDGFERADGSYIYIAPNNGLLTTVLEEHGYIEAYEVTSTKVIPANPEPTFYSREMVAIPSAHLAAGFPLAEVGRRLDDSEIVRFHRPAVEISGEALSGVVTAIDHPFGNIWTNIHRTDLEKAGIGQGKHLKIILEDVLPFLAPLTPTFADAGAIGNIAFYLNSRGYLSLARNAASLAYPINLKAGLKVRVEAR,0.0,-14.336046093376353,-1.4613870340196722
Y286P:N287H,MAANGSQRPIIAFMSDLGTTDDSVAQCKGLMHSICPGVTVVDVCHSMTPWDVEEGARYIVDLPRFFPEGTVFATTTYPATGTTTRSVAVRIRQAAKGGARGQWAGSGDGFERADGSYIYIAPNNGLLTTVLEEHGYIEAYEVTSTKVIPANPEPTFYSREMVAIPSAHLAAGFPLAEVGRRLDDSEIVRFHRPAVEISGEALSGVVTAIDHPFGNIWTNIHRTDLEKAGIGQGKHLKIILDDVLPFEAPLTPTFADAGAIGNIAFYLNSRGYLSLARNAASLAYPPHLKAGLKVRVEAR,0.0,-12.001175119610707,-5.122176332471998
R277W:Y286S:N287K,MAANGSQRPIIAFMSDLGTTDDSVAQCKGLMHSICPGVTVVDVCHSMTPWDVEEGARYIVDLPRFFPEGTVFATTTYPATGTTTRSVAVRIRQAAKGGARGQWAGSGDGFERADGSYIYIAPNNGLLTTVLEEHGYIEAYEVTSTKVIPANPEPTFYSREMVAIPSAHLAAGFPLAEVGRRLDDSEIVRFHRPAVEISGEALSGVVTAIDHPFGNIWTNIHRTDLEKAGIGQGKHLKIILDDVLPFEAPLTPTFADAGAIGNIAFYLNSRGYLSLAWNAASLAYPSKLKAGLKVRVEAR,0.0,-20.073172441125507,-6.044692151130533
R277F:N287L,MAANGSQRPIIAFMSDLGTTDDSVAQCKGLMHSICPGVTVVDVCHSMTPWDVEEGARYIVDLPRFFPEGTVFATTTYPATGTTTRSVAVRIRQAAKGGARGQWAGSGDGFERADGSYIYIAPNNGLLTTVLEEHGYIEAYEVTSTKVIPANPEPTFYSREMVAIPSAHLAAGFPLAEVGRRLDDSEIVRFHRPAVEISGEALSGVVTAIDHPFGNIWTNIHRTDLEKAGIGQGKHLKIILDDVLPFEAPLTPTFADAGAIGNIAFYLNSRGYLSLAFNAASLAYPYLLKAGLKVRVEAR,0.0,-12.609107385351535,-5.1816408197241115
P285L:Y286I,MAANGSQRPIIAFMSDLGTTDDSVAQCKGLMHSICPGVTVVDVCHSMTPWDVEEGARYIVDLPRFFPEGTVFATTTYPATGTTTRSVAVRIRQAAKGGARGQWAGSGDGFERADGSYIYIAPNNGLLTTVLEEHGYIEAYEVTSTKVIPANPEPTFYSREMVAIPSAHLAAGFPLAEVGRRLDDSEIVRFHRPAVEISGEALSGVVTAIDHPFGNIWTNIHRTDLEKAGIGQGKHLKIILDDVLPFEAPLTPTFADAGAIGNIAFYLNSRGYLSLARNAASLAYLINLKAGLKVRVEAR,75.28736,-7.532816151367115,3.905728459145469
K237Q:D241E:R277F:P285Q:Y286I,MAANGSQRPIIAFMSDLGTTDDSVAQCKGLMHSICPGVTVVDVCHSMTPWDVEEGARYIVDLPRFFPEGTVFATTTYPATGTTTRSVAVRIRQAAKGGARGQWAGSGDGFERADGSYIYIAPNNGLLTTVLEEHGYIEAYEVTSTKVIPANPEPTFYSREMVAIPSAHLAAGFPLAEVGRRLDDSEIVRFHRPAVEISGEALSGVVTAIDHPFGNIWTNIHRTDLEKAGIGQGKHLQIILEDVLPFEAPLTPTFADAGAIGNIAFYLNSRGYLSLAFNAASLAYQINLKAGLKVRVEAR,0.0,-22.807551189185915,0.32581166390142835
N287T,MAANGSQRPIIAFMSDLGTTDDSVAQCKGLMHSICPGVTVVDVCHSMTPWDVEEGARYIVDLPRFFPEGTVFATTTYPATGTTTRSVAVRIRQAAKGGARGQWAGSGDGFERADGSYIYIAPNNGLLTTVLEEHGYIEAYEVTSTKVIPANPEPTFYSREMVAIPSAHLAAGFPLAEVGRRLDDSEIVRFHRPAVEISGEALSGVVTAIDHPFGNIWTNIHRTDLEKAGIGQGKHLKIILDDVLPFEAPLTPTFADAGAIGNIAFYLNSRGYLSLARNAASLAYPYTLKAGLKVRVEAR,48.85057,-6.11615054602953,-3.197048109332204
K237M:D241I:P285S:N287A,MAANGSQRPIIAFMSDLGTTDDSVAQCKGLMHSICPGVTVVDVCHSMTPWDVEEGARYIVDLPRFFPEGTVFATTTYPATGTTTRSVAVRIRQAAKGGARGQWAGSGDGFERADGSYIYIAPNNGLLTTVLEEHGYIEAYEVTSTKVIPANPEPTFYSREMVAIPSAHLAAGFPLAEVGRRLDDSEIVRFHRPAVEISGEALSGVVTAIDHPFGNIWTNIHRTDLEKAGIGQGKHLMIILIDVLPFEAPLTPTFADAGAIGNIAFYLNSRGYLSLARNAASLAYSYALKAGLKVRVEAR,0.0,-22.52489702389721,-2.9698135648987507
K237I:E247I:R277V:Y286T:N287S,MAANGSQRPIIAFMSDLGTTDDSVAQCKGLMHSICPGVTVVDVCHSMTPWDVEEGARYIVDLPRFFPEGTVFATTTYPATGTTTRSVAVRIRQAAKGGARGQWAGSGDGFERADGSYIYIAPNNGLLTTVLEEHGYIEAYEVTSTKVIPANPEPTFYSREMVAIPSAHLAAGFPLAEVGRRLDDSEIVRFHRPAVEISGEALSGVVTAIDHPFGNIWTNIHRTDLEKAGIGQGKHLIIILDDVLPFIAPLTPTFADAGAIGNIAFYLNSRGYLSLAVNAASLAYPTSLKAGLKVRVEAR,0.0,-24.74214222335013,1.5719241388964036
K237N:E247N:Y286L:N287T,MAANGSQRPIIAFMSDLGTTDDSVAQCKGLMHSICPGVTVVDVCHSMTPWDVEEGARYIVDLPRFFPEGTVFATTTYPATGTTTRSVAVRIRQAAKGGARGQWAGSGDGFERADGSYIYIAPNNGLLTTVLEEHGYIEAYEVTSTKVIPANPEPTFYSREMVAIPSAHLAAGFPLAEVGRRLDDSEIVRFHRPAVEISGEALSGVVTAIDHPFGNIWTNIHRTDLEKAGIGQGKHLNIILDDVLPFNAPLTPTFADAGAIGNIAFYLNSRGYLSLARNAASLAYPLTLKAGLKVRVEAR,1.724138,-17.18666202692475,-4.065557430193687
N287Y,MAANGSQRPIIAFMSDLGTTDDSVAQCKGLMHSICPGVTVVDVCHSMTPWDVEEGARYIVDLPRFFPEGTVFATTTYPATGTTTRSVAVRIRQAAKGGARGQWAGSGDGFERADGSYIYIAPNNGLLTTVLEEHGYIEAYEVTSTKVIPANPEPTFYSREMVAIPSAHLAAGFPLAEVGRRLDDSEIVRFHRPAVEISGEALSGVVTAIDHPFGNIWTNIHRTDLEKAGIGQGKHLKIILDDVLPFEAPLTPTFADAGAIGNIAFYLNSRGYLSLARNAASLAYPYYLKAGLKVRVEAR,95.97701,-8.100652185778017,-5.0774702826143425
D241H:R277W:P285N,MAANGSQRPIIAFMSDLGTTDDSVAQCKGLMHSICPGVTVVDVCHSMTPWDVEEGARYIVDLPRFFPEGTVFATTTYPATGTTTRSVAVRIRQAAKGGARGQWAGSGDGFERADGSYIYIAPNNGLLTTVLEEHGYIEAYEVTSTKVIPANPEPTFYSREMVAIPSAHLAAGFPLAEVGRRLDDSEIVRFHRPAVEISGEALSGVVTAIDHPFGNIWTNIHRTDLEKAGIGQGKHLKIILHDVLPFEAPLTPTFADAGAIGNIAFYLNSRGYLSLAWNAASLAYNYNLKAGLKVRVEAR,0.0,-19.29275239421827,-2.330273080250269
K237Y:R277M:P285S,MAANGSQRPIIAFMSDLGTTDDSVAQCKGLMHSICPGVTVVDVCHSMTPWDVEEGARYIVDLPRFFPEGTVFATTTYPATGTTTRSVAVRIRQAAKGGARGQWAGSGDGFERADGSYIYIAPNNGLLTTVLEEHGYIEAYEVTSTKVIPANPEPTFYSREMVAIPSAHLAAGFPLAEVGRRLDDSEIVRFHRPAVEISGEALSGVVTAIDHPFGNIWTNIHRTDLEKAGIGQGKHLYIILDDVLPFEAPLTPTFADAGAIGNIAFYLNSRGYLSLAMNAASLAYSYNLKAGLKVRVEAR,18.3908,-15.65590419449859,1.5289749586008416
K237L:E247R:Y286P:N287S,MAANGSQRPIIAFMSDLGTTDDSVAQCKGLMHSICPGVTVVDVCHSMTPWDVEEGARYIVDLPRFFPEGTVFATTTYPATGTTTRSVAVRIRQAAKGGARGQWAGSGDGFERADGSYIYIAPNNGLLTTVLEEHGYIEAYEVTSTKVIPANPEPTFYSREMVAIPSAHLAAGFPLAEVGRRLDDSEIVRFHRPAVEISGEALSGVVTAIDHPFGNIWTNIHRTDLEKAGIGQGKHLLIILDDVLPFRAPLTPTFADAGAIGNIAFYLNSRGYLSLARNAASLAYPPSLKAGLKVRVEAR,0.0,-21.093517321997524,-5.240961286687567
D241S:N287M,MAANGSQRPIIAFMSDLGTTDDSVAQCKGLMHSICPGVTVVDVCHSMTPWDVEEGARYIVDLPRFFPEGTVFATTTYPATGTTTRSVAVRIRQAAKGGARGQWAGSGDGFERADGSYIYIAPNNGLLTTVLEEHGYIEAYEVTSTKVIPANPEPTFYSREMVAIPSAHLAAGFPLAEVGRRLDDSEIVRFHRPAVEISGEALSGVVTAIDHPFGNIWTNIHRTDLEKAGIGQGKHLKIILSDVLPFEAPLTPTFADAGAIGNIAFYLNSRGYLSLARNAASLAYPYMLKAGLKVRVEAR,0.574713,-15.48839363969455,-3.987865555230373
Y286L:N287V,MAANGSQRPIIAFMSDLGTTDDSVAQCKGLMHSICPGVTVVDVCHSMTPWDVEEGARYIVDLPRFFPEGTVFATTTYPATGTTTRSVAVRIRQAAKGGARGQWAGSGDGFERADGSYIYIAPNNGLLTTVLEEHGYIEAYEVTSTKVIPANPEPTFYSREMVAIPSAHLAAGFPLAEVGRRLDDSEIVRFHRPAVEISGEALSGVVTAIDHPFGNIWTNIHRTDLEKAGIGQGKHLKIILDDVLPFEAPLTPTFADAGAIGNIAFYLNSRGYLSLARNAASLAYPLVLKAGLKVRVEAR,5.747126,-9.799481890775496,-2.355037187259822
D241V:E247V:R277S:Y286L:N287P,MAANGSQRPIIAFMSDLGTTDDSVAQCKGLMHSICPGVTVVDVCHSMTPWDVEEGARYIVDLPRFFPEGTVFATTTYPATGTTTRSVAVRIRQAAKGGARGQWAGSGDGFERADGSYIYIAPNNGLLTTVLEEHGYIEAYEVTSTKVIPANPEPTFYSREMVAIPSAHLAAGFPLAEVGRRLDDSEIVRFHRPAVEISGEALSGVVTAIDHPFGNIWTNIHRTDLEKAGIGQGKHLKIILVDVLPFVAPLTPTFADAGAIGNIAFYLNSRGYLSLASNAASLAYPLPLKAGLKVRVEAR,0.0,-26.229647753183826,-2.9390956078005797
Y286V:N287D,MAANGSQRPIIAFMSDLGTTDDSVAQCKGLMHSICPGVTVVDVCHSMTPWDVEEGARYIVDLPRFFPEGTVFATTTYPATGTTTRSVAVRIRQAAKGGARGQWAGSGDGFERADGSYIYIAPNNGLLTTVLEEHGYIEAYEVTSTKVIPANPEPTFYSREMVAIPSAHLAAGFPLAEVGRRLDDSEIVRFHRPAVEISGEALSGVVTAIDHPFGNIWTNIHRTDLEKAGIGQGKHLKIILDDVLPFEAPLTPTFADAGAIGNIAFYLNSRGYLSLARNAASLAYPVDLKAGLKVRVEAR,3.835227,-10.756095512784668,-2.938355398423062
K237Q:D241R:E247W:P285F:Y286A,MAANGSQRPIIAFMSDLGTTDDSVAQCKGLMHSICPGVTVVDVCHSMTPWDVEEGARYIVDLPRFFPEGTVFATTTYPATGTTTRSVAVRIRQAAKGGARGQWAGSGDGFERADGSYIYIAPNNGLLTTVLEEHGYIEAYEVTSTKVIPANPEPTFYSREMVAIPSAHLAAGFPLAEVGRRLDDSEIVRFHRPAVEISGEALSGVVTAIDHPFGNIWTNIHRTDLEKAGIGQGKHLQIILRDVLPFWAPLTPTFADAGAIGNIAFYLNSRGYLSLARNAASLAYFANLKAGLKVRVEAR,0.0,-23.27239909063428,-2.0673674092497176
D241S:N287H,MAANGSQRPIIAFMSDLGTTDDSVAQCKGLMHSICPGVTVVDVCHSMTPWDVEEGARYIVDLPRFFPEGTVFATTTYPATGTTTRSVAVRIRQAAKGGARGQWAGSGDGFERADGSYIYIAPNNGLLTTVLEEHGYIEAYEVTSTKVIPANPEPTFYSREMVAIPSAHLAAGFPLAEVGRRLDDSEIVRFHRPAVEISGEALSGVVTAIDHPFGNIWTNIHRTDLEKAGIGQGKHLKIILSDVLPFEAPLTPTFADAGAIGNIAFYLNSRGYLSLARNAASLAYPYHLKAGLKVRVEAR,80.39773,-11.689087021844898,-1.1098385919321898
P285R:N287T,MAANGSQRPIIAFMSDLGTTDDSVAQCKGLMHSICPGVTVVDVCHSMTPWDVEEGARYIVDLPRFFPEGTVFATTTYPATGTTTRSVAVRIRQAAKGGARGQWAGSGDGFERADGSYIYIAPNNGLLTTVLEEHGYIEAYEVTSTKVIPANPEPTFYSREMVAIPSAHLAAGFPLAEVGRRLDDSEIVRFHRPAVEISGEALSGVVTAIDHPFGNIWTNIHRTDLEKAGIGQGKHLKIILDDVLPFEAPLTPTFADAGAIGNIAFYLNSRGYLSLARNAASLAYRYTLKAGLKVRVEAR,94.88636,-8.55301473887448,1.4194489142736173
E247H:R277F:N287K,MAANGSQRPIIAFMSDLGTTDDSVAQCKGLMHSICPGVTVVDVCHSMTPWDVEEGARYIVDLPRFFPEGTVFATTTYPATGTTTRSVAVRIRQAAKGGARGQWAGSGDGFERADGSYIYIAPNNGLLTTVLEEHGYIEAYEVTSTKVIPANPEPTFYSREMVAIPSAHLAAGFPLAEVGRRLDDSEIVRFHRPAVEISGEALSGVVTAIDHPFGNIWTNIHRTDLEKAGIGQGKHLKIILDDVLPFHAPLTPTFADAGAIGNIAFYLNSRGYLSLAFNAASLAYPYKLKAGLKVRVEAR,87.21591,-16.40800807407345,-3.6396620686823105
E247R:R277F:Y286P:N287D,MAANGSQRPIIAFMSDLGTTDDSVAQCKGLMHSICPGVTVVDVCHSMTPWDVEEGARYIVDLPRFFPEGTVFATTTYPATGTTTRSVAVRIRQAAKGGARGQWAGSGDGFERADGSYIYIAPNNGLLTTVLEEHGYIEAYEVTSTKVIPANPEPTFYSREMVAIPSAHLAAGFPLAEVGRRLDDSEIVRFHRPAVEISGEALSGVVTAIDHPFGNIWTNIHRTDLEKAGIGQGKHLKIILDDVLPFRAPLTPTFADAGAIGNIAFYLNSRGYLSLAFNAASLAYPPDLKAGLKVRVEAR,0.0,-23.156915933728897,-5.837172022547442
P285T:N287T,MAANGSQRPIIAFMSDLGTTDDSVAQCKGLMHSICPGVTVVDVCHSMTPWDVEEGARYIVDLPRFFPEGTVFATTTYPATGTTTRSVAVRIRQAAKGGARGQWAGSGDGFERADGSYIYIAPNNGLLTTVLEEHGYIEAYEVTSTKVIPANPEPTFYSREMVAIPSAHLAAGFPLAEVGRRLDDSEIVRFHRPAVEISGEALSGVVTAIDHPFGNIWTNIHRTDLEKAGIGQGKHLKIILDDVLPFEAPLTPTFADAGAIGNIAFYLNSRGYLSLARNAASLAYTYTLKAGLKVRVEAR,0.0,-8.07244402797005,0.6821046463983316
K237Y:R277L,MAANGSQRPIIAFMSDLGTTDDSVAQCKGLMHSICPGVTVVDVCHSMTPWDVEEGARYIVDLPRFFPEGTVFATTTYPATGTTTRSVAVRIRQAAKGGARGQWAGSGDGFERADGSYIYIAPNNGLLTTVLEEHGYIEAYEVTSTKVIPANPEPTFYSREMVAIPSAHLAAGFPLAEVGRRLDDSEIVRFHRPAVEISGEALSGVVTAIDHPFGNIWTNIHRTDLEKAGIGQGKHLYIILDDVLPFEAPLTPTFADAGAIGNIAFYLNSRGYLSLALNAASLAYPYNLKAGLKVRVEAR,1.136364,-7.363335691347174,-0.26615298861393333
E247A:R277I:P285I:Y286K,MAANGSQRPIIAFMSDLGTTDDSVAQCKGLMHSICPGVTVVDVCHSMTPWDVEEGARYIVDLPRFFPEGTVFATTTYPATGTTTRSVAVRIRQAAKGGARGQWAGSGDGFERADGSYIYIAPNNGLLTTVLEEHGYIEAYEVTSTKVIPANPEPTFYSREMVAIPSAHLAAGFPLAEVGRRLDDSEIVRFHRPAVEISGEALSGVVTAIDHPFGNIWTNIHRTDLEKAGIGQGKHLKIILDDVLPFAAPLTPTFADAGAIGNIAFYLNSRGYLSLAINAASLAYIKNLKAGLKVRVEAR,0.0,-20.044004847013866,0.8783666342815861
K237L:D241A:P285D:Y286C,MAANGSQRPIIAFMSDLGTTDDSVAQCKGLMHSICPGVTVVDVCHSMTPWDVEEGARYIVDLPRFFPEGTVFATTTYPATGTTTRSVAVRIRQAAKGGARGQWAGSGDGFERADGSYIYIAPNNGLLTTVLEEHGYIEAYEVTSTKVIPANPEPTFYSREMVAIPSAHLAAGFPLAEVGRRLDDSEIVRFHRPAVEISGEALSGVVTAIDHPFGNIWTNIHRTDLEKAGIGQGKHLLIILADVLPFEAPLTPTFADAGAIGNIAFYLNSRGYLSLARNAASLAYDCNLKAGLKVRVEAR,1.704545,-18.99068628509849,-0.005972169857399123
D241S:E247S:R277L:P285H:Y286L,MAANGSQRPIIAFMSDLGTTDDSVAQCKGLMHSICPGVTVVDVCHSMTPWDVEEGARYIVDLPRFFPEGTVFATTTYPATGTTTRSVAVRIRQAAKGGARGQWAGSGDGFERADGSYIYIAPNNGLLTTVLEEHGYIEAYEVTSTKVIPANPEPTFYSREMVAIPSAHLAAGFPLAEVGRRLDDSEIVRFHRPAVEISGEALSGVVTAIDHPFGNIWTNIHRTDLEKAGIGQGKHLKIILSDVLPFSAPLTPTFADAGAIGNIAFYLNSRGYLSLALNAASLAYHLNLKAGLKVRVEAR,0.0,-20.36999171418961,5.8903145623611435
