mutant,mutated_sequence,DMS_score,esm2_t12_35M_UR50D
E247G:R277L:Y286K,MAANGSQRPIIAFMSDLGTTDDSVAQCKGLMHSICPGVTVVDVCHSMTPWDVEEGARYIVDLPRFFPEGTVFATTTYPATGTTTRSVAVRIRQAAKGGARGQWAGSGDGFERADGSYIYIAPNNGLLTTVLEEHGYIEAYEVTSTKVIPANPEPTFYSREMVAIPSAHLAAGFPLAEVGRRLDDSEIVRFHRPAVEISGEALSGVVTAIDHPFGNIWTNIHRTDLEKAGIGQGKHLKIILDDVLPFGAPLTPTFADAGAIGNIAFYLNSRGYLSLALNAASLAYPKNLKAGLKVRVEAR,16.31,-2.2125920057296753
D241G:E247V,MAANGSQRPIIAFMSDLGTTDDSVAQCKGLMHSICPGVTVVDVCHSMTPWDVEEGARYIVDLPRFFPEGTVFATTTYPATGTTTRSVAVRIRQAAKGGARGQWAGSGDGFERADGSYIYIAPNNGLLTTVLEEHGYIEAYEVTSTKVIPANPEPTFYSREMVAIPSAHLAAGFPLAEVGRRLDDSEIVRFHRPAVEISGEALSGVVTAIDHPFGNIWTNIHRTDLEKAGIGQGKHLKIILGDVLPFVAPLTPTFADAGAIGNIAFYLNSRGYLSLARNAASLAYPYNLKAGLKVRVEAR,31.38,-0.9718761444091797
P285R:N287P,MAANGSQRPIIAFMSDLGTTDDSVAQCKGLMHSICPGVTVVDVCHSMTPWDVEEGARYIVDLPRFFPEGTVFATTTYPATGTTTRSVAVRIRQAAKGGARGQWAGSGDGFERADGSYIYIAPNNGLLTTVLEEHGYIEAYEVTSTKVIPANPEPTFYSREMVAIPSAHLAAGFPLAEVGRRLDDSEIVRFHRPAVEISGEALSGVVTAIDHPFGNIWTNIHRTDLEKAGIGQGKHLKIILDDVLPFEAPLTPTFADAGAIGNIAFYLNSRGYLSLARNAASLAYRYPLKAGLKVRVEAR,12.97,1.594989538192749
K237T:E247D:Y286P,MAANGSQRPIIAFMSDLGTTDDSVAQCKGLMHSICPGVTVVDVCHSMTPWDVEEGARYIVDLPRFFPEGTVFATTTYPATGTTTRSVAVRIRQAAKGGARGQWAGSGDGFERADGSYIYIAPNNGLLTTVLEEHGYIEAYEVTSTKVIPANPEPTFYSREMVAIPSAHLAAGFPLAEVGRRLDDSEIVRFHRPAVEISGEALSGVVTAIDHPFGNIWTNIHRTDLEKAGIGQGKHLTIILDDVLPFDAPLTPTFADAGAIGNIAFYLNSRGYLSLARNAASLAYPPNLKAGLKVRVEAR,4.6,0.3449519872665405
P285V:Y286A:N287R,MAANGSQRPIIAFMSDLGTTDDSVAQCKGLMHSICPGVTVVDVCHSMTPWDVEEGARYIVDLPRFFPEGTVFATTTYPATGTTTRSVAVRIRQAAKGGARGQWAGSGDGFERADGSYIYIAPNNGLLTTVLEEHGYIEAYEVTSTKVIPANPEPTFYSREMVAIPSAHLAAGFPLAEVGRRLDDSEIVRFHRPAVEISGEALSGVVTAIDHPFGNIWTNIHRTDLEKAGIGQGKHLKIILDDVLPFEAPLTPTFADAGAIGNIAFYLNSRGYLSLARNAASLAYVARLKAGLKVRVEAR,2.4,2.0538759231567383
P285G:N287L,MAANGSQRPIIAFMSDLGTTDDSVAQCKGLMHSICPGVTVVDVCHSMTPWDVEEGARYIVDLPRFFPEGTVFATTTYPATGTTTRSVAVRIRQAAKGGARGQWAGSGDGFERADGSYIYIAPNNGLLTTVLEEHGYIEAYEVTSTKVIPANPEPTFYSREMVAIPSAHLAAGFPLAEVGRRLDDSEIVRFHRPAVEISGEALSGVVTAIDHPFGNIWTNIHRTDLEKAGIGQGKHLKIILDDVLPFEAPLTPTFADAGAIGNIAFYLNSRGYLSLARNAASLAYGYLLKAGLKVRVEAR,1.71,1.5336425304412842
E247S,MAANGSQRPIIAFMSDLGTTDDSVAQCKGLMHSICPGVTVVDVCHSMTPWDVEEGARYIVDLPRFFPEGTVFATTTYPATGTTTRSVAVRIRQAAKGGARGQWAGSGDGFERADGSYIYIAPNNGLLTTVLEEHGYIEAYEVTSTKVIPANPEPTFYSREMVAIPSAHLAAGFPLAEVGRRLDDSEIVRFHRPAVEISGEALSGVVTAIDHPFGNIWTNIHRTDLEKAGIGQGKHLKIILDDVLPFSAPLTPTFADAGAIGNIAFYLNSRGYLSLARNAASLAYPYNLKAGLKVRVEAR,99.43,-1.3043116331100464
D241G:E247M:N287L,MAANGSQRPIIAFMSDLGTTDDSVAQCKGLMHSICPGVTVVDVCHSMTPWDVEEGARYIVDLPRFFPEGTVFATTTYPATGTTTRSVAVRIRQAAKGGARGQWAGSGDGFERADGSYIYIAPNNGLLTTVLEEHGYIEAYEVTSTKVIPANPEPTFYSREMVAIPSAHLAAGFPLAEVGRRLDDSEIVRFHRPAVEISGEALSGVVTAIDHPFGNIWTNIHRTDLEKAGIGQGKHLKIILGDVLPFMAPLTPTFADAGAIGNIAFYLNSRGYLSLARNAASLAYPYLLKAGLKVRVEAR,0.0,-2.3312727212905884
E247V:R277F:N287K,MAANGSQRPIIAFMSDLGTTDDSVAQCKGLMHSICPGVTVVDVCHSMTPWDVEEGARYIVDLPRFFPEGTVFATTTYPATGTTTRSVAVRIRQAAKGGARGQWAGSGDGFERADGSYIYIAPNNGLLTTVLEEHGYIEAYEVTSTKVIPANPEPTFYSREMVAIPSAHLAAGFPLAEVGRRLDDSEIVRFHRPAVEISGEALSGVVTAIDHPFGNIWTNIHRTDLEKAGIGQGKHLKIILDDVLPFVAPLTPTFADAGAIGNIAFYLNSRGYLSLAFNAASLAYPYKLKAGLKVRVEAR,0.0,-2.0063523054122925
E247N:R277G:Y286N,MAANGSQRPIIAFMSDLGTTDDSVAQCKGLMHSICPGVTVVDVCHSMTPWDVEEGARYIVDLPRFFPEGTVFATTTYPATGTTTRSVAVRIRQAAKGGARGQWAGSGDGFERADGSYIYIAPNNGLLTTVLEEHGYIEAYEVTSTKVIPANPEPTFYSREMVAIPSAHLAAGFPLAEVGRRLDDSEIVRFHRPAVEISGEALSGVVTAIDHPFGNIWTNIHRTDLEKAGIGQGKHLKIILDDVLPFNAPLTPTFADAGAIGNIAFYLNSRGYLSLAGNAASLAYPNNLKAGLKVRVEAR,0.0,-1.6462335586547852
E247D,MAANGSQRPIIAFMSDLGTTDDSVAQCKGLMHSICPGVTVVDVCHSMTPWDVEEGARYIVDLPRFFPEGTVFATTTYPATGTTTRSVAVRIRQAAKGGARGQWAGSGDGFERADGSYIYIAPNNGLLTTVLEEHGYIEAYEVTSTKVIPANPEPTFYSREMVAIPSAHLAAGFPLAEVGRRLDDSEIVRFHRPAVEISGEALSGVVTAIDHPFGNIWTNIHRTDLEKAGIGQGKHLKIILDDVLPFDAPLTPTFADAGAIGNIAFYLNSRGYLSLARNAASLAYPYNLKAGLKVRVEAR,9.39,-0.7570391893386841
E247Y:P285D,MAANGSQRPIIAFMSDLGTTDDSVAQCKGLMHSICPGVTVVDVCHSMTPWDVEEGARYIVDLPRFFPEGTVFATTTYPATGTTTRSVAVRIRQAAKGGARGQWAGSGDGFERADGSYIYIAPNNGLLTTVLEEHGYIEAYEVTSTKVIPANPEPTFYSREMVAIPSAHLAAGFPLAEVGRRLDDSEIVRFHRPAVEISGEALSGVVTAIDHPFGNIWTNIHRTDLEKAGIGQGKHLKIILDDVLPFYAPLTPTFADAGAIGNIAFYLNSRGYLSLARNAASLAYDYNLKAGLKVRVEAR,96.0,-2.9697890281677246
D241E:E247L:Y286I,MAANGSQRPIIAFMSDLGTTDDSVAQCKGLMHSICPGVTVVDVCHSMTPWDVEEGARYIVDLPRFFPEGTVFATTTYPATGTTTRSVAVRIRQAAKGGARGQWAGSGDGFERADGSYIYIAPNNGLLTTVLEEHGYIEAYEVTSTKVIPANPEPTFYSREMVAIPSAHLAAGFPLAEVGRRLDDSEIVRFHRPAVEISGEALSGVVTAIDHPFGNIWTNIHRTDLEKAGIGQGKHLKIILEDVLPFLAPLTPTFADAGAIGNIAFYLNSRGYLSLARNAASLAYPINLKAGLKVRVEAR,0.0,-1.771302342414856
Y286P:N287H,MAANGSQRPIIAFMSDLGTTDDSVAQCKGLMHSICPGVTVVDVCHSMTPWDVEEGARYIVDLPRFFPEGTVFATTTYPATGTTTRSVAVRIRQAAKGGARGQWAGSGDGFERADGSYIYIAPNNGLLTTVLEEHGYIEAYEVTSTKVIPANPEPTFYSREMVAIPSAHLAAGFPLAEVGRRLDDSEIVRFHRPAVEISGEALSGVVTAIDHPFGNIWTNIHRTDLEKAGIGQGKHLKIILDDVLPFEAPLTPTFADAGAIGNIAFYLNSRGYLSLARNAASLAYPPHLKAGLKVRVEAR,0.0,0.7225151062011719
R277W:Y286S:N287K,MAANGSQRPIIAFMSDLGTTDDSVAQCKGLMHSICPGVTVVDVCHSMTPWDVEEGARYIVDLPRFFPEGTVFATTTYPATGTTTRSVAVRIRQAAKGGARGQWAGSGDGFERADGSYIYIAPNNGLLTTVLEEHGYIEAYEVTSTKVIPANPEPTFYSREMVAIPSAHLAAGFPLAEVGRRLDDSEIVRFHRPAVEISGEALSGVVTAIDHPFGNIWTNIHRTDLEKAGIGQGKHLKIILDDVLPFEAPLTPTFADAGAIGNIAFYLNSRGYLSLAWNAASLAYPSKLKAGLKVRVEAR,0.0,-1.2798099517822266
R277F:N287L,MAANGSQRPIIAFMSDLGTTDDSVAQCKGLMHSICPGVTVVDVCHSMTPWDVEEGARYIVDLPRFFPEGTVFATTTYPATGTTTRSVAVRIRQAAKGGARGQWAGSGDGFERADGSYIYIAPNNGLLTTVLEEHGYIEAYEVTSTKVIPANPEPTFYSREMVAIPSAHLAAGFPLAEVGRRLDDSEIVRFHRPAVEISGEALSGVVTAIDHPFGNIWTNIHRTDLEKAGIGQGKHLKIILDDVLPFEAPLTPTFADAGAIGNIAFYLNSRGYLSLAFNAASLAYPYLLKAGLKVRVEAR,0.0,-0.10913467407226562
P285L:Y286I,MAANGSQRPIIAFMSDLGTTDDSVAQCKGLMHSICPGVTVVDVCHSMTPWDVEEGARYIVDLPRFFPEGTVFATTTYPATGTTTRSVAVRIRQAAKGGARGQWAGSGDGFERADGSYIYIAPNNGLLTTVLEEHGYIEAYEVTSTKVIPANPEPTFYSREMVAIPSAHLAAGFPLAEVGRRLDDSEIVRFHRPAVEISGEALSGVVTAIDHPFGNIWTNIHRTDLEKAGIGQGKHLKIILDDVLPFEAPLTPTFADAGAIGNIAFYLNSRGYLSLARNAASLAYLINLKAGLKVRVEAR,75.28736,1.2927577495574951
K237Q:D241E:R277F:P285Q:Y286I,MAANGSQRPIIAFMSDLGTTDDSVAQCKGLMHSICPGVTVVDVCHSMTPWDVEEGARYIVDLPRFFPEGTVFATTTYPATGTTTRSVAVRIRQAAKGGARGQWAGSGDGFERADGSYIYIAPNNGLLTTVLEEHGYIEAYEVTSTKVIPANPEPTFYSREMVAIPSAHLAAGFPLAEVGRRLDDSEIVRFHRPAVEISGEALSGVVTAIDHPFGNIWTNIHRTDLEKAGIGQGKHLQIILEDVLPFEAPLTPTFADAGAIGNIAFYLNSRGYLSLAFNAASLAYQINLKAGLKVRVEAR,0.0,-1.3881595134735107
N287T,MAANGSQRPIIAFMSDLGTTDDSVAQCKGLMHSICPGVTVVDVCHSMTPWDVEEGARYIVDLPRFFPEGTVFATTTYPATGTTTRSVAVRIRQAAKGGARGQWAGSGDGFERADGSYIYIAPNNGLLTTVLEEHGYIEAYEVTSTKVIPANPEPTFYSREMVAIPSAHLAAGFPLAEVGRRLDDSEIVRFHRPAVEISGEALSGVVTAIDHPFGNIWTNIHRTDLEKAGIGQGKHLKIILDDVLPFEAPLTPTFADAGAIGNIAFYLNSRGYLSLARNAASLAYPYTLKAGLKVRVEAR,48.85057,0.754755973815918
K237M:D241I:P285S:N287A,MAANGSQRPIIAFMSDLGTTDDSVAQCKGLMHSICPGVTVVDVCHSMTPWDVEEGARYIVDLPRFFPEGTVFATTTYPATGTTTRSVAVRIRQAAKGGARGQWAGSGDGFERADGSYIYIAPNNGLLTTVLEEHGYIEAYEVTSTKVIPANPEPTFYSREMVAIPSAHLAAGFPLAEVGRRLDDSEIVRFHRPAVEISGEALSGVVTAIDHPFGNIWTNIHRTDLEKAGIGQGKHLMIILIDVLPFEAPLTPTFADAGAIGNIAFYLNSRGYLSLARNAASLAYSYALKAGLKVRVEAR,0.0,-3.9861817359924316
K237I:E247I:R277V:Y286T:N287S,MAANGSQRPIIAFMSDLGTTDDSVAQCKGLMHSICPGVTVVDVCHSMTPWDVEEGARYIVDLPRFFPEGTVFATTTYPATGTTTRSVAVRIRQAAKGGARGQWAGSGDGFERADGSYIYIAPNNGLLTTVLEEHGYIEAYEVTSTKVIPANPEPTFYSREMVAIPSAHLAAGFPLAEVGRRLDDSEIVRFHRPAVEISGEALSGVVTAIDHPFGNIWTNIHRTDLEKAGIGQGKHLIIILDDVLPFIAPLTPTFADAGAIGNIAFYLNSRGYLSLAVNAASLAYPTSLKAGLKVRVEAR,0.0,-1.4783159494400024
K237N:E247N:Y286L:N287T,MAANGSQRPIIAFMSDLGTTDDSVAQCKGLMHSICPGVTVVDVCHSMTPWDVEEGARYIVDLPRFFPEGTVFATTTYPATGTTTRSVAVRIRQAAKGGARGQWAGSGDGFERADGSYIYIAPNNGLLTTVLEEHGYIEAYEVTSTKVIPANPEPTFYSREMVAIPSAHLAAGFPLAEVGRRLDDSEIVRFHRPAVEISGEALSGVVTAIDHPFGNIWTNIHRTDLEKAGIGQGKHLNIILDDVLPFNAPLTPTFADAGAIGNIAFYLNSRGYLSLARNAASLAYPLTLKAGLKVRVEAR,1.724138,-1.4765598773956299
N287Y,MAANGSQRPIIAFMSDLGTTDDSVAQCKGLMHSICPGVTVVDVCHSMTPWDVEEGARYIVDLPRFFPEGTVFATTTYPATGTTTRSVAVRIRQAAKGGARGQWAGSGDGFERADGSYIYIAPNNGLLTTVLEEHGYIEAYEVTSTKVIPANPEPTFYSREMVAIPSAHLAAGFPLAEVGRRLDDSEIVRFHRPAVEISGEALSGVVTAIDHPFGNIWTNIHRTDLEKAGIGQGKHLKIILDDVLPFEAPLTPTFADAGAIGNIAFYLNSRGYLSLARNAASLAYPYYLKAGLKVRVEAR,95.97701,0.3301072120666504
D241H:R277W:P285N,MAANGSQRPIIAFMSDLGTTDDSVAQCKGLMHSICPGVTVVDVCHSMTPWDVEEGARYIVDLPRFFPEGTVFATTTYPATGTTTRSVAVRIRQAAKGGARGQWAGSGDGFERADGSYIYIAPNNGLLTTVLEEHGYIEAYEVTSTKVIPANPEPTFYSREMVAIPSAHLAAGFPLAEVGRRLDDSEIVRFHRPAVEISGEALSGVVTAIDHPFGNIWTNIHRTDLEKAGIGQGKHLKIILHDVLPFEAPLTPTFADAGAIGNIAFYLNSRGYLSLAWNAASLAYNYNLKAGLKVRVEAR,0.0,-4.450278043746948
K237Y:R277M:P285S,MAANGSQRPIIAFMSDLGTTDDSVAQCKGLMHSICPGVTVVDVCHSMTPWDVEEGARYIVDLPRFFPEGTVFATTTYPATGTTTRSVAVRIRQAAKGGARGQWAGSGDGFERADGSYIYIAPNNGLLTTVLEEHGYIEAYEVTSTKVIPANPEPTFYSREMVAIPSAHLAAGFPLAEVGRRLDDSEIVRFHRPAVEISGEALSGVVTAIDHPFGNIWTNIHRTDLEKAGIGQGKHLYIILDDVLPFEAPLTPTFADAGAIGNIAFYLNSRGYLSLAMNAASLAYSYNLKAGLKVRVEAR,18.3908,-2.6016685962677
K237L:E247R:Y286P:N287S,MAANGSQRPIIAFMSDLGTTDDSVAQCKGLMHSICPGVTVVDVCHSMTPWDVEEGARYIVDLPRFFPEGTVFATTTYPATGTTTRSVAVRIRQAAKGGARGQWAGSGDGFERADGSYIYIAPNNGLLTTVLEEHGYIEAYEVTSTKVIPANPEPTFYSREMVAIPSAHLAAGFPLAEVGRRLDDSEIVRFHRPAVEISGEALSGVVTAIDHPFGNIWTNIHRTDLEKAGIGQGKHLLIILDDVLPFRAPLTPTFADAGAIGNIAFYLNSRGYLSLARNAASLAYPPSLKAGLKVRVEAR,0.0,-0.7864035367965698
D241S:N287M,MAANGSQRPIIAFMSDLGTTDDSVAQCKGLMHSICPGVTVVDVCHSMTPWDVEEGARYIVDLPRFFPEGTVFATTTYPATGTTTRSVAVRIRQAAKGGARGQWAGSGDGFERADGSYIYIAPNNGLLTTVLEEHGYIEAYEVTSTKVIPANPEPTFYSREMVAIPSAHLAAGFPLAEVGRRLDDSEIVRFHRPAVEISGEALSGVVTAIDHPFGNIWTNIHRTDLEKAGIGQGKHLKIILSDVLPFEAPLTPTFADAGAIGNIAFYLNSRGYLSLARNAASLAYPYMLKAGLKVRVEAR,0.574713,-1.5257973670959473
Y286L:N287V,MAANGSQRPIIAFMSDLGTTDDSVAQCKGLMHSICPGVTVVDVCHSMTPWDVEEGARYIVDLPRFFPEGTVFATTTYPATGTTTRSVAVRIRQAAKGGARGQWAGSGDGFERADGSYIYIAPNNGLLTTVLEEHGYIEAYEVTSTKVIPANPEPTFYSREMVAIPSAHLAAGFPLAEVGRRLDDSEIVRFHRPAVEISGEALSGVVTAIDHPFGNIWTNIHRTDLEKAGIGQGKHLKIILDDVLPFEAPLTPTFADAGAIGNIAFYLNSRGYLSLARNAASLAYPLVLKAGLKVRVEAR,5.747126,1.8522398471832275
D241V:E247V:R277S:Y286L:N287P,MAANGSQRPIIAFMSDLGTTDDSVAQCKGLMHSICPGVTVVDVCHSMTPWDVEEGARYIVDLPRFFPEGTVFATTTYPATGTTTRSVAVRIRQAAKGGARGQWAGSGDGFERADGSYIYIAPNNGLLTTVLEEHGYIEAYEVTSTKVIPANPEPTFYSREMVAIPSAHLAAGFPLAEVGRRLDDSEIVRFHRPAVEISGEALSGVVTAIDHPFGNIWTNIHRTDLEKAGIGQGKHLKIILVDVLPFVAPLTPTFADAGAIGNIAFYLNSRGYLSLASNAASLAYPLPLKAGLKVRVEAR,0.0,-1.5304092168807983
Y286V:N287D,MAANGSQRPIIAFMSDLGTTDDSVAQCKGLMHSICPGVTVVDVCHSMTPWDVEEGARYIVDLPRFFPEGTVFATTTYPATGTTTRSVAVRIRQAAKGGARGQWAGSGDGFERADGSYIYIAPNNGLLTTVLEEHGYIEAYEVTSTKVIPANPEPTFYSREMVAIPSAHLAAGFPLAEVGRRLDDSEIVRFHRPAVEISGEALSGVVTAIDHPFGNIWTNIHRTDLEKAGIGQGKHLKIILDDVLPFEAPLTPTFADAGAIGNIAFYLNSRGYLSLARNAASLAYPVDLKAGLKVRVEAR,3.835227,1.686943531036377
K237Q:D241R:E247W:P285F:Y286A,MAANGSQRPIIAFMSDLGTTDDSVAQCKGLMHSICPGVTVVDVCHSMTPWDVEEGARYIVDLPRFFPEGTVFATTTYPATGTTTRSVAVRIRQAAKGGARGQWAGSGDGFERADGSYIYIAPNNGLLTTVLEEHGYIEAYEVTSTKVIPANPEPTFYSREMVAIPSAHLAAGFPLAEVGRRLDDSEIVRFHRPAVEISGEALSGVVTAIDHPFGNIWTNIHRTDLEKAGIGQGKHLQIILRDVLPFWAPLTPTFADAGAIGNIAFYLNSRGYLSLARNAASLAYFANLKAGLKVRVEAR,0.0,-4.817525386810303
D241S:N287H,MAANGSQRPIIAFMSDLGTTDDSVAQCKGLMHSICPGVTVVDVCHSMTPWDVEEGARYIVDLPRFFPEGTVFATTTYPATGTTTRSVAVRIRQAAKGGARGQWAGSGDGFERADGSYIYIAPNNGLLTTVLEEHGYIEAYEVTSTKVIPANPEPTFYSREMVAIPSAHLAAGFPLAEVGRRLDDSEIVRFHRPAVEISGEALSGVVTAIDHPFGNIWTNIHRTDLEKAGIGQGKHLKIILSDVLPFEAPLTPTFADAGAIGNIAFYLNSRGYLSLARNAASLAYPYHLKAGLKVRVEAR,80.39773,-0.8399758338928223
P285R:N287T,MAANGSQRPIIAFMSDLGTTDDSVAQCKGLMHSICPGVTVVDVCHSMTPWDVEEGARYIVDLPRFFPEGTVFATTTYPATGTTTRSVAVRIRQAAKGGARGQWAGSGDGFERADGSYIYIAPNNGLLTTVLEEHGYIEAYEVTSTKVIPANPEPTFYSREMVAIPSAHLAAGFPLAEVGRRLDDSEIVRFHRPAVEISGEALSGVVTAIDHPFGNIWTNIHRTDLEKAGIGQGKHLKIILDDVLPFEAPLTPTFADAGAIGNIAFYLNSRGYLSLARNAASLAYRYTLKAGLKVRVEAR,94.88636,1.4533510208129883
E247H:R277F:N287K,MAANGSQRPIIAFMSDLGTTDDSVAQCKGLMHSICPGVTVVDVCHSMTPWDVEEGARYIVDLPRFFPEGTVFATTTYPATGTTTRSVAVRIRQAAKGGARGQWAGSGDGFERADGSYIYIAPNNGLLTTVLEEHGYIEAYEVTSTKVIPANPEPTFYSREMVAIPSAHLAAGFPLAEVGRRLDDSEIVRFHRPAVEISGEALSGVVTAIDHPFGNIWTNIHRTDLEKAGIGQGKHLKIILDDVLPFHAPLTPTFADAGAIGNIAFYLNSRGYLSLAFNAASLAYPYKLKAGLKVRVEAR,87.21591,-3.5850727558135986
E247R:R277F:Y286P:N287D,MAANGSQRPIIAFMSDLGTTDDSVAQCKGLMHSICPGVTVVDVCHSMTPWDVEEGARYIVDLPRFFPEGTVFATTTYPATGTTTRSVAVRIRQAAKGGARGQWAGSGDGFERADGSYIYIAPNNGLLTTVLEEHGYIEAYEVTSTKVIPANPEPTFYSREMVAIPSAHLAAGFPLAEVGRRLDDSEIVRFHRPAVEISGEALSGVVTAIDHPFGNIWTNIHRTDLEKAGIGQGKHLKIILDDVLPFRAPLTPTFADAGAIGNIAFYLNSRGYLSLAFNAASLAYPPDLKAGLKVRVEAR,0.0,-1.8928011655807495
P285T:N287T,MAANGSQRPIIAFMSDLGTTDDSVAQCKGLMHSICPGVTVVDVCHSMTPWDVEEGARYIVDLPRFFPEGTVFATTTYPATGTTTRSVAVRIRQAAKGGARGQWAGSGDGFERADGSYIYIAPNNGLLTTVLEEHGYIEAYEVTSTKVIPANPEPTFYSREMVAIPSAHLAAGFPLAEVGRRLDDSEIVRFHRPAVEISGEALSGVVTAIDHPFGNIWTNIHRTDLEKAGIGQGKHLKIILDDVLPFEAPLTPTFADAGAIGNIAFYLNSRGYLSLARNAASLAYTYTLKAGLKVRVEAR,0.0,0.7507567405700684
K237Y:R277L,MAANGSQRPIIAFMSDLGTTDDSVAQCKGLMHSICPGVTVVDVCHSMTPWDVEEGARYIVDLPRFFPEGTVFATTTYPATGTTTRSVAVRIRQAAKGGARGQWAGSGDGFERADGSYIYIAPNNGLLTTVLEEHGYIEAYEVTSTKVIPANPEPTFYSREMVAIPSAHLAAGFPLAEVGRRLDDSEIVRFHRPAVEISGEALSGVVTAIDHPFGNIWTNIHRTDLEKAGIGQGKHLYIILDDVLPFEAPLTPTFADAGAIGNIAFYLNSRGYLSLALNAASLAYPYNLKAGLKVRVEAR,1.136364,-1.5231356620788574
E247A:R277I:P285I:Y286K,MAANGSQRPIIAFMSDLGTTDDSVAQCKGLMHSICPGVTVVDVCHSMTPWDVEEGARYIVDLPRFFPEGTVFATTTYPATGTTTRSVAVRIRQAAKGGARGQWAGSGDGFERADGSYIYIAPNNGLLTTVLEEHGYIEAYEVTSTKVIPANPEPTFYSREMVAIPSAHLAAGFPLAEVGRRLDDSEIVRFHRPAVEISGEALSGVVTAIDHPFGNIWTNIHRTDLEKAGIGQGKHLKIILDDVLPFAAPLTPTFADAGAIGNIAFYLNSRGYLSLAINAASLAYIKNLKAGLKVRVEAR,0.0,-2.7759183645248413
K237L:D241A:P285D:Y286C,MAANGSQRPIIAFMSDLGTTDDSVAQCKGLMHSICPGVTVVDVCHSMTPWDVEEGARYIVDLPRFFPEGTVFATTTYPATGTTTRSVAVRIRQAAKGGARGQWAGSGDGFERADGSYIYIAPNNGLLTTVLEEHGYIEAYEVTSTKVIPANPEPTFYSREMVAIPSAHLAAGFPLAEVGRRLDDSEIVRFHRPAVEISGEALSGVVTAIDHPFGNIWTNIHRTDLEKAGIGQGKHLLIILADVLPFEAPLTPTFADAGAIGNIAFYLNSRGYLSLARNAASLAYDCNLKAGLKVRVEAR,1.704545,-2.5994105339050293
D241S:E247S:R277L:P285H:Y286L,MAANGSQRPIIAFMSDLGTTDDSVAQCKGLMHSICPGVTVVDVCHSMTPWDVEEGARYIVDLPRFFPEGTVFATTTYPATGTTTRSVAVRIRQAAKGGARGQWAGSGDGFERADGSYIYIAPNNGLLTTVLEEHGYIEAYEVTSTKVIPANPEPTFYSREMVAIPSAHLAAGFPLAEVGRRLDDSEIVRFHRPAVEISGEALSGVVTAIDHPFGNIWTNIHRTDLEKAGIGQGKHLKIILSDVLPFSAPLTPTFADAGAIGNIAFYLNSRGYLSLALNAASLAYHLNLKAGLKVRVEAR,0.0,-1.7287474870681763
