mutated_sequence,avg_score_L_to_R,avg_score_R_to_L,avg_score,mutant
MAANGSQRPIIAFMSDLGTTDDSVAQCKGLMHSICPGVTVVDVCHSMTPWDVEEGARYIVDLPRFFPEGTVFATTTYPATGTTTRSVAVRIRQAAKGGARGQWAGSGDGFERADGSYIYIAPNNGLLTTVLEEHGYIEAYEVTSTKVIPANPEPTFYSREMVAIPSAHLAAGFPLAEVGRRLDDSEIVRFHRPAVEISGEALSGVVTAIDHPFGNIWTNIHRTDLEKAGIGQGKHLKIILDDVLPFGAPLTPTFADAGAIGNIAFYLNSRGYLSLALNAASLAYPKNLKAGLKVRVEAR,-0.02175188861961752,-0.022805816752456076,-0.0222788526860368,E247G:R277L:Y286K
MAANGSQRPIIAFMSDLGTTDDSVAQCKGLMHSICPGVTVVDVCHSMTPWDVEEGARYIVDLPRFFPEGTVFATTTYPATGTTTRSVAVRIRQAAKGGARGQWAGSGDGFERADGSYIYIAPNNGLLTTVLEEHGYIEAYEVTSTKVIPANPEPTFYSREMVAIPSAHLAAGFPLAEVGRRLDDSEIVRFHRPAVEISGEALSGVVTAIDHPFGNIWTNIHRTDLEKAGIGQGKHLKIILGDVLPFVAPLTPTFADAGAIGNIAFYLNSRGYLSLARNAASLAYPYNLKAGLKVRVEAR,-0.00861014171587593,-0.007651746871080611,-0.00813094429347827,D241G:E247V
MAANGSQRPIIAFMSDLGTTDDSVAQCKGLMHSICPGVTVVDVCHSMTPWDVEEGARYIVDLPRFFPEGTVFATTTYPATGTTTRSVAVRIRQAAKGGARGQWAGSGDGFERADGSYIYIAPNNGLLTTVLEEHGYIEAYEVTSTKVIPANPEPTFYSREMVAIPSAHLAAGFPLAEVGRRLDDSEIVRFHRPAVEISGEALSGVVTAIDHPFGNIWTNIHRTDLEKAGIGQGKHLKIILDDVLPFEAPLTPTFADAGAIGNIAFYLNSRGYLSLARNAASLAYRYPLKAGLKVRVEAR,-0.007651848936559347,-0.00821974125992897,-0.007935795098244158,P285R:N287P
MAANGSQRPIIAFMSDLGTTDDSVAQCKGLMHSICPGVTVVDVCHSMTPWDVEEGARYIVDLPRFFPEGTVFATTTYPATGTTTRSVAVRIRQAAKGGARGQWAGSGDGFERADGSYIYIAPNNGLLTTVLEEHGYIEAYEVTSTKVIPANPEPTFYSREMVAIPSAHLAAGFPLAEVGRRLDDSEIVRFHRPAVEISGEALSGVVTAIDHPFGNIWTNIHRTDLEKAGIGQGKHLTIILDDVLPFDAPLTPTFADAGAIGNIAFYLNSRGYLSLARNAASLAYPPNLKAGLKVRVEAR,-0.015413214131741348,-0.019074404917432952,-0.01724380952458715,K237T:E247D:Y286P
MAANGSQRPIIAFMSDLGTTDDSVAQCKGLMHSICPGVTVVDVCHSMTPWDVEEGARYIVDLPRFFPEGTVFATTTYPATGTTTRSVAVRIRQAAKGGARGQWAGSGDGFERADGSYIYIAPNNGLLTTVLEEHGYIEAYEVTSTKVIPANPEPTFYSREMVAIPSAHLAAGFPLAEVGRRLDDSEIVRFHRPAVEISGEALSGVVTAIDHPFGNIWTNIHRTDLEKAGIGQGKHLKIILDDVLPFEAPLTPTFADAGAIGNIAFYLNSRGYLSLARNAASLAYVARLKAGLKVRVEAR,-0.014430017375627102,-0.014496462002246968,-0.014463239688937035,P285V:Y286A:N287R
MAANGSQRPIIAFMSDLGTTDDSVAQCKGLMHSICPGVTVVDVCHSMTPWDVEEGARYIVDLPRFFPEGTVFATTTYPATGTTTRSVAVRIRQAAKGGARGQWAGSGDGFERADGSYIYIAPNNGLLTTVLEEHGYIEAYEVTSTKVIPANPEPTFYSREMVAIPSAHLAAGFPLAEVGRRLDDSEIVRFHRPAVEISGEALSGVVTAIDHPFGNIWTNIHRTDLEKAGIGQGKHLKIILDDVLPFEAPLTPTFADAGAIGNIAFYLNSRGYLSLARNAASLAYGYLLKAGLKVRVEAR,-0.015474249287991348,-0.014368267761026177,-0.014921258524508763,P285G:N287L
MAANGSQRPIIAFMSDLGTTDDSVAQCKGLMHSICPGVTVVDVCHSMTPWDVEEGARYIVDLPRFFPEGTVFATTTYPATGTTTRSVAVRIRQAAKGGARGQWAGSGDGFERADGSYIYIAPNNGLLTTVLEEHGYIEAYEVTSTKVIPANPEPTFYSREMVAIPSAHLAAGFPLAEVGRRLDDSEIVRFHRPAVEISGEALSGVVTAIDHPFGNIWTNIHRTDLEKAGIGQGKHLKIILDDVLPFSAPLTPTFADAGAIGNIAFYLNSRGYLSLARNAASLAYPYNLKAGLKVRVEAR,-0.0051750259654577135,-0.005106437963785515,-0.005140731964621614,E247S
MAANGSQRPIIAFMSDLGTTDDSVAQCKGLMHSICPGVTVVDVCHSMTPWDVEEGARYIVDLPRFFPEGTVFATTTYPATGTTTRSVAVRIRQAAKGGARGQWAGSGDGFERADGSYIYIAPNNGLLTTVLEEHGYIEAYEVTSTKVIPANPEPTFYSREMVAIPSAHLAAGFPLAEVGRRLDDSEIVRFHRPAVEISGEALSGVVTAIDHPFGNIWTNIHRTDLEKAGIGQGKHLKIILGDVLPFMAPLTPTFADAGAIGNIAFYLNSRGYLSLARNAASLAYPYLLKAGLKVRVEAR,-0.023323696991273124,-0.023122423867317998,-0.02322306042929556,D241G:E247M:N287L
MAANGSQRPIIAFMSDLGTTDDSVAQCKGLMHSICPGVTVVDVCHSMTPWDVEEGARYIVDLPRFFPEGTVFATTTYPATGTTTRSVAVRIRQAAKGGARGQWAGSGDGFERADGSYIYIAPNNGLLTTVLEEHGYIEAYEVTSTKVIPANPEPTFYSREMVAIPSAHLAAGFPLAEVGRRLDDSEIVRFHRPAVEISGEALSGVVTAIDHPFGNIWTNIHRTDLEKAGIGQGKHLKIILDDVLPFVAPLTPTFADAGAIGNIAFYLNSRGYLSLAFNAASLAYPYKLKAGLKVRVEAR,-0.021472841600909343,-0.020314296352424766,-0.020893568976667054,E247V:R277F:N287K
MAANGSQRPIIAFMSDLGTTDDSVAQCKGLMHSICPGVTVVDVCHSMTPWDVEEGARYIVDLPRFFPEGTVFATTTYPATGTTTRSVAVRIRQAAKGGARGQWAGSGDGFERADGSYIYIAPNNGLLTTVLEEHGYIEAYEVTSTKVIPANPEPTFYSREMVAIPSAHLAAGFPLAEVGRRLDDSEIVRFHRPAVEISGEALSGVVTAIDHPFGNIWTNIHRTDLEKAGIGQGKHLKIILDDVLPFNAPLTPTFADAGAIGNIAFYLNSRGYLSLAGNAASLAYPNNLKAGLKVRVEAR,-0.021872121753501395,-0.02402703020484953,-0.022949575979175463,E247N:R277G:Y286N
MAANGSQRPIIAFMSDLGTTDDSVAQCKGLMHSICPGVTVVDVCHSMTPWDVEEGARYIVDLPRFFPEGTVFATTTYPATGTTTRSVAVRIRQAAKGGARGQWAGSGDGFERADGSYIYIAPNNGLLTTVLEEHGYIEAYEVTSTKVIPANPEPTFYSREMVAIPSAHLAAGFPLAEVGRRLDDSEIVRFHRPAVEISGEALSGVVTAIDHPFGNIWTNIHRTDLEKAGIGQGKHLKIILDDVLPFDAPLTPTFADAGAIGNIAFYLNSRGYLSLARNAASLAYPYNLKAGLKVRVEAR,-0.0024749857924855068,-0.003051247485106545,-0.002763116638796026,E247D
MAANGSQRPIIAFMSDLGTTDDSVAQCKGLMHSICPGVTVVDVCHSMTPWDVEEGARYIVDLPRFFPEGTVFATTTYPATGTTTRSVAVRIRQAAKGGARGQWAGSGDGFERADGSYIYIAPNNGLLTTVLEEHGYIEAYEVTSTKVIPANPEPTFYSREMVAIPSAHLAAGFPLAEVGRRLDDSEIVRFHRPAVEISGEALSGVVTAIDHPFGNIWTNIHRTDLEKAGIGQGKHLKIILDDVLPFYAPLTPTFADAGAIGNIAFYLNSRGYLSLARNAASLAYDYNLKAGLKVRVEAR,-0.014013181960702337,-0.013488667465771265,-0.0137509247132368,E247Y:P285D
MAANGSQRPIIAFMSDLGTTDDSVAQCKGLMHSICPGVTVVDVCHSMTPWDVEEGARYIVDLPRFFPEGTVFATTTYPATGTTTRSVAVRIRQAAKGGARGQWAGSGDGFERADGSYIYIAPNNGLLTTVLEEHGYIEAYEVTSTKVIPANPEPTFYSREMVAIPSAHLAAGFPLAEVGRRLDDSEIVRFHRPAVEISGEALSGVVTAIDHPFGNIWTNIHRTDLEKAGIGQGKHLKIILEDVLPFLAPLTPTFADAGAIGNIAFYLNSRGYLSLARNAASLAYPINLKAGLKVRVEAR,-0.0191269686389528,-0.021010893244408413,-0.020068930941680607,D241E:E247L:Y286I
MAANGSQRPIIAFMSDLGTTDDSVAQCKGLMHSICPGVTVVDVCHSMTPWDVEEGARYIVDLPRFFPEGTVFATTTYPATGTTTRSVAVRIRQAAKGGARGQWAGSGDGFERADGSYIYIAPNNGLLTTVLEEHGYIEAYEVTSTKVIPANPEPTFYSREMVAIPSAHLAAGFPLAEVGRRLDDSEIVRFHRPAVEISGEALSGVVTAIDHPFGNIWTNIHRTDLEKAGIGQGKHLKIILDDVLPFEAPLTPTFADAGAIGNIAFYLNSRGYLSLARNAASLAYPPHLKAGLKVRVEAR,-0.018025682124007236,-0.01749841186115164,-0.01776204699257944,Y286P:N287H
MAANGSQRPIIAFMSDLGTTDDSVAQCKGLMHSICPGVTVVDVCHSMTPWDVEEGARYIVDLPRFFPEGTVFATTTYPATGTTTRSVAVRIRQAAKGGARGQWAGSGDGFERADGSYIYIAPNNGLLTTVLEEHGYIEAYEVTSTKVIPANPEPTFYSREMVAIPSAHLAAGFPLAEVGRRLDDSEIVRFHRPAVEISGEALSGVVTAIDHPFGNIWTNIHRTDLEKAGIGQGKHLKIILDDVLPFEAPLTPTFADAGAIGNIAFYLNSRGYLSLAWNAASLAYPSKLKAGLKVRVEAR,-0.027155235060880134,-0.02739804883465724,-0.027276641947768687,R277W:Y286S:N287K
MAANGSQRPIIAFMSDLGTTDDSVAQCKGLMHSICPGVTVVDVCHSMTPWDVEEGARYIVDLPRFFPEGTVFATTTYPATGTTTRSVAVRIRQAAKGGARGQWAGSGDGFERADGSYIYIAPNNGLLTTVLEEHGYIEAYEVTSTKVIPANPEPTFYSREMVAIPSAHLAAGFPLAEVGRRLDDSEIVRFHRPAVEISGEALSGVVTAIDHPFGNIWTNIHRTDLEKAGIGQGKHLKIILDDVLPFEAPLTPTFADAGAIGNIAFYLNSRGYLSLAFNAASLAYPYLLKAGLKVRVEAR,-0.019902360080476633,-0.019293131238242056,-0.019597745659359345,R277F:N287L
MAANGSQRPIIAFMSDLGTTDDSVAQCKGLMHSICPGVTVVDVCHSMTPWDVEEGARYIVDLPRFFPEGTVFATTTYPATGTTTRSVAVRIRQAAKGGARGQWAGSGDGFERADGSYIYIAPNNGLLTTVLEEHGYIEAYEVTSTKVIPANPEPTFYSREMVAIPSAHLAAGFPLAEVGRRLDDSEIVRFHRPAVEISGEALSGVVTAIDHPFGNIWTNIHRTDLEKAGIGQGKHLKIILDDVLPFEAPLTPTFADAGAIGNIAFYLNSRGYLSLARNAASLAYLINLKAGLKVRVEAR,-0.007233788735890423,-0.007069871577132014,-0.0071518301565112186,P285L:Y286I
MAANGSQRPIIAFMSDLGTTDDSVAQCKGLMHSICPGVTVVDVCHSMTPWDVEEGARYIVDLPRFFPEGTVFATTTYPATGTTTRSVAVRIRQAAKGGARGQWAGSGDGFERADGSYIYIAPNNGLLTTVLEEHGYIEAYEVTSTKVIPANPEPTFYSREMVAIPSAHLAAGFPLAEVGRRLDDSEIVRFHRPAVEISGEALSGVVTAIDHPFGNIWTNIHRTDLEKAGIGQGKHLQIILEDVLPFEAPLTPTFADAGAIGNIAFYLNSRGYLSLAFNAASLAYQINLKAGLKVRVEAR,-0.026291250783862852,-0.028914843913304678,-0.027603047348583765,K237Q:D241E:R277F:P285Q:Y286I
MAANGSQRPIIAFMSDLGTTDDSVAQCKGLMHSICPGVTVVDVCHSMTPWDVEEGARYIVDLPRFFPEGTVFATTTYPATGTTTRSVAVRIRQAAKGGARGQWAGSGDGFERADGSYIYIAPNNGLLTTVLEEHGYIEAYEVTSTKVIPANPEPTFYSREMVAIPSAHLAAGFPLAEVGRRLDDSEIVRFHRPAVEISGEALSGVVTAIDHPFGNIWTNIHRTDLEKAGIGQGKHLKIILDDVLPFEAPLTPTFADAGAIGNIAFYLNSRGYLSLARNAASLAYPYTLKAGLKVRVEAR,-0.010575616638796026,-0.009811554465405381,-0.010193585552100703,N287T
MAANGSQRPIIAFMSDLGTTDDSVAQCKGLMHSICPGVTVVDVCHSMTPWDVEEGARYIVDLPRFFPEGTVFATTTYPATGTTTRSVAVRIRQAAKGGARGQWAGSGDGFERADGSYIYIAPNNGLLTTVLEEHGYIEAYEVTSTKVIPANPEPTFYSREMVAIPSAHLAAGFPLAEVGRRLDDSEIVRFHRPAVEISGEALSGVVTAIDHPFGNIWTNIHRTDLEKAGIGQGKHLMIILIDVLPFEAPLTPTFADAGAIGNIAFYLNSRGYLSLARNAASLAYSYALKAGLKVRVEAR,-0.026358920196227098,-0.028720817438335988,-0.027539868817281543,K237M:D241I:P285S:N287A
MAANGSQRPIIAFMSDLGTTDDSVAQCKGLMHSICPGVTVVDVCHSMTPWDVEEGARYIVDLPRFFPEGTVFATTTYPATGTTTRSVAVRIRQAAKGGARGQWAGSGDGFERADGSYIYIAPNNGLLTTVLEEHGYIEAYEVTSTKVIPANPEPTFYSREMVAIPSAHLAAGFPLAEVGRRLDDSEIVRFHRPAVEISGEALSGVVTAIDHPFGNIWTNIHRTDLEKAGIGQGKHLIIILDDVLPFIAPLTPTFADAGAIGNIAFYLNSRGYLSLAVNAASLAYPTSLKAGLKVRVEAR,-0.03285375486648201,-0.027331195946122433,-0.03009247540630222,K237I:E247I:R277V:Y286T:N287S
MAANGSQRPIIAFMSDLGTTDDSVAQCKGLMHSICPGVTVVDVCHSMTPWDVEEGARYIVDLPRFFPEGTVFATTTYPATGTTTRSVAVRIRQAAKGGARGQWAGSGDGFERADGSYIYIAPNNGLLTTVLEEHGYIEAYEVTSTKVIPANPEPTFYSREMVAIPSAHLAAGFPLAEVGRRLDDSEIVRFHRPAVEISGEALSGVVTAIDHPFGNIWTNIHRTDLEKAGIGQGKHLNIILDDVLPFNAPLTPTFADAGAIGNIAFYLNSRGYLSLARNAASLAYPLTLKAGLKVRVEAR,-0.025575363516408878,-0.025777861426107718,-0.025676612471258298,K237N:E247N:Y286L:N287T
MAANGSQRPIIAFMSDLGTTDDSVAQCKGLMHSICPGVTVVDVCHSMTPWDVEEGARYIVDLPRFFPEGTVFATTTYPATGTTTRSVAVRIRQAAKGGARGQWAGSGDGFERADGSYIYIAPNNGLLTTVLEEHGYIEAYEVTSTKVIPANPEPTFYSREMVAIPSAHLAAGFPLAEVGRRLDDSEIVRFHRPAVEISGEALSGVVTAIDHPFGNIWTNIHRTDLEKAGIGQGKHLKIILDDVLPFEAPLTPTFADAGAIGNIAFYLNSRGYLSLARNAASLAYPYYLKAGLKVRVEAR,-0.01427865427074626,-0.01381078611648201,-0.014044720193614135,N287Y
MAANGSQRPIIAFMSDLGTTDDSVAQCKGLMHSICPGVTVVDVCHSMTPWDVEEGARYIVDLPRFFPEGTVFATTTYPATGTTTRSVAVRIRQAAKGGARGQWAGSGDGFERADGSYIYIAPNNGLLTTVLEEHGYIEAYEVTSTKVIPANPEPTFYSREMVAIPSAHLAAGFPLAEVGRRLDDSEIVRFHRPAVEISGEALSGVVTAIDHPFGNIWTNIHRTDLEKAGIGQGKHLKIILHDVLPFEAPLTPTFADAGAIGNIAFYLNSRGYLSLAWNAASLAYNYNLKAGLKVRVEAR,-0.025266921639841122,-0.025945248811141353,-0.025606085225491237,D241H:R277W:P285N
MAANGSQRPIIAFMSDLGTTDDSVAQCKGLMHSICPGVTVVDVCHSMTPWDVEEGARYIVDLPRFFPEGTVFATTTYPATGTTTRSVAVRIRQAAKGGARGQWAGSGDGFERADGSYIYIAPNNGLLTTVLEEHGYIEAYEVTSTKVIPANPEPTFYSREMVAIPSAHLAAGFPLAEVGRRLDDSEIVRFHRPAVEISGEALSGVVTAIDHPFGNIWTNIHRTDLEKAGIGQGKHLYIILDDVLPFEAPLTPTFADAGAIGNIAFYLNSRGYLSLAMNAASLAYSYNLKAGLKVRVEAR,-0.016480614907765423,-0.01848130242082968,-0.017480958664297552,K237Y:R277M:P285S
MAANGSQRPIIAFMSDLGTTDDSVAQCKGLMHSICPGVTVVDVCHSMTPWDVEEGARYIVDLPRFFPEGTVFATTTYPATGTTTRSVAVRIRQAAKGGARGQWAGSGDGFERADGSYIYIAPNNGLLTTVLEEHGYIEAYEVTSTKVIPANPEPTFYSREMVAIPSAHLAAGFPLAEVGRRLDDSEIVRFHRPAVEISGEALSGVVTAIDHPFGNIWTNIHRTDLEKAGIGQGKHLLIILDDVLPFRAPLTPTFADAGAIGNIAFYLNSRGYLSLARNAASLAYPPSLKAGLKVRVEAR,-0.02572376672240817,-0.027914091894857718,-0.026818929308632944,K237L:E247R:Y286P:N287S
MAANGSQRPIIAFMSDLGTTDDSVAQCKGLMHSICPGVTVVDVCHSMTPWDVEEGARYIVDLPRFFPEGTVFATTTYPATGTTTRSVAVRIRQAAKGGARGQWAGSGDGFERADGSYIYIAPNNGLLTTVLEEHGYIEAYEVTSTKVIPANPEPTFYSREMVAIPSAHLAAGFPLAEVGRRLDDSEIVRFHRPAVEISGEALSGVVTAIDHPFGNIWTNIHRTDLEKAGIGQGKHLKIILSDVLPFEAPLTPTFADAGAIGNIAFYLNSRGYLSLARNAASLAYPYMLKAGLKVRVEAR,-0.019652401723192048,-0.019481850308319393,-0.01956712601575572,D241S:N287M
MAANGSQRPIIAFMSDLGTTDDSVAQCKGLMHSICPGVTVVDVCHSMTPWDVEEGARYIVDLPRFFPEGTVFATTTYPATGTTTRSVAVRIRQAAKGGARGQWAGSGDGFERADGSYIYIAPNNGLLTTVLEEHGYIEAYEVTSTKVIPANPEPTFYSREMVAIPSAHLAAGFPLAEVGRRLDDSEIVRFHRPAVEISGEALSGVVTAIDHPFGNIWTNIHRTDLEKAGIGQGKHLKIILDDVLPFEAPLTPTFADAGAIGNIAFYLNSRGYLSLARNAASLAYPLVLKAGLKVRVEAR,-0.01565296594115817,-0.01500097166335701,-0.01532696880225759,Y286L:N287V
MAANGSQRPIIAFMSDLGTTDDSVAQCKGLMHSICPGVTVVDVCHSMTPWDVEEGARYIVDLPRFFPEGTVFATTTYPATGTTTRSVAVRIRQAAKGGARGQWAGSGDGFERADGSYIYIAPNNGLLTTVLEEHGYIEAYEVTSTKVIPANPEPTFYSREMVAIPSAHLAAGFPLAEVGRRLDDSEIVRFHRPAVEISGEALSGVVTAIDHPFGNIWTNIHRTDLEKAGIGQGKHLKIILVDVLPFVAPLTPTFADAGAIGNIAFYLNSRGYLSLASNAASLAYPLPLKAGLKVRVEAR,-0.032398849028010046,-0.03199609864914299,-0.03219747383857652,D241V:E247V:R277S:Y286L:N287P
MAANGSQRPIIAFMSDLGTTDDSVAQCKGLMHSICPGVTVVDVCHSMTPWDVEEGARYIVDLPRFFPEGTVFATTTYPATGTTTRSVAVRIRQAAKGGARGQWAGSGDGFERADGSYIYIAPNNGLLTTVLEEHGYIEAYEVTSTKVIPANPEPTFYSREMVAIPSAHLAAGFPLAEVGRRLDDSEIVRFHRPAVEISGEALSGVVTAIDHPFGNIWTNIHRTDLEKAGIGQGKHLKIILDDVLPFEAPLTPTFADAGAIGNIAFYLNSRGYLSLARNAASLAYPVDLKAGLKVRVEAR,-0.014413074506166357,-0.014625983094690653,-0.014519528800428505,Y286V:N287D
MAANGSQRPIIAFMSDLGTTDDSVAQCKGLMHSICPGVTVVDVCHSMTPWDVEEGARYIVDLPRFFPEGTVFATTTYPATGTTTRSVAVRIRQAAKGGARGQWAGSGDGFERADGSYIYIAPNNGLLTTVLEEHGYIEAYEVTSTKVIPANPEPTFYSREMVAIPSAHLAAGFPLAEVGRRLDDSEIVRFHRPAVEISGEALSGVVTAIDHPFGNIWTNIHRTDLEKAGIGQGKHLQIILRDVLPFWAPLTPTFADAGAIGNIAFYLNSRGYLSLARNAASLAYFANLKAGLKVRVEAR,-0.03264227519465934,-0.03359352545594674,-0.03311790032530304,K237Q:D241R:E247W:P285F:Y286A
MAANGSQRPIIAFMSDLGTTDDSVAQCKGLMHSICPGVTVVDVCHSMTPWDVEEGARYIVDLPRFFPEGTVFATTTYPATGTTTRSVAVRIRQAAKGGARGQWAGSGDGFERADGSYIYIAPNNGLLTTVLEEHGYIEAYEVTSTKVIPANPEPTFYSREMVAIPSAHLAAGFPLAEVGRRLDDSEIVRFHRPAVEISGEALSGVVTAIDHPFGNIWTNIHRTDLEKAGIGQGKHLKIILSDVLPFEAPLTPTFADAGAIGNIAFYLNSRGYLSLARNAASLAYPYHLKAGLKVRVEAR,-0.012886685272523124,-0.012927205267558417,-0.01290694527004077,D241S:N287H
MAANGSQRPIIAFMSDLGTTDDSVAQCKGLMHSICPGVTVVDVCHSMTPWDVEEGARYIVDLPRFFPEGTVFATTTYPATGTTTRSVAVRIRQAAKGGARGQWAGSGDGFERADGSYIYIAPNNGLLTTVLEEHGYIEAYEVTSTKVIPANPEPTFYSREMVAIPSAHLAAGFPLAEVGRRLDDSEIVRFHRPAVEISGEALSGVVTAIDHPFGNIWTNIHRTDLEKAGIGQGKHLKIILDDVLPFEAPLTPTFADAGAIGNIAFYLNSRGYLSLARNAASLAYRYTLKAGLKVRVEAR,-0.00916915434260046,-0.009140371877612852,-0.009154763110106656,P285R:N287T
MAANGSQRPIIAFMSDLGTTDDSVAQCKGLMHSICPGVTVVDVCHSMTPWDVEEGARYIVDLPRFFPEGTVFATTTYPATGTTTRSVAVRIRQAAKGGARGQWAGSGDGFERADGSYIYIAPNNGLLTTVLEEHGYIEAYEVTSTKVIPANPEPTFYSREMVAIPSAHLAAGFPLAEVGRRLDDSEIVRFHRPAVEISGEALSGVVTAIDHPFGNIWTNIHRTDLEKAGIGQGKHLKIILDDVLPFHAPLTPTFADAGAIGNIAFYLNSRGYLSLAFNAASLAYPYKLKAGLKVRVEAR,-0.023845251587322425,-0.023505985936193463,-0.023675618761757944,E247H:R277F:N287K
MAANGSQRPIIAFMSDLGTTDDSVAQCKGLMHSICPGVTVVDVCHSMTPWDVEEGARYIVDLPRFFPEGTVFATTTYPATGTTTRSVAVRIRQAAKGGARGQWAGSGDGFERADGSYIYIAPNNGLLTTVLEEHGYIEAYEVTSTKVIPANPEPTFYSREMVAIPSAHLAAGFPLAEVGRRLDDSEIVRFHRPAVEISGEALSGVVTAIDHPFGNIWTNIHRTDLEKAGIGQGKHLKIILDDVLPFRAPLTPTFADAGAIGNIAFYLNSRGYLSLAFNAASLAYPPDLKAGLKVRVEAR,-0.03066026566419322,-0.03108230641853038,-0.0308712860413618,E247R:R277F:Y286P:N287D
MAANGSQRPIIAFMSDLGTTDDSVAQCKGLMHSICPGVTVVDVCHSMTPWDVEEGARYIVDLPRFFPEGTVFATTTYPATGTTTRSVAVRIRQAAKGGARGQWAGSGDGFERADGSYIYIAPNNGLLTTVLEEHGYIEAYEVTSTKVIPANPEPTFYSREMVAIPSAHLAAGFPLAEVGRRLDDSEIVRFHRPAVEISGEALSGVVTAIDHPFGNIWTNIHRTDLEKAGIGQGKHLKIILDDVLPFEAPLTPTFADAGAIGNIAFYLNSRGYLSLARNAASLAYTYTLKAGLKVRVEAR,-0.009649372419784807,-0.00887724707357851,-0.009263309746681658,P285T:N287T
MAANGSQRPIIAFMSDLGTTDDSVAQCKGLMHSICPGVTVVDVCHSMTPWDVEEGARYIVDLPRFFPEGTVFATTTYPATGTTTRSVAVRIRQAAKGGARGQWAGSGDGFERADGSYIYIAPNNGLLTTVLEEHGYIEAYEVTSTKVIPANPEPTFYSREMVAIPSAHLAAGFPLAEVGRRLDDSEIVRFHRPAVEISGEALSGVVTAIDHPFGNIWTNIHRTDLEKAGIGQGKHLYIILDDVLPFEAPLTPTFADAGAIGNIAFYLNSRGYLSLALNAASLAYPYNLKAGLKVRVEAR,-0.011307119924487852,-0.011003781321853978,-0.011155450623170915,K237Y:R277L
MAANGSQRPIIAFMSDLGTTDDSVAQCKGLMHSICPGVTVVDVCHSMTPWDVEEGARYIVDLPRFFPEGTVFATTTYPATGTTTRSVAVRIRQAAKGGARGQWAGSGDGFERADGSYIYIAPNNGLLTTVLEEHGYIEAYEVTSTKVIPANPEPTFYSREMVAIPSAHLAAGFPLAEVGRRLDDSEIVRFHRPAVEISGEALSGVVTAIDHPFGNIWTNIHRTDLEKAGIGQGKHLKIILDDVLPFAAPLTPTFADAGAIGNIAFYLNSRGYLSLAINAASLAYIKNLKAGLKVRVEAR,-0.023279910900919853,-0.02340994232075655,-0.0233449266108382,E247A:R277I:P285I:Y286K
MAANGSQRPIIAFMSDLGTTDDSVAQCKGLMHSICPGVTVVDVCHSMTPWDVEEGARYIVDLPRFFPEGTVFATTTYPATGTTTRSVAVRIRQAAKGGARGQWAGSGDGFERADGSYIYIAPNNGLLTTVLEEHGYIEAYEVTSTKVIPANPEPTFYSREMVAIPSAHLAAGFPLAEVGRRLDDSEIVRFHRPAVEISGEALSGVVTAIDHPFGNIWTNIHRTDLEKAGIGQGKHLLIILADVLPFEAPLTPTFADAGAIGNIAFYLNSRGYLSLARNAASLAYDCNLKAGLKVRVEAR,-0.01977304311899042,-0.020850956639318463,-0.02031199987915444,K237L:D241A:P285D:Y286C
MAANGSQRPIIAFMSDLGTTDDSVAQCKGLMHSICPGVTVVDVCHSMTPWDVEEGARYIVDLPRFFPEGTVFATTTYPATGTTTRSVAVRIRQAAKGGARGQWAGSGDGFERADGSYIYIAPNNGLLTTVLEEHGYIEAYEVTSTKVIPANPEPTFYSREMVAIPSAHLAAGFPLAEVGRRLDDSEIVRFHRPAVEISGEALSGVVTAIDHPFGNIWTNIHRTDLEKAGIGQGKHLKIILSDVLPFSAPLTPTFADAGAIGNIAFYLNSRGYLSLALNAASLAYHLNLKAGLKVRVEAR,-0.0191420743297972,-0.022751211721362852,-0.020946643025580025,D241S:E247S:R277L:P285H:Y286L
